id_venda,data_venda,produto,categoria,marca,preco_unitario,quantidade,desconto,regiao,estado,forma_pagamento,canal_venda
1,2024-01-01,Moto G84,Smartphones,Motorola,1463.13,1,0.0,Sul,RS,Cartão de Crédito,Loja Física
2,2024-01-01,Moto G84,Smartphones,Motorola,1567.13,1,0.1,Sudeste,SP,Cartão de Crédito,Online
3,2024-01-02,MacBook Air M2,Notebooks,Apple,8741.5,1,0.0,Sul,RS,Cartão de Crédito,Loja Física
4,2024-01-02,JBL Charge 5,Áudio,JBL,949.9,1,0.05,Sul,RS,Cartão de Crédito,Loja Física
5,2024-01-02,Inspiron 15,Notebooks,Dell,3533.49,2,0.05,Sul,SC,Cartão de Crédito,Online
6,2024-01-02,"Smart TV 50"" 4K",TVs,Samsung,2796.42,1,0.0,Sudeste,RJ,Boleto,Loja Física
7,2024-01-03,AirPods Pro,Áudio,Apple,1878.37,1,0.0,Sul,PR,Cartão de Crédito,Loja Física
8,2024-01-03,"Smart TV 50"" 4K",TVs,Samsung,2721.57,1,0.0,Sudeste,SP,Boleto,Online
9,2024-01-05,Cabo USB-C 2m,Acessórios,Baseus,39.46,5,0.15,Sudeste,SP,Pix,Online
10,2024-01-05,Cabo USB-C 2m,Acessórios,Baseus,39.06,3,0.0,Nordeste,CE,Cartão de Crédito,Loja Física
11,2024-01-05,Carregador Turbo 65W,Acessórios,Anker,154.19,4,0.0,Sudeste,SP,Cartão de Crédito,Online
12,2024-01-05,Redmi Note 13,Smartphones,Xiaomi,1663.96,1,0.05,Sudeste,SP,Cartão de Crédito,Online
13,2024-01-05,Fone Bluetooth Redmi Buds,Áudio,Xiaomi,192.39,1,0.05,Centro-Oeste,MT,Pix,Online
14,2024-01-05,"Smart TV 43"" Full HD",TVs,TCL,1626.28,1,0.0,Sudeste,RJ,Cartão de Débito,Online
15,2024-01-06,Aspire 5,Notebooks,Acer,2849.77,1,0.0,Sudeste,SP,Pix,Loja Física
16,2024-01-06,Mi Band 8,Wearables,Xiaomi,304.07,2,0.0,Sudeste,MG,Pix,Online
17,2024-01-06,Galaxy Watch 6,Wearables,Samsung,1779.73,1,0.0,Nordeste,PI,Cartão de Crédito,Online
18,2024-01-08,"Smart TV 50"" 4K",TVs,Samsung,2754.07,1,0.05,Sul,PR,Cartão de Débito,Online
19,2024-01-08,Moto G84,Smartphones,Motorola,1505.75,1,0.1,Norte,PA,Boleto,Online
20,2024-01-08,iPhone 15,Smartphones,Apple,5634.95,1,0.15,Sul,SC,Boleto,Online
21,2024-01-08,Galaxy S24,Smartphones,Samsung,4828.73,1,0.05,Nordeste,BA,Pix,Online
22,2024-01-09,Inspiron 15,Notebooks,Dell,3433.44,2,0.1,Centro-Oeste,DF,Cartão de Crédito,Loja Física
23,2024-01-10,Cabo USB-C 2m,Acessórios,Baseus,39.56,2,0.0,Sudeste,RJ,Cartão de Crédito,Loja Física
24,2024-01-12,Carregador Turbo 65W,Acessórios,Anker,148.24,4,0.1,Sul,RS,Boleto,Online
25,2024-01-12,AirPods Pro,Áudio,Apple,1937.25,2,0.0,Sul,SC,Cartão de Crédito,Loja Física
26,2024-01-12,Moto G84,Smartphones,Motorola,1571.67,1,0.0,Nordeste,PI,Cartão de Crédito,Online
27,2024-01-12,Cabo USB-C 2m,Acessórios,Baseus,40.69,3,0.1,Nordeste,BA,Pix,Loja Física
28,2024-01-13,Carregador Turbo 65W,Acessórios,Anker,150.51,3,0.0,Sul,RS,Cartão de Crédito,Online
29,2024-01-13,PlayStation 5,Games,Sony,3843.91,2,0.0,Sul,SC,Pix,Online
30,2024-01-13,Carregador Turbo 65W,Acessórios,Anker,152.01,2,0.0,Sul,PR,Pix,Loja Física
31,2024-01-13,Moto G84,Smartphones,Motorola,1521.57,1,0.15,Sul,SC,Cartão de Crédito,Loja Física
32,2024-01-13,Moto G84,Smartphones,Motorola,1503.7,1,0.0,Centro-Oeste,DF,Pix,Online
33,2024-01-13,Carregador Turbo 65W,Acessórios,Anker,150.7,4,0.1,Centro-Oeste,GO,Cartão de Crédito,Loja Física
34,2024-01-15,Mouse Sem Fio,Acessórios,Logitech,134.77,5,0.0,Sudeste,RJ,,Online
35,2024-01-15,Moto G84,Smartphones,Motorola,1443.07,1,0.0,Sudeste,SP,Cartão de Crédito,Online
36,2024-01-15,Mouse Sem Fio,Acessórios,Logitech,124.45,1,0.0,Sudeste,SP,Cartão de Crédito,Online
37,2024-01-16,Fone Bluetooth Redmi Buds,Áudio,Xiaomi,193.24,1,0.0,Nordeste,CE,Cartão de Crédito,Online
38,2024-01-17,Nintendo Switch,Games,Nintendo,2766.84,1,0.0,Sudeste,MG,Cartão de Crédito,Online
39,2024-01-17,Galaxy S24,Smartphones,Samsung,4660.57,1,0.0,Sudeste,MG,Cartão de Crédito,Online
40,2024-01-17,Redmi Note 13,Smartphones,Xiaomi,1720.73,3,0.0,Sudeste,SP,Cartão de Crédito,Loja Física
41,2024-01-18,"Smart TV 43"" Full HD",TVs,TCL,1772.44,1,0.0,Sudeste,RJ,Cartão de Crédito,Online
42,2024-01-18,Redmi Note 13,Smartphones,Xiaomi,1662.61,2,0.05,Sudeste,MG,Pix,Loja Física
43,2024-01-19,Mi Band 8,Wearables,Xiaomi,292.63,2,0.0,Sudeste,SP,Pix,Online
44,2024-01-19,Nintendo Switch,Games,Nintendo,2724.31,1,0.0,Sudeste,ES,Cartão de Débito,Online
45,2024-01-19,"Smart TV 43"" Full HD",TVs,TCL,1756.45,3,0.05,Nordeste,CE,Pix,Loja Física
46,2024-01-19,Fone Bluetooth Redmi Buds,Áudio,Xiaomi,200.16,1,0.05,Sudeste,SP,Pix,Online
47,2024-01-20,Carregador Turbo 65W,Acessórios,Anker,141.62,4,0.0,Sudeste,MG,Cartão de Crédito,Online
48,2024-01-20,Mi Band 8,Wearables,Xiaomi,307.15,1,0.0,Sudeste,RJ,Boleto,Online
49,2024-01-21,JBL Charge 5,Áudio,JBL,1045.15,3,0.1,Sudeste,SP,Cartão de Débito,Loja Física
50,2024-01-22,Aspire 5,Notebooks,Acer,2893.94,1,0.0,Nordeste,PE,Cartão de Crédito,Online
51,2024-01-22,Moto G84,Smartphones,Motorola,1426.49,2,0.0,Sul,PR,Cartão de Débito,Online
52,2024-01-22,Redmi Note 13,Smartphones,Xiaomi,1618.82,1,0.0,Sul,PR,Pix,Online
53,2024-01-23,"Smart TV 50"" 4K",TVs,Samsung,2833.6,1,0.0,Sudeste,SP,Cartão de Crédito,Online
54,2024-01-23,iPhone 15,Smartphones,Apple,5549.12,1,0.05,Sul,PR,Cartão de Crédito,Online
55,2024-01-23,Inspiron 15,Notebooks,Dell,3580.6,2,0.15,Nordeste,PI,Pix,Online
56,2024-01-24,Cabo USB-C 2m,Acessórios,Baseus,38.01,2,0.05,Sudeste,MG,Cartão de Crédito,Online
57,2024-01-24,Cabo USB-C 2m,Acessórios,Baseus,37.42,1,0.0,Sudeste,RJ,Cartão de Crédito,Online
58,2024-01-24,Inspiron 15,Notebooks,Dell,3496.23,1,0.0,Sudeste,SP,Cartão de Crédito,Loja Física
59,2024-01-25,Inspiron 15,Notebooks,Dell,3522.53,1,0.15,Nordeste,PE,Cartão de Crédito,Online
60,2024-01-25,Carregador Turbo 65W,Acessórios,Anker,147.28,2,0.0,Norte,PA,Cartão de Crédito,Online
61,2024-01-25,Inspiron 15,Notebooks,Dell,3341.81,2,0.0,Sudeste,SP,Cartão de Crédito,Online
62,2024-01-25,Mouse Sem Fio,Acessórios,Logitech,128.06,1,0.0,Norte,PA,Cartão de Crédito,Loja Física
63,2024-01-26,Carregador Turbo 65W,Acessórios,Anker,148.78,5,0.0,Sudeste,SP,Cartão de Crédito,Loja Física
64,2024-01-26,"Smart TV 50"" 4K",TVs,Samsung,2802.83,1,0.1,Sudeste,SP,Boleto,Online
65,2024-01-26,AirPods Pro,Áudio,Apple,1841.29,1,0.0,Sudeste,SP,Cartão de Crédito,Online
66,2024-01-26,Aspire 5,Notebooks,Acer,2863.38,1,0.1,Sudeste,MG,Cartão de Crédito,Loja Física
67,2024-01-26,"Smart TV 50"" 4K",TVs,Samsung,2848.73,1,0.1,Sul,PR,Cartão de Crédito,Loja Física
68,2024-01-27,Teclado Mecânico,Acessórios,Redragon,247.51,3,0.0,Sudeste,RJ,Cartão de Crédito,Loja Física
69,2024-01-28,Cabo USB-C 2m,Acessórios,Baseus,40.84,2,0.05,Sudeste,SP,Cartão de Crédito,Online
70,2024-01-28,Carregador Turbo 65W,Acessórios,Anker,150.59,3,0.05,Nordeste,PE,Cartão de Crédito,Online
71,2024-01-28,Carregador Turbo 65W,Acessórios,Anker,150.25,2,0.0,Centro-Oeste,GO,Pix,Online
72,2024-01-29,Cabo USB-C 2m,Acessórios,Baseus,40.23,1,0.1,Sudeste,SP,Cartão de Crédito,Online
73,2024-01-30,Fone Bluetooth Redmi Buds,Áudio,Xiaomi,207.93,2,0.1,Centro-Oeste,GO,Cartão de Crédito,Loja Física
74,2024-01-31,Cabo USB-C 2m,Acessórios,Baseus,38.26,2,0.0,Norte,AM,Cartão de Crédito,Loja Física
75,2024-01-31,"Smart TV 50"" 4K",TVs,Samsung,2808.6,1,0.0,Nordeste,PE,Pix,Loja Física
76,2024-01-31,Fone Bluetooth Redmi Buds,Áudio,Xiaomi,201.62,1,0.0,Norte,PA,Cartão de Crédito,Online
77,2024-02-01,Redmi Note 13,Smartphones,Xiaomi,1675.48,1,0.05,Sudeste,SP,Pix,Online
78,2024-02-02,Carregador Turbo 65W,Acessórios,Anker,156.29,3,0.0,Sudeste,SP,Boleto,Online
79,2024-02-02,Carregador Turbo 65W,Acessórios,Anker,145.85,2,0.0,Sudeste,SP,Cartão de Crédito,Loja Física
80,2024-02-02,Fone Bluetooth Redmi Buds,Áudio,Xiaomi,202.23,1,0.0,Sudeste,SP,Cartão de Débito,Online
81,2024-02-02,Galaxy Watch 6,Wearables,Samsung,1817.0,1,0.1,Nordeste,CE,Cartão de Crédito,Online
82,2024-02-02,Redmi Note 13,Smartphones,Xiaomi,1762.64,1,0.05,Nordeste,BA,Pix,Loja Física
83,2024-02-02,"Smart TV 43"" Full HD",TVs,TCL,1694.89,1,0.1,Norte,AM,Cartão de Débito,Online
84,2024-02-03,Mouse Sem Fio,Acessórios,Logitech,133.85,3,0.0,Nordeste,PE,Boleto,Online
85,2024-02-03,JBL Charge 5,Áudio,JBL,1019.97,1,0.0,Sudeste,MG,Cartão de Crédito,Loja Física
86,2024-02-03,Mouse Sem Fio,Acessórios,Logitech,127.17,2,0.1,Sul,PR,Pix,Online
87,2024-02-04,Moto G84,Smartphones,Motorola,1429.53,1,0.0,Norte,PA,Cartão de Crédito,Online
88,2024-02-04,Teclado Mecânico,Acessórios,Redragon,250.13,3,0.0,Sudeste,RJ,Boleto,Online
89,2024-02-04,"Smart TV 50"" 4K",TVs,Samsung,2821.04,1,0.0,Sudeste,RJ,Cartão de Crédito,Loja Física
90,2024-02-05,MacBook Air M2,Notebooks,Apple,8565.5,1,0.0,Nordeste,BA,Pix,Loja Física
91,2024-02-05,Moto G84,Smartphones,Motorola,1502.08,1,0.0,Sudeste,RJ,Pix,Online
92,2024-02-06,Cabo USB-C 2m,Acessórios,Baseus,40.43,5,0.05,Nordeste,PE,Pix,Online
93,2024-02-06,Cabo USB-C 2m,Acessórios,Baseus,39.84,1,0.1,Sudeste,SP,Cartão de Débito,Online
94,2024-02-06,Fone Bluetooth Redmi Buds,Áudio,Xiaomi,200.72,1,0.0,Centro-Oeste,GO,Cartão de Crédito,Online
95,2024-02-06,Redmi Note 13,Smartphones,Xiaomi,1707.67,1,0.0,Nordeste,CE,Cartão de Crédito,Online
96,2024-02-07,Cabo USB-C 2m,Acessórios,Baseus,38.68,2,0.1,Sudeste,SP,Cartão de Crédito,Loja Física
97,2024-02-07,Carregador Turbo 65W,Acessórios,Anker,156.06,3,0.0,Sudeste,SP,Cartão de Crédito,Online
98,2024-02-07,"Smart TV 55"" OLED",TVs,LG,5926.37,1,0.0,Sul,RS,Cartão de Débito,Loja Física
99,2024-02-07,"Smart TV 43"" Full HD",TVs,TCL,1703.73,1,0.0,Norte,PA,Boleto,Online
100,2024-02-08,Inspiron 15,Notebooks,Dell,3550.91,1,0.1,Nordeste,CE,Pix,Online
101,2024-02-08,Carregador Turbo 65W,Acessórios,Anker,147.08,1,0.05,Centro-Oeste,DF,Pix,Online
102,2024-02-08,Apple Watch SE,Wearables,Apple,2594.17,2,0.0,Sul,PR,Pix,Loja Física
103,2024-02-09,Carregador Turbo 65W,Acessórios,Anker,150.05,2,0.0,Sudeste,SP,Cartão de Crédito,Online
104,2024-02-10,Fone Bluetooth Redmi Buds,Áudio,Xiaomi,205.86,3,0.1,Sudeste,SP,Pix,Online
105,2024-02-10,iPhone 15,Smartphones,Apple,5395.28,1,0.0,Nordeste,PE,Pix,Online
106,2024-02-10,Inspiron 15,Notebooks,Dell,3656.23,1,0.15,Sudeste,MG,Cartão de Crédito,Loja Física
107,2024-02-11,Apple Watch SE,Wearables,Apple,2477.77,2,0.15,Nordeste,BA,Cartão de Crédito,Online
108,2024-02-11,Cabo USB-C 2m,Acessórios,Baseus,38.35,1,0.0,Sudeste,SP,Cartão de Débito,Online
109,2024-02-11,Carregador Turbo 65W,Acessórios,Anker,142.7,1,0.0,Centro-Oeste,DF,Cartão de Crédito,Online
110,2024-02-12,Mouse Sem Fio,Acessórios,Logitech,132.74,1,0.0,Sul,SC,Pix,Loja Física
111,2024-02-12,Moto G84,Smartphones,Motorola,1513.86,1,0.0,Sudeste,SP,Cartão de Crédito,Online
112,2024-02-12,Teclado Mecânico,Acessórios,Redragon,257.05,2,0.0,Sudeste,MG,Pix,Loja Física
113,2024-02-12,Carregador Turbo 65W,Acessórios,Anker,155.89,5,0.0,Sudeste,RJ,Cartão de Crédito,Online
114,2024-02-12,Moto G84,Smartphones,Motorola,1428.09,1,0.05,Sudeste,SP,Pix,Loja Física
115,2024-02-13,Cabo USB-C 2m,Acessórios,Baseus,38.57,3,0.0,Sudeste,MG,Cartão de Crédito,Online
116,2024-02-13,Mi Band 8,Wearables,Xiaomi,310.9,2,0.0,Sudeste,SP,Pix,Loja Física
117,2024-02-13,Teclado Mecânico,Acessórios,Redragon,243.2,3,0.0,Sudeste,SP,Cartão de Crédito,Online
118,2024-02-14,Inspiron 15,Notebooks,Dell,3347.25,3,0.0,Nordeste,PI,Cartão de Débito,Online
119,2024-02-14,Teclado Mecânico,Acessórios,Redragon,241.76,3,0.2,Sul,PR,Pix,Loja Física
120,2024-02-14,"Smart TV 50"" 4K",TVs,Samsung,2755.55,2,0.05,Sudeste,SP,Cartão de Crédito,Loja Física
121,2024-02-14,Carregador Turbo 65W,Acessórios,Anker,145.95,4,0.0,Centro-Oeste,DF,Cartão de Crédito,Loja Física
122,2024-02-15,Ideapad 3,Notebooks,Lenovo,2834.56,1,0.0,Sudeste,SP,Cartão de Crédito,Online
123,2024-02-15,Inspiron 15,Notebooks,Dell,3541.99,2,0.0,Sudeste,SP,Boleto,Online
124,2024-02-16,Cabo USB-C 2m,Acessórios,Baseus,37.51,3,0.0,Sul,PR,Pix,Loja Física
125,2024-02-16,Teclado Mecânico,Acessórios,Redragon,258.56,3,0.0,Sudeste,RJ,Cartão de Crédito,Loja Física
126,2024-02-16,Mi Band 8,Wearables,Xiaomi,307.07,4,0.1,Sudeste,MG,Pix,Online
127,2024-02-17,Galaxy S24,Smartphones,Samsung,4824.64,1,0.1,Sudeste,MG,Cartão de Crédito,Online
128,2024-02-17,Fone Bluetooth Redmi Buds,Áudio,Xiaomi,193.51,1,0.0,Centro-Oeste,MT,Pix,Online
129,2024-02-17,"Smart TV 50"" 4K",TVs,Samsung,2703.81,2,0.05,Norte,AM,Boleto,Loja Física
130,2024-02-17,Carregador Turbo 65W,Acessórios,Anker,151.92,3,0.1,Sudeste,SP,Cartão de Débito,Online
131,2024-02-17,Inspiron 15,Notebooks,Dell,3527.95,1,0.05,Norte,AM,Pix,Online
132,2024-02-17,Fone Bluetooth Redmi Buds,Áudio,Xiaomi,205.43,5,0.1,Nordeste,BA,Cartão de Crédito,Online
133,2024-02-18,Inspiron 15,Notebooks,Dell,3567.03,2,0.05,Sudeste,RJ,Pix,Online
134,2024-02-18,"Smart TV 43"" Full HD",TVs,TCL,1646.97,1,0.2,Sudeste,RJ,Cartão de Crédito,Online
135,2024-02-20,Ideapad 3,Notebooks,Lenovo,3034.07,2,0.0,Nordeste,BA,Pix,Online
136,2024-02-20,Ideapad 3,Notebooks,Lenovo,2803.88,1,0.0,Nordeste,PI,Cartão de Débito,Loja Física
137,2024-02-20,Moto G84,Smartphones,Motorola,1560.44,1,0.0,Sudeste,SP,Cartão de Crédito,Online
138,2024-02-21,Mouse Sem Fio,Acessórios,Logitech,127.89,1,0.05,Sudeste,RJ,Pix,Online
139,2024-02-21,Apple Watch SE,Wearables,Apple,2572.09,1,0.1,Sudeste,SP,Cartão de Crédito,Loja Física
140,2024-02-22,Cabo USB-C 2m,Acessórios,Baseus,37.85,4,0.0,Sudeste,MG,Cartão de Débito,Loja Física
141,2024-02-22,Mi Band 8,Wearables,Xiaomi,299.14,4,0.15,Sudeste,SP,Cartão de Crédito,Online
142,2024-02-22,Fone Bluetooth Redmi Buds,Áudio,Xiaomi,204.02,2,0.0,Sudeste,MG,Cartão de Crédito,Loja Física
143,2024-02-22,"Smart TV 55"" OLED",TVs,LG,6190.33,1,0.15,Sudeste,MG,Cartão de Débito,Loja Física
144,2024-02-22,Carregador Turbo 65W,Acessórios,Anker,147.54,2,0.0,Sudeste,RJ,Cartão de Crédito,Online
145,2024-02-22,Cabo USB-C 2m,Acessórios,Baseus,38.74,3,0.0,Norte,PA,Cartão de Crédito,Online
146,2024-02-23,Cabo USB-C 2m,Acessórios,Baseus,39.62,4,0.1,Nordeste,CE,Cartão de Débito,Online
147,2024-02-23,JBL Charge 5,Áudio,JBL,954.5,1,0.05,Nordeste,PI,Pix,Online
148,2024-02-23,Cabo USB-C 2m,Acessórios,Baseus,39.52,1,0.0,Centro-Oeste,DF,Pix,Online
149,2024-02-23,Redmi Note 13,Smartphones,Xiaomi,1653.42,1,0.05,Sul,RS,Boleto,Online
150,2024-02-24,"Smart TV 50"" 4K",TVs,Samsung,2880.29,2,0.15,Sudeste,MG,Pix,Online
151,2024-02-24,Mouse Sem Fio,Acessórios,Logitech,128.2,1,0.0,Nordeste,PE,Cartão de Débito,Online
152,2024-02-24,Ideapad 3,Notebooks,Lenovo,2871.23,2,0.1,Sudeste,SP,Pix,Online
153,2024-02-24,Mouse Sem Fio,Acessórios,Logitech,129.55,1,0.0,Nordeste,PI,Cartão de Crédito,Loja Física
154,2024-02-24,Carregador Turbo 65W,Acessórios,Anker,152.15,1,0.0,Nordeste,BA,Cartão de Crédito,Online
155,2024-02-25,Carregador Turbo 65W,Acessórios,Anker,155.39,4,0.0,Sudeste,RJ,Pix,Loja Física
156,2024-02-25,Xbox Series S,Games,Microsoft,2569.69,1,0.0,Nordeste,CE,Cartão de Crédito,Loja Física
157,2024-02-25,Moto G84,Smartphones,Motorola,1559.11,1,0.0,Sul,SC,Pix,Online
158,2024-02-25,Galaxy S24,Smartphones,Samsung,4774.66,1,0.0,Sul,RS,Cartão de Crédito,Online
159,2024-02-26,"Smart TV 43"" Full HD",TVs,TCL,1661.51,1,0.05,Centro-Oeste,MT,Boleto,Online
160,2024-02-26,Mouse Sem Fio,Acessórios,Logitech,124.18,3,0.15,Nordeste,BA,Cartão de Crédito,Loja Física
161,2024-02-26,Mouse Sem Fio,Acessórios,Logitech,133.59,2,0.0,Sudeste,SP,Cartão de Crédito,Loja Física
162,2024-02-27,Mi Band 8,Wearables,Xiaomi,301.8,4,0.0,Sudeste,SP,Cartão de Crédito,Online
163,2024-02-27,Carregador Turbo 65W,Acessórios,Anker,151.09,3,0.0,Sudeste,MG,Pix,Online
164,2024-02-28,"Smart TV 55"" OLED",TVs,LG,6109.21,1,0.15,Nordeste,PE,Cartão de Crédito,Online
165,2024-02-28,Cabo USB-C 2m,Acessórios,Baseus,38.24,1,0.0,Sul,RS,Pix,Online
166,2024-02-29,"Smart TV 43"" Full HD",TVs,TCL,1680.85,3,0.0,Sudeste,RJ,Pix,Online
167,2024-02-29,Teclado Mecânico,Acessórios,Redragon,248.04,1,0.0,Norte,AM,Cartão de Crédito,Loja Física
168,2024-02-29,Teclado Mecânico,Acessórios,Redragon,241.02,1,0.2,Centro-Oeste,DF,Cartão de Débito,Online
169,2024-02-29,JBL Charge 5,Áudio,JBL,1030.97,1,0.0,Sudeste,RJ,Cartão de Crédito,Loja Física
170,2024-03-01,Mouse Sem Fio,Acessórios,Logitech,134.21,1,0.0,Sudeste,RJ,Boleto,Online
171,2024-03-02,JBL Charge 5,Áudio,JBL,1039.53,1,0.05,Sul,PR,Cartão de Crédito,Loja Física
172,2024-03-02,JBL Charge 5,Áudio,JBL,999.17,1,0.0,Nordeste,PI,Cartão de Débito,Online
173,2024-03-02,Mouse Sem Fio,Acessórios,Logitech,128.57,2,0.0,Centro-Oeste,GO,Boleto,Online
174,2024-03-02,Mi Band 8,Wearables,Xiaomi,308.37,3,0.05,Sudeste,SP,Pix,Loja Física
175,2024-03-03,Mi Band 8,Wearables,Xiaomi,311.7,2,0.0,Sudeste,ES,Cartão de Crédito,Online
176,2024-03-03,Cabo USB-C 2m,Acessórios,Baseus,40.21,3,0.05,Sudeste,SP,Cartão de Crédito,Loja Física
177,2024-03-03,Nintendo Switch,Games,Nintendo,2769.04,1,0.0,Norte,TO,Pix,Online
178,2024-03-04,Fone Bluetooth Redmi Buds,Áudio,Xiaomi,207.9,1,0.0,Nordeste,PE,Pix,Online
179,2024-03-04,Aspire 5,Notebooks,Acer,3145.55,1,0.15,Sudeste,MG,Boleto,Loja Física
180,2024-03-04,Mi Band 8,Wearables,Xiaomi,306.13,3,0.2,Sul,RS,Pix,Online
181,2024-03-04,Fone Bluetooth Redmi Buds,Áudio,Xiaomi,197.81,1,0.15,Sudeste,SP,Cartão de Débito,Online
182,2024-03-05,"Smart TV 50"" 4K",TVs,Samsung,2927.19,1,0.05,Centro-Oeste,GO,Cartão de Crédito,Online
183,2024-03-05,Carregador Turbo 65W,Acessórios,Anker,143.45,3,0.0,Sudeste,SP,Cartão de Crédito,Loja Física
184,2024-03-05,Redmi Note 13,Smartphones,Xiaomi,1630.75,1,0.1,Sudeste,SP,Cartão de Crédito,Online
185,2024-03-05,Galaxy S24,Smartphones,Samsung,4498.27,2,0.0,Sudeste,SP,Cartão de Débito,Online
186,2024-03-06,Carregador Turbo 65W,Acessórios,Anker,152.62,3,0.05,Norte,PA,Boleto,Online
187,2024-03-07,Carregador Turbo 65W,Acessórios,Anker,145.35,1,0.0,Centro-Oeste,GO,Cartão de Crédito,Online
188,2024-03-07,Mouse Sem Fio,Acessórios,Logitech,124.54,2,0.1,Sudeste,SP,Cartão de Crédito,Loja Física
189,2024-03-08,Ideapad 3,Notebooks,Lenovo,2925.52,1,0.0,Norte,PA,Cartão de Crédito,Online
190,2024-03-08,Moto G84,Smartphones,Motorola,1547.46,2,0.1,Sudeste,RJ,Cartão de Crédito,Loja Física
191,2024-03-09,Aspire 5,Notebooks,Acer,2931.56,1,0.05,Centro-Oeste,DF,Cartão de Crédito,Online
192,2024-03-09,Mouse Sem Fio,Acessórios,Logitech,134.91,2,0.15,Sudeste,SP,Pix,Online
193,2024-03-10,Mi Band 8,Wearables,Xiaomi,311.45,1,0.1,Sudeste,SP,Cartão de Crédito,Loja Física
194,2024-03-10,Carregador Turbo 65W,Acessórios,Anker,144.47,2,0.05,Sudeste,MG,Cartão de Débito,Online
195,2024-03-10,Mi Band 8,Wearables,Xiaomi,301.9,1,0.05,Centro-Oeste,DF,Cartão de Crédito,Loja Física
196,2024-03-10,Fone Bluetooth Redmi Buds,Áudio,Xiaomi,198.65,1,0.0,Sudeste,SP,Pix,Online
197,2024-03-10,Moto G84,Smartphones,Motorola,1500.6,1,0.0,Centro-Oeste,DF,Cartão de Crédito,Loja Física
198,2024-03-11,iPhone 15,Smartphones,Apple,5313.6,1,0.0,Sudeste,RJ,Pix,Online
199,2024-03-11,Redmi Note 13,Smartphones,Xiaomi,1670.78,1,0.0,Nordeste,CE,Cartão de Débito,Loja Física
200,2024-03-11,Carregador Turbo 65W,Acessórios,Anker,151.39,2,0.05,Sul,SC,Cartão de Crédito,Loja Física
201,2024-03-11,iPhone 15,Smartphones,Apple,5633.33,1,0.1,Sudeste,RJ,Cartão de Crédito,Loja Física
202,2024-03-11,AirPods Pro,Áudio,Apple,1922.69,1,0.05,Norte,AM,Pix,Online
203,2024-03-11,Mi Band 8,Wearables,Xiaomi,300.32,1,0.05,Sudeste,MG,Cartão de Crédito,Loja Física
204,2024-03-12,Mouse Sem Fio,Acessórios,Logitech,132.74,3,0.0,Nordeste,PI,Cartão de Crédito,Online
205,2024-03-13,Galaxy S24,Smartphones,Samsung,4629.59,1,0.0,Centro-Oeste,GO,Cartão de Crédito,Online
206,2024-03-13,Mouse Sem Fio,Acessórios,Logitech,131.44,4,0.0,Nordeste,CE,Cartão de Crédito,Online
207,2024-03-13,"Smart TV 50"" 4K",TVs,Samsung,2864.36,1,0.0,Sul,SC,Cartão de Crédito,Online
208,2024-03-13,Aspire 5,Notebooks,Acer,3117.87,1,0.0,Sudeste,SP,Cartão de Crédito,Online
209,2024-03-13,JBL Charge 5,Áudio,JBL,982.38,1,0.0,Sudeste,MG,Cartão de Crédito,Loja Física
210,2024-03-15,Moto G84,Smartphones,Motorola,1548.3,1,0.1,Sudeste,MG,Cartão de Débito,Loja Física
211,2024-03-15,"Smart TV 43"" Full HD",TVs,TCL,1760.84,2,0.05,Centro-Oeste,GO,Pix,Online
212,2024-03-15,Mouse Sem Fio,Acessórios,Logitech,129.85,1,0.2,Norte,PA,Cartão de Crédito,Online
213,2024-03-15,Xbox Series S,Games,Microsoft,2425.74,1,0.05,Sudeste,SP,Cartão de Crédito,Loja Física
214,2024-03-15,"Smart TV 50"" 4K",TVs,Samsung,2660.13,1,0.2,Sudeste,SP,Pix,Loja Física
215,2024-03-15,Fone Bluetooth Redmi Buds,Áudio,Xiaomi,196.0,2,0.1,Nordeste,CE,Cartão de Crédito,Online
216,2024-03-15,Teclado Mecânico,Acessórios,Redragon,256.13,2,0.0,Nordeste,PE,Pix,Loja Física
217,2024-03-16,JBL Charge 5,Áudio,JBL,988.86,1,0.0,Sudeste,SP,Cartão de Crédito,Online
218,2024-03-17,Fone Bluetooth Redmi Buds,Áudio,Xiaomi,196.56,1,0.05,Sudeste,SP,Cartão de Crédito,Loja Física
219,2024-03-17,Nintendo Switch,Games,Nintendo,2774.85,1,0.05,Centro-Oeste,MT,Cartão de Débito,Loja Física
220,2024-03-18,Carregador Turbo 65W,Acessórios,Anker,154.29,2,0.0,Nordeste,PI,Cartão de Crédito,Loja Física
221,2024-03-18,iPhone 15,Smartphones,Apple,5671.74,2,0.05,Centro-Oeste,DF,Cartão de Crédito,Online
222,2024-03-20,Redmi Note 13,Smartphones,Xiaomi,1641.49,1,0.0,Sudeste,SP,Cartão de Crédito,Online
223,2024-03-20,"Smart TV 55"" OLED",TVs,LG,6019.63,1,0.0,Sudeste,SP,Cartão de Débito,Online
224,2024-03-21,Carregador Turbo 65W,Acessórios,Anker,145.11,1,0.0,Nordeste,PE,Cartão de Crédito,Online
225,2024-03-21,Aspire 5,Notebooks,Acer,2943.87,1,0.0,Sudeste,SP,Boleto,Online
226,2024-03-21,Ideapad 3,Notebooks,Lenovo,2828.37,1,0.0,Nordeste,CE,Cartão de Crédito,Online
227,2024-03-21,Redmi Note 13,Smartphones,Xiaomi,1712.9,1,0.0,Nordeste,PI,Cartão de Crédito,Online
228,2024-03-23,Teclado Mecânico,Acessórios,Redragon,250.48,2,0.0,Sudeste,SP,Pix,Online
229,2024-03-23,Galaxy S24,Smartphones,Samsung,4800.71,1,0.0,Sudeste,MG,Cartão de Crédito,Online
230,2024-03-23,Carregador Turbo 65W,Acessórios,Anker,153.9,2,0.0,Sudeste,SP,Cartão de Crédito,Loja Física
231,2024-03-23,MacBook Air M2,Notebooks,Apple,8680.34,2,0.1,Sul,RS,Boleto,Online
232,2024-03-24,Carregador Turbo 65W,Acessórios,Anker,142.1,1,0.0,Sudeste,SP,Cartão de Crédito,Loja Física
233,2024-03-25,PlayStation 5,Games,Sony,3977.02,1,0.0,Centro-Oeste,GO,Pix,Online
234,2024-03-25,Nintendo Switch,Games,Nintendo,2701.34,1,0.05,Sudeste,SP,Boleto,Loja Física
235,2024-03-26,Carregador Turbo 65W,Acessórios,Anker,148.29,2,0.0,Sul,PR,Cartão de Crédito,Loja Física
236,2024-03-27,Carregador Turbo 65W,Acessórios,Anker,154.21,3,0.05,Sudeste,SP,Pix,Online
237,2024-03-27,"Smart TV 43"" Full HD",TVs,TCL,1730.75,1,0.0,Sudeste,SP,Cartão de Débito,Online
238,2024-03-27,"Smart TV 50"" 4K",TVs,Samsung,2701.29,1,0.1,Centro-Oeste,GO,Pix,Online
239,2024-03-27,Mi Band 8,Wearables,Xiaomi,301.48,1,0.05,Sudeste,SP,Pix,Loja Física
240,2024-03-28,Carregador Turbo 65W,Acessórios,Anker,151.83,1,0.0,Sudeste,SP,Pix,Loja Física
241,2024-03-28,Xbox Series S,Games,Microsoft,2378.5,1,0.05,Nordeste,CE,Cartão de Crédito,Loja Física
242,2024-03-29,Fone Bluetooth Redmi Buds,Áudio,Xiaomi,189.66,4,0.0,Sul,RS,Cartão de Débito,Online
243,2024-03-30,Apple Watch SE,Wearables,Apple,2406.3,1,0.1,Sudeste,SP,Pix,Online
244,2024-03-30,AirPods Pro,Áudio,Apple,1816.0,1,0.0,Sudeste,SP,Cartão de Crédito,Online
245,2024-03-30,Cabo USB-C 2m,Acessórios,Baseus,37.52,1,0.15,Sul,PR,Cartão de Crédito,Online
246,2024-03-30,iPhone 15,Smartphones,Apple,5532.64,1,0.0,Nordeste,PI,Cartão de Débito,Loja Física
247,2024-03-30,Xbox Series S,Games,Microsoft,2508.38,1,0.05,Sudeste,RJ,Cartão de Crédito,Loja Física
248,2024-03-31,Mouse Sem Fio,Acessórios,Logitech,124.33,3,0.05,Sudeste,SP,Cartão de Crédito,Online
249,2024-03-31,Mi Band 8,Wearables,Xiaomi,284.74,1,0.0,Sudeste,SP,Boleto,Online
250,2024-03-31,Mouse Sem Fio,Acessórios,Logitech,131.07,1,0.0,Nordeste,PI,Cartão de Crédito,Loja Física
251,2024-04-01,JBL Charge 5,Áudio,JBL,977.14,1,0.0,Sudeste,SP,Pix,Online
252,2024-04-01,"Smart TV 43"" Full HD",TVs,TCL,1705.54,1,0.05,Nordeste,PE,Cartão de Débito,Online
253,2024-04-01,Redmi Note 13,Smartphones,Xiaomi,1742.48,1,0.05,Sudeste,SP,Cartão de Crédito,Loja Física
254,2024-04-01,JBL Charge 5,Áudio,JBL,992.41,2,0.1,Nordeste,CE,Cartão de Crédito,Online
255,2024-04-01,"Smart TV 55"" OLED",TVs,LG,6179.2,1,0.1,Sul,PR,Cartão de Crédito,Loja Física
256,2024-04-01,Moto G84,Smartphones,Motorola,1522.74,1,0.15,Sudeste,SP,Cartão de Crédito,Online
257,2024-04-01,Inspiron 15,Notebooks,Dell,3671.38,3,0.0,Nordeste,PI,Cartão de Débito,Online
258,2024-04-01,Mouse Sem Fio,Acessórios,Logitech,130.4,1,0.0,Sudeste,RJ,Pix,Online
259,2024-04-02,Teclado Mecânico,Acessórios,Redragon,253.17,2,0.0,Nordeste,CE,Cartão de Débito,Online
260,2024-04-02,AirPods Pro,Áudio,Apple,1929.42,3,0.15,Sudeste,RJ,Cartão de Crédito,Online
261,2024-04-03,AirPods Pro,Áudio,Apple,1808.19,1,0.15,Sudeste,RJ,Pix,Online
262,2024-04-03,Mouse Sem Fio,Acessórios,Logitech,134.67,1,0.05,Sudeste,RJ,Pix,Online
263,2024-04-04,Carregador Turbo 65W,Acessórios,Anker,141.68,2,0.0,Sul,PR,Cartão de Crédito,Online
264,2024-04-04,Ideapad 3,Notebooks,Lenovo,3025.79,1,0.0,Sudeste,RJ,Cartão de Crédito,Online
265,2024-04-04,"Smart TV 50"" 4K",TVs,Samsung,2685.0,1,0.0,Norte,PA,Boleto,Loja Física
266,2024-04-04,Moto G84,Smartphones,Motorola,1449.18,1,0.0,Sudeste,SP,Cartão de Crédito,Online
267,2024-04-04,Moto G84,Smartphones,Motorola,1451.17,1,0.0,Sudeste,SP,Pix,Online
268,2024-04-05,AirPods Pro,Áudio,Apple,1934.52,1,0.0,Sudeste,ES,Cartão de Crédito,Online
269,2024-04-05,Moto G84,Smartphones,Motorola,1433.19,1,0.0,Sudeste,SP,Cartão de Crédito,Loja Física
270,2024-04-05,Cabo USB-C 2m,Acessórios,Baseus,38.07,2,0.1,Nordeste,PE,,Loja Física
271,2024-04-05,Xbox Series S,Games,Microsoft,2546.18,1,0.0,Sudeste,SP,Cartão de Crédito,Online
272,2024-04-05,Xbox Series S,Games,Microsoft,2604.93,1,0.1,Sul,PR,Cartão de Crédito,Online
273,2024-04-05,Teclado Mecânico,Acessórios,Redragon,251.52,1,0.15,Nordeste,BA,Cartão de Débito,Online
274,2024-04-05,PlayStation 5,Games,Sony,4029.23,1,0.0,Centro-Oeste,GO,Cartão de Crédito,Online
275,2024-04-05,Mouse Sem Fio,Acessórios,Logitech,125.85,1,0.1,Sudeste,RJ,Boleto,Online
276,2024-04-06,AirPods Pro,Áudio,Apple,1828.83,1,0.0,Sudeste,SP,Cartão de Crédito,Online
277,2024-04-06,Cabo USB-C 2m,Acessórios,Baseus,38.37,1,0.0,Nordeste,PI,Cartão de Crédito,Online
278,2024-04-06,AirPods Pro,Áudio,Apple,1993.81,1,0.0,Sul,SC,Cartão de Crédito,Loja Física
279,2024-04-06,Fone Bluetooth Redmi Buds,Áudio,Xiaomi,197.56,1,0.05,Sudeste,SP,Boleto,Loja Física
280,2024-04-07,"Smart TV 50"" 4K",TVs,Samsung,2742.52,1,0.0,Nordeste,PE,Cartão de Crédito,Online
281,2024-04-07,iPhone 15,Smartphones,Apple,5755.64,2,0.0,Sudeste,SP,Pix,Online
282,2024-04-07,Inspiron 15,Notebooks,Dell,3452.71,1,0.0,Nordeste,PE,Pix,Online
283,2024-04-07,"Smart TV 55"" OLED",TVs,LG,6274.97,1,0.0,Sudeste,MG,Cartão de Débito,Loja Física
284,2024-04-07,Ideapad 3,Notebooks,Lenovo,2971.82,1,0.0,Sudeste,RJ,Cartão de Crédito,Online
285,2024-04-08,iPhone 15,Smartphones,Apple,5727.2,1,0.0,Sul,RS,Pix,Loja Física
286,2024-04-08,Cabo USB-C 2m,Acessórios,Baseus,39.55,2,0.0,Centro-Oeste,GO,Cartão de Débito,Online
287,2024-04-08,"Smart TV 55"" OLED",TVs,LG,6221.77,1,0.0,Sul,RS,Cartão de Crédito,Online
288,2024-04-09,Fone Bluetooth Redmi Buds,Áudio,Xiaomi,193.23,5,0.05,Centro-Oeste,GO,Cartão de Crédito,Loja Física
289,2024-04-09,JBL Charge 5,Áudio,JBL,1048.05,1,0.0,Sudeste,RJ,Cartão de Crédito,Online
290,2024-04-09,MacBook Air M2,Notebooks,Apple,9252.72,1,0.0,Nordeste,CE,Cartão de Crédito,Online
291,2024-04-10,Mi Band 8,Wearables,Xiaomi,303.44,1,0.0,Sudeste,SP,Cartão de Crédito,Loja Física
292,2024-04-10,Galaxy Watch 6,Wearables,Samsung,1709.25,1,0.0,Sudeste,SP,Pix,Loja Física
293,2024-04-10,Redmi Note 13,Smartphones,Xiaomi,1691.39,1,0.0,Norte,PA,Pix,Loja Física
294,2024-04-10,Moto G84,Smartphones,Motorola,1464.65,1,0.0,Sul,RS,Cartão de Crédito,Loja Física
295,2024-04-10,Cabo USB-C 2m,Acessórios,Baseus,39.54,2,0.15,Sudeste,SP,Cartão de Crédito,Loja Física
296,2024-04-10,"Smart TV 43"" Full HD",TVs,TCL,1704.91,1,0.0,Norte,PA,Cartão de Crédito,Online
297,2024-04-11,JBL Charge 5,Áudio,JBL,1019.61,1,0.0,Sudeste,SP,Cartão de Crédito,Online
298,2024-04-11,Mi Band 8,Wearables,Xiaomi,310.74,1,0.05,Sul,RS,Pix,Online
299,2024-04-11,Redmi Note 13,Smartphones,Xiaomi,1706.95,1,0.0,Nordeste,PE,Pix,Online
300,2024-04-11,Carregador Turbo 65W,Acessórios,Anker,145.57,1,0.15,Centro-Oeste,GO,Cartão de Crédito,Online
301,2024-04-12,AirPods Pro,Áudio,Apple,1973.21,1,0.0,Sudeste,ES,Cartão de Crédito,Online
302,2024-04-12,Cabo USB-C 2m,Acessórios,Baseus,40.33,1,0.1,Sul,RS,Pix,Loja Física
303,2024-04-13,Cabo USB-C 2m,Acessórios,Baseus,39.61,2,0.15,Centro-Oeste,GO,Pix,Online
304,2024-04-13,Cabo USB-C 2m,Acessórios,Baseus,38.7,2,0.15,Sudeste,MG,Pix,Online
305,2024-04-13,Carregador Turbo 65W,Acessórios,Anker,149.52,1,0.0,Sudeste,SP,Cartão de Crédito,Online
306,2024-04-13,Teclado Mecânico,Acessórios,Redragon,240.46,3,0.1,Sudeste,ES,Cartão de Crédito,Online
307,2024-04-13,Redmi Note 13,Smartphones,Xiaomi,1665.98,1,0.05,Sudeste,SP,Pix,Loja Física
308,2024-04-14,Moto G84,Smartphones,Motorola,1568.09,1,0.05,Nordeste,PE,Cartão de Crédito,Online
309,2024-04-14,Carregador Turbo 65W,Acessórios,Anker,150.43,3,0.0,Sul,PR,Cartão de Crédito,Loja Física
310,2024-04-14,Mouse Sem Fio,Acessórios,Logitech,129.37,1,0.05,Sudeste,RJ,Cartão de Crédito,Online
311,2024-04-15,"Smart TV 50"" 4K",TVs,Samsung,2690.05,1,0.0,Centro-Oeste,MT,Cartão de Crédito,Online
312,2024-04-15,JBL Charge 5,Áudio,JBL,992.38,1,0.1,Nordeste,BA,Cartão de Crédito,Online
313,2024-04-15,"Smart TV 43"" Full HD",TVs,TCL,1754.55,2,0.0,Centro-Oeste,MT,Boleto,Online
314,2024-04-15,Xbox Series S,Games,Microsoft,2561.31,1,0.05,Nordeste,CE,Cartão de Crédito,Online
315,2024-04-16,Redmi Note 13,Smartphones,Xiaomi,1709.84,1,0.0,Norte,PA,Pix,Loja Física
316,2024-04-16,JBL Charge 5,Áudio,JBL,1013.89,1,0.0,Centro-Oeste,MT,Pix,Loja Física
317,2024-04-17,Teclado Mecânico,Acessórios,Redragon,253.71,1,0.0,Sudeste,RJ,Cartão de Crédito,Online
318,2024-04-17,Redmi Note 13,Smartphones,Xiaomi,1701.37,1,0.05,Nordeste,PI,Cartão de Crédito,Online
319,2024-04-17,JBL Charge 5,Áudio,JBL,1031.74,1,0.0,Centro-Oeste,GO,Pix,Online
320,2024-04-17,Mi Band 8,Wearables,Xiaomi,294.62,3,0.0,Sudeste,SP,Cartão de Crédito,Online
321,2024-04-18,Inspiron 15,Notebooks,Dell,3471.89,1,0.05,Sudeste,SP,Cartão de Crédito,Online
322,2024-04-18,Cabo USB-C 2m,Acessórios,Baseus,37.08,3,0.15,Sudeste,MG,Cartão de Crédito,Online
323,2024-04-18,Cabo USB-C 2m,Acessórios,Baseus,38.08,4,0.0,Sudeste,SP,Pix,Online
324,2024-04-18,Galaxy S24,Smartphones,Samsung,4551.69,1,0.15,Nordeste,PE,Boleto,Loja Física
325,2024-04-18,"Smart TV 55"" OLED",TVs,LG,6038.54,1,0.0,Sudeste,SP,Cartão de Crédito,Online
326,2024-04-18,Cabo USB-C 2m,Acessórios,Baseus,40.08,3,0.1,Sul,RS,Cartão de Crédito,Online
327,2024-04-19,Galaxy S24,Smartphones,Samsung,4489.96,2,0.15,Sudeste,RJ,Cartão de Crédito,Loja Física
328,2024-04-20,AirPods Pro,Áudio,Apple,1969.34,1,0.05,Centro-Oeste,DF,Cartão de Crédito,Loja Física
329,2024-04-20,Mouse Sem Fio,Acessórios,Logitech,129.32,2,0.05,Nordeste,PI,Pix,Loja Física
330,2024-04-20,Mi Band 8,Wearables,Xiaomi,308.56,2,0.0,Sul,RS,Cartão de Crédito,Online
331,2024-04-20,Nintendo Switch,Games,Nintendo,2779.76,1,0.05,Sudeste,SP,Cartão de Crédito,Online
332,2024-04-20,Mouse Sem Fio,Acessórios,Logitech,132.98,3,0.0,Sul,RS,Cartão de Crédito,Online
333,2024-04-21,Fone Bluetooth Redmi Buds,Áudio,Xiaomi,206.05,5,0.0,Sudeste,RJ,Cartão de Crédito,Online
334,2024-04-21,Inspiron 15,Notebooks,Dell,3450.76,1,0.0,Sudeste,RJ,Cartão de Crédito,Online
335,2024-04-21,Cabo USB-C 2m,Acessórios,Baseus,37.08,1,0.15,Nordeste,CE,Cartão de Débito,Online
336,2024-04-23,Ideapad 3,Notebooks,Lenovo,2818.15,2,0.0,Sudeste,SP,Pix,Online
337,2024-04-23,PlayStation 5,Games,Sony,4139.74,2,0.0,Sudeste,MG,Pix,Loja Física
338,2024-04-23,Aspire 5,Notebooks,Acer,3115.0,1,0.0,Centro-Oeste,GO,Cartão de Crédito,Loja Física
339,2024-04-24,Inspiron 15,Notebooks,Dell,3622.66,1,0.0,Centro-Oeste,GO,Cartão de Crédito,Online
340,2024-04-24,Galaxy Watch 6,Wearables,Samsung,1829.31,1,0.05,Sul,RS,Cartão de Débito,Loja Física
341,2024-04-24,Mouse Sem Fio,Acessórios,Logitech,123.03,4,0.0,Sudeste,ES,Pix,Loja Física
342,2024-04-25,"Smart TV 50"" 4K",TVs,Samsung,2820.09,1,0.0,Sul,RS,Pix,Loja Física
343,2024-04-25,Carregador Turbo 65W,Acessórios,Anker,151.11,1,0.0,Centro-Oeste,DF,Pix,Online
344,2024-04-25,Galaxy S24,Smartphones,Samsung,4725.77,1,0.0,Nordeste,BA,Pix,Online
345,2024-04-26,Fone Bluetooth Redmi Buds,Áudio,Xiaomi,193.35,2,0.0,Sudeste,SP,Cartão de Crédito,Loja Física
346,2024-04-26,Teclado Mecânico,Acessórios,Redragon,251.39,1,0.0,Sudeste,SP,Pix,Loja Física
347,2024-04-26,Apple Watch SE,Wearables,Apple,2504.01,1,0.05,Nordeste,BA,Cartão de Crédito,Online
348,2024-04-27,Aspire 5,Notebooks,Acer,2855.64,1,0.1,Centro-Oeste,DF,Pix,Online
349,2024-04-27,AirPods Pro,Áudio,Apple,1989.44,1,0.05,Sudeste,SP,Cartão de Crédito,Loja Física
350,2024-04-27,Redmi Note 13,Smartphones,Xiaomi,1617.9,1,0.0,Sul,PR,Cartão de Crédito,Loja Física
351,2024-04-27,Aspire 5,Notebooks,Acer,3040.49,2,0.1,Nordeste,PE,Cartão de Crédito,Loja Física
352,2024-04-27,Redmi Note 13,Smartphones,Xiaomi,1688.2,2,0.05,Sudeste,SP,Pix,Online
353,2024-04-27,Teclado Mecânico,Acessórios,Redragon,237.14,2,0.0,Sudeste,SP,Cartão de Crédito,Loja Física
354,2024-04-27,Cabo USB-C 2m,Acessórios,Baseus,37.56,3,0.0,Nordeste,PE,Cartão de Crédito,Online
355,2024-04-28,Fone Bluetooth Redmi Buds,Áudio,Xiaomi,194.0,5,0.05,Centro-Oeste,DF,Boleto,Online
356,2024-04-28,JBL Charge 5,Áudio,JBL,999.06,1,0.05,Sudeste,SP,Cartão de Crédito,Online
357,2024-04-28,JBL Charge 5,Áudio,JBL,983.26,1,0.05,Nordeste,PI,Cartão de Crédito,Online
358,2024-04-28,"Smart TV 43"" Full HD",TVs,TCL,1722.69,1,0.0,Centro-Oeste,DF,Cartão de Crédito,Online
359,2024-04-28,JBL Charge 5,Áudio,JBL,1027.16,1,0.0,Sudeste,SP,Cartão de Crédito,Online
360,2024-04-28,Fone Bluetooth Redmi Buds,Áudio,Xiaomi,208.79,1,0.05,Sul,SC,Pix,Online
361,2024-04-29,Mi Band 8,Wearables,Xiaomi,300.9,1,0.05,Nordeste,BA,Cartão de Crédito,Online
362,2024-04-29,AirPods Pro,Áudio,Apple,1924.6,1,0.15,Nordeste,BA,Cartão de Débito,Online
363,2024-04-30,Carregador Turbo 65W,Acessórios,Anker,150.88,3,0.0,Sudeste,RJ,Pix,Online
364,2024-04-30,Moto G84,Smartphones,Motorola,1428.76,1,0.0,Sudeste,MG,Pix,Loja Física
365,2024-04-30,Cabo USB-C 2m,Acessórios,Baseus,39.15,2,0.0,Sudeste,SP,Boleto,Online
366,2024-05-01,Fone Bluetooth Redmi Buds,Áudio,Xiaomi,192.93,2,0.0,Sudeste,MG,Cartão de Débito,Online
367,2024-05-01,Cabo USB-C 2m,Acessórios,Baseus,39.47,2,0.05,Nordeste,PI,Cartão de Crédito,Online
368,2024-05-02,iPhone 15,Smartphones,Apple,5606.57,1,0.1,Sul,PR,Cartão de Crédito,Online
369,2024-05-02,Carregador Turbo 65W,Acessórios,Anker,156.19,1,0.1,Nordeste,PE,Cartão de Débito,Online
370,2024-05-02,"Smart TV 43"" Full HD",TVs,TCL,1694.41,1,0.05,Nordeste,CE,Pix,Online
371,2024-05-02,PlayStation 5,Games,Sony,3911.08,2,0.05,Sudeste,MG,Cartão de Crédito,Loja Física
372,2024-05-02,iPhone 15,Smartphones,Apple,5475.08,2,0.05,Nordeste,PI,Pix,Online
373,2024-05-02,Cabo USB-C 2m,Acessórios,Baseus,38.81,1,0.1,Sul,PR,Cartão de Crédito,Online
374,2024-05-02,"Smart TV 55"" OLED",TVs,LG,5845.96,1,0.0,Sudeste,SP,Cartão de Débito,Online
375,2024-05-03,iPhone 15,Smartphones,Apple,5710.7,1,0.05,Sudeste,ES,Cartão de Crédito,Online
376,2024-05-03,Cabo USB-C 2m,Acessórios,Baseus,40.66,2,0.0,Sudeste,MG,Cartão de Crédito,Online
377,2024-05-03,"Smart TV 43"" Full HD",TVs,TCL,1700.17,1,0.0,Sul,PR,Cartão de Débito,Loja Física
378,2024-05-03,"Smart TV 50"" 4K",TVs,Samsung,2769.89,2,0.2,Sul,SC,Pix,Loja Física
379,2024-05-04,Aspire 5,Notebooks,Acer,3046.44,1,0.0,Centro-Oeste,DF,Pix,Loja Física
380,2024-05-04,Moto G84,Smartphones,Motorola,1468.73,3,0.05,Sudeste,MG,Cartão de Crédito,Online
381,2024-05-04,"Smart TV 55"" OLED",TVs,LG,5751.32,1,0.0,Sudeste,SP,Cartão de Crédito,Online
382,2024-05-04,Galaxy S24,Smartphones,Samsung,4812.64,2,0.05,Norte,AM,Cartão de Crédito,Loja Física
383,2024-05-04,Moto G84,Smartphones,Motorola,1429.46,1,0.0,Nordeste,PI,Cartão de Débito,Online
384,2024-05-04,AirPods Pro,Áudio,Apple,1899.34,1,0.0,Nordeste,PE,Cartão de Débito,Loja Física
385,2024-05-05,Ideapad 3,Notebooks,Lenovo,2959.84,1,0.0,Sudeste,ES,Cartão de Crédito,Online
386,2024-05-05,"Smart TV 50"" 4K",TVs,Samsung,2771.45,1,0.0,Norte,PA,Pix,Loja Física
387,2024-05-05,Fone Bluetooth Redmi Buds,Áudio,Xiaomi,205.52,4,0.0,Norte,PA,Cartão de Crédito,Loja Física
388,2024-05-05,Moto G84,Smartphones,Motorola,1541.4,1,0.0,Sudeste,SP,Cartão de Crédito,Online
389,2024-05-06,Cabo USB-C 2m,Acessórios,Baseus,39.38,1,0.0,Centro-Oeste,GO,Cartão de Débito,Online
390,2024-05-06,Mi Band 8,Wearables,Xiaomi,290.66,1,0.0,Norte,PA,Pix,Loja Física
391,2024-05-06,Galaxy Watch 6,Wearables,Samsung,1873.18,1,0.1,Sudeste,SP,Cartão de Crédito,Loja Física
392,2024-05-07,"Smart TV 50"" 4K",TVs,Samsung,2709.34,1,0.05,Centro-Oeste,DF,Cartão de Crédito,Online
393,2024-05-07,Moto G84,Smartphones,Motorola,1556.59,1,0.0,Sudeste,SP,Boleto,Loja Física
394,2024-05-07,Cabo USB-C 2m,Acessórios,Baseus,38.08,3,0.0,Nordeste,PE,Cartão de Crédito,Online
395,2024-05-07,"Smart TV 43"" Full HD",TVs,TCL,1704.67,1,0.0,Sudeste,RJ,Cartão de Crédito,Online
396,2024-05-07,Apple Watch SE,Wearables,Apple,2524.79,1,0.0,Centro-Oeste,GO,Cartão de Crédito,Loja Física
397,2024-05-07,Galaxy Watch 6,Wearables,Samsung,1836.71,1,0.0,Centro-Oeste,DF,Cartão de Crédito,Online
398,2024-05-08,Carregador Turbo 65W,Acessórios,Anker,150.14,1,0.05,Nordeste,CE,Pix,Online
399,2024-05-08,PlayStation 5,Games,Sony,4097.48,1,0.0,Nordeste,CE,Cartão de Crédito,Loja Física
400,2024-05-08,iPhone 15,Smartphones,Apple,5441.68,1,0.05,Sul,SC,Pix,Online
401,2024-05-08,Ideapad 3,Notebooks,Lenovo,3037.5,1,0.0,Norte,AM,Cartão de Crédito,Loja Física
402,2024-05-09,Ideapad 3,Notebooks,Lenovo,2872.66,2,0.05,Nordeste,PE,Cartão de Crédito,Online
403,2024-05-10,Moto G84,Smartphones,Motorola,1459.63,1,0.0,Sudeste,SP,Cartão de Débito,Online
404,2024-05-10,"Smart TV 55"" OLED",TVs,LG,5998.75,1,0.0,Sudeste,MG,Pix,Online
405,2024-05-10,Nintendo Switch,Games,Nintendo,2717.47,1,0.1,Sul,RS,Cartão de Crédito,Loja Física
406,2024-05-10,"Smart TV 50"" 4K",TVs,Samsung,2669.14,1,0.05,Sudeste,MG,Pix,Loja Física
407,2024-05-10,Mi Band 8,Wearables,Xiaomi,309.36,2,0.15,Norte,AM,Cartão de Crédito,Online
408,2024-05-10,Redmi Note 13,Smartphones,Xiaomi,1620.95,1,0.0,Sudeste,MG,Cartão de Crédito,Online
409,2024-05-10,Galaxy S24,Smartphones,Samsung,4531.93,1,0.0,Centro-Oeste,DF,Boleto,Loja Física
410,2024-05-11,Inspiron 15,Notebooks,Dell,3647.84,2,0.05,Sudeste,RJ,Pix,Online
411,2024-05-11,"Smart TV 55"" OLED",TVs,LG,5914.54,2,0.15,Sudeste,SP,Cartão de Crédito,Online
412,2024-05-12,"Smart TV 43"" Full HD",TVs,TCL,1676.49,1,0.1,Nordeste,PE,Cartão de Débito,Online
413,2024-05-12,Moto G84,Smartphones,Motorola,1448.48,1,0.15,Centro-Oeste,GO,Pix,Loja Física
414,2024-05-12,Apple Watch SE,Wearables,Apple,2469.69,1,0.0,Sudeste,SP,Pix,Online
415,2024-05-12,Fone Bluetooth Redmi Buds,Áudio,Xiaomi,202.05,1,0.0,Sudeste,MG,Cartão de Crédito,Loja Física
416,2024-05-12,"Smart TV 43"" Full HD",TVs,TCL,1762.38,1,0.0,Centro-Oeste,MT,Cartão de Débito,Loja Física
417,2024-05-13,Ideapad 3,Notebooks,Lenovo,2950.57,1,0.0,Centro-Oeste,GO,Cartão de Crédito,Loja Física
418,2024-05-13,Redmi Note 13,Smartphones,Xiaomi,1713.37,1,0.1,Norte,AM,Cartão de Crédito,Loja Física
419,2024-05-13,Mouse Sem Fio,Acessórios,Logitech,126.04,2,0.05,Sudeste,SP,Cartão de Débito,Online
420,2024-05-13,AirPods Pro,Áudio,Apple,1885.59,1,0.05,Sudeste,SP,Cartão de Crédito,Loja Física
421,2024-05-14,Moto G84,Smartphones,Motorola,1530.39,1,0.0,Sul,PR,Cartão de Crédito,Loja Física
422,2024-05-14,AirPods Pro,Áudio,Apple,1976.47,1,0.05,Sudeste,RJ,Cartão de Débito,Online
423,2024-05-14,Ideapad 3,Notebooks,Lenovo,2988.34,1,0.1,Sul,PR,Cartão de Crédito,Online
424,2024-05-14,Carregador Turbo 65W,Acessórios,Anker,152.21,1,0.0,Nordeste,BA,Cartão de Crédito,Online
425,2024-05-14,Mouse Sem Fio,Acessórios,Logitech,135.25,3,0.0,Sudeste,MG,Cartão de Crédito,Loja Física
426,2024-05-14,Ideapad 3,Notebooks,Lenovo,2899.62,2,0.2,Sudeste,SP,Boleto,Loja Física
427,2024-05-14,Inspiron 15,Notebooks,Dell,3560.89,1,0.2,Centro-Oeste,DF,Cartão de Crédito,Online
428,2024-05-14,"Smart TV 43"" Full HD",TVs,TCL,1674.95,1,0.1,Norte,AM,Cartão de Crédito,Online
429,2024-05-14,Apple Watch SE,Wearables,Apple,2569.85,1,0.0,Nordeste,PI,Cartão de Crédito,Online
430,2024-05-15,Mi Band 8,Wearables,Xiaomi,308.43,2,0.0,Sudeste,MG,Pix,Online
431,2024-05-15,Nintendo Switch,Games,Nintendo,2596.56,2,0.0,Sudeste,RJ,Cartão de Crédito,Online
432,2024-05-15,"Smart TV 43"" Full HD",TVs,TCL,1658.03,1,0.1,Sul,RS,Cartão de Crédito,Online
433,2024-05-16,Inspiron 15,Notebooks,Dell,3601.72,1,0.05,Nordeste,CE,Cartão de Crédito,Online
434,2024-05-16,Mi Band 8,Wearables,Xiaomi,285.06,4,0.0,Sudeste,SP,Cartão de Crédito,Online
435,2024-05-16,Mi Band 8,Wearables,Xiaomi,297.5,1,0.0,Norte,PA,Pix,Loja Física
436,2024-05-17,Redmi Note 13,Smartphones,Xiaomi,1614.97,1,0.0,Sudeste,SP,Boleto,Online
437,2024-05-17,Redmi Note 13,Smartphones,Xiaomi,1745.35,1,0.1,Centro-Oeste,DF,Pix,Online
438,2024-05-17,Mi Band 8,Wearables,Xiaomi,289.61,1,0.1,Sudeste,RJ,Cartão de Crédito,Loja Física
439,2024-05-17,Fone Bluetooth Redmi Buds,Áudio,Xiaomi,197.39,1,0.0,Nordeste,BA,Cartão de Crédito,Loja Física
440,2024-05-17,JBL Charge 5,Áudio,JBL,1019.42,1,0.0,Sul,RS,Cartão de Crédito,Online
441,2024-05-17,Aspire 5,Notebooks,Acer,3016.54,1,0.0,Sudeste,RJ,Cartão de Crédito,Online
442,2024-05-18,MacBook Air M2,Notebooks,Apple,9384.79,1,0.05,Centro-Oeste,MT,Cartão de Débito,Online
443,2024-05-18,Cabo USB-C 2m,Acessórios,Baseus,39.93,1,0.05,Sudeste,RJ,Boleto,Online
444,2024-05-19,Mi Band 8,Wearables,Xiaomi,311.91,1,0.0,Centro-Oeste,GO,Cartão de Crédito,Loja Física
445,2024-05-19,Redmi Note 13,Smartphones,Xiaomi,1707.43,1,0.0,Sul,PR,Cartão de Crédito,Loja Física
446,2024-05-19,Teclado Mecânico,Acessórios,Redragon,256.06,2,0.0,Sudeste,SP,Cartão de Crédito,Loja Física
447,2024-05-19,Moto G84,Smartphones,Motorola,1556.7,1,0.0,Nordeste,PE,Cartão de Crédito,Loja Física
448,2024-05-20,AirPods Pro,Áudio,Apple,1866.65,1,0.0,Nordeste,CE,Pix,Loja Física
449,2024-05-20,"Smart TV 50"" 4K",TVs,Samsung,2926.07,1,0.0,Sul,RS,Cartão de Crédito,Loja Física
450,2024-05-20,Ideapad 3,Notebooks,Lenovo,2865.06,1,0.0,Sudeste,SP,Cartão de Crédito,Loja Física
451,2024-05-20,Nintendo Switch,Games,Nintendo,2619.24,1,0.0,Sudeste,RJ,Cartão de Crédito,Loja Física
452,2024-05-21,Carregador Turbo 65W,Acessórios,Anker,150.14,1,0.05,Sudeste,SP,Cartão de Crédito,Online
453,2024-05-21,Redmi Note 13,Smartphones,Xiaomi,1747.23,2,0.15,Sudeste,SP,Pix,Online
454,2024-05-21,Ideapad 3,Notebooks,Lenovo,2812.56,2,0.2,Centro-Oeste,MT,Pix,Online
455,2024-05-21,Moto G84,Smartphones,Motorola,1499.11,1,0.05,Norte,PA,Pix,Loja Física
456,2024-05-22,"Smart TV 55"" OLED",TVs,LG,6239.25,3,0.1,Sudeste,SP,Boleto,Online
457,2024-05-22,Moto G84,Smartphones,Motorola,1552.56,1,0.05,Sudeste,SP,Cartão de Crédito,Loja Física
458,2024-05-22,Mouse Sem Fio,Acessórios,Logitech,133.31,3,0.0,Sudeste,SP,Cartão de Crédito,Online
459,2024-05-22,Cabo USB-C 2m,Acessórios,Baseus,37.68,1,0.1,Nordeste,BA,Cartão de Crédito,Online
460,2024-05-22,"Smart TV 55"" OLED",TVs,LG,6053.64,1,0.2,Norte,AM,Pix,Loja Física
461,2024-05-22,Cabo USB-C 2m,Acessórios,Baseus,37.47,2,0.15,Sudeste,SP,Cartão de Crédito,Loja Física
462,2024-05-22,Fone Bluetooth Redmi Buds,Áudio,Xiaomi,193.83,1,0.0,Sudeste,SP,Pix,Online
463,2024-05-23,Ideapad 3,Notebooks,Lenovo,2907.28,1,0.0,Sudeste,SP,Pix,Loja Física
464,2024-05-23,Galaxy S24,Smartphones,Samsung,4617.23,1,0.0,Nordeste,PI,Cartão de Crédito,Loja Física
465,2024-05-23,Cabo USB-C 2m,Acessórios,Baseus,37.31,2,0.0,Sudeste,ES,Pix,Loja Física
466,2024-05-24,PlayStation 5,Games,Sony,3925.76,1,0.0,Norte,AM,Pix,Loja Física
467,2024-05-24,JBL Charge 5,Áudio,JBL,1006.85,1,0.0,Sudeste,SP,Cartão de Crédito,Online
468,2024-05-24,MacBook Air M2,Notebooks,Apple,9248.16,2,0.0,Nordeste,BA,Cartão de Crédito,Online
469,2024-05-24,Cabo USB-C 2m,Acessórios,Baseus,39.83,5,0.0,Sul,PR,Cartão de Crédito,Online
470,2024-05-24,Ideapad 3,Notebooks,Lenovo,2959.92,1,0.1,Sudeste,RJ,Pix,Online
471,2024-05-24,Carregador Turbo 65W,Acessórios,Anker,154.07,1,0.05,Sul,PR,Cartão de Crédito,Loja Física
472,2024-05-24,Moto G84,Smartphones,Motorola,1430.71,2,0.0,Centro-Oeste,GO,Pix,Online
473,2024-05-24,"Smart TV 43"" Full HD",TVs,TCL,1664.19,2,0.15,Norte,TO,Cartão de Crédito,Online
474,2024-05-24,Cabo USB-C 2m,Acessórios,Baseus,40.17,4,0.0,Sul,RS,Boleto,Online
475,2024-05-24,Mi Band 8,Wearables,Xiaomi,285.37,2,0.05,Sudeste,MG,Cartão de Crédito,Loja Física
476,2024-05-24,Apple Watch SE,Wearables,Apple,2429.78,1,0.0,Norte,PA,Pix,Loja Física
477,2024-05-25,"Smart TV 55"" OLED",TVs,LG,6273.71,1,0.1,Nordeste,CE,Boleto,Online
478,2024-05-25,Apple Watch SE,Wearables,Apple,2440.01,1,0.0,Sudeste,RJ,Pix,Online
479,2024-05-25,"Smart TV 50"" 4K",TVs,Samsung,2678.61,1,0.0,Nordeste,BA,Pix,Loja Física
480,2024-05-25,Inspiron 15,Notebooks,Dell,3642.77,1,0.15,Sudeste,SP,Cartão de Crédito,Loja Física
481,2024-05-25,Galaxy Watch 6,Wearables,Samsung,1875.24,1,0.05,Sudeste,MG,Cartão de Crédito,Loja Física
482,2024-05-25,Cabo USB-C 2m,Acessórios,Baseus,38.46,2,0.0,Sudeste,MG,Pix,Loja Física
483,2024-05-26,Mouse Sem Fio,Acessórios,Logitech,131.1,2,0.1,Sul,SC,Cartão de Crédito,Online
484,2024-05-26,Moto G84,Smartphones,Motorola,1519.6,1,0.1,Sul,SC,Cartão de Crédito,Loja Física
485,2024-05-26,AirPods Pro,Áudio,Apple,1974.62,2,0.0,Sul,RS,Cartão de Crédito,Loja Física
486,2024-05-26,Fone Bluetooth Redmi Buds,Áudio,Xiaomi,208.54,5,0.0,Sudeste,ES,Cartão de Crédito,Online
487,2024-05-27,Fone Bluetooth Redmi Buds,Áudio,Xiaomi,202.45,3,0.05,Nordeste,PI,Pix,Loja Física
488,2024-05-27,PlayStation 5,Games,Sony,3852.72,1,0.15,Nordeste,CE,Cartão de Crédito,Loja Física
489,2024-05-27,JBL Charge 5,Áudio,JBL,977.45,1,0.05,Centro-Oeste,GO,Cartão de Crédito,Online
490,2024-05-29,Mouse Sem Fio,Acessórios,Logitech,122.96,4,0.05,Centro-Oeste,GO,Boleto,Online
491,2024-05-29,Fone Bluetooth Redmi Buds,Áudio,Xiaomi,194.23,2,0.1,Sudeste,SP,Boleto,Online
492,2024-05-29,Cabo USB-C 2m,Acessórios,Baseus,38.25,1,0.0,Nordeste,BA,Pix,Online
493,2024-05-30,Carregador Turbo 65W,Acessórios,Anker,150.97,2,0.0,Nordeste,PE,Boleto,Loja Física
494,2024-05-30,"Smart TV 50"" 4K",TVs,Samsung,2861.11,1,0.0,Sudeste,ES,Cartão de Crédito,Online
495,2024-05-30,Cabo USB-C 2m,Acessórios,Baseus,37.45,2,0.15,Sul,RS,Cartão de Crédito,Online
496,2024-05-30,Fone Bluetooth Redmi Buds,Áudio,Xiaomi,195.99,2,0.0,Sudeste,SP,Cartão de Crédito,Loja Física
497,2024-05-30,Carregador Turbo 65W,Acessórios,Anker,141.65,3,0.15,Sudeste,RJ,Pix,Online
498,2024-05-30,Mouse Sem Fio,Acessórios,Logitech,128.05,4,0.0,Nordeste,BA,Cartão de Crédito,Loja Física
499,2024-05-31,AirPods Pro,Áudio,Apple,1921.31,1,0.0,Nordeste,BA,Boleto,Online
500,2024-05-31,Mouse Sem Fio,Acessórios,Logitech,130.4,1,0.15,Sudeste,SP,Boleto,Loja Física
501,2024-05-31,Moto G84,Smartphones,Motorola,1506.19,1,0.2,Norte,PA,Boleto,Loja Física
502,2024-05-31,Cabo USB-C 2m,Acessórios,Baseus,39.4,2,0.05,Sudeste,SP,Cartão de Crédito,Loja Física
503,2024-05-31,Carregador Turbo 65W,Acessórios,Anker,147.85,1,0.0,Sudeste,SP,Cartão de Crédito,Online
504,2024-06-01,Apple Watch SE,Wearables,Apple,2520.76,1,0.0,Sul,SC,Cartão de Crédito,Online
505,2024-06-01,Carregador Turbo 65W,Acessórios,Anker,151.32,3,0.15,Sudeste,MG,Cartão de Crédito,Online
506,2024-06-01,Redmi Note 13,Smartphones,Xiaomi,1643.48,1,0.0,Centro-Oeste,DF,Cartão de Crédito,Online
507,2024-06-02,Cabo USB-C 2m,Acessórios,Baseus,37.79,1,0.05,Sul,RS,Cartão de Débito,Loja Física
508,2024-06-02,Carregador Turbo 65W,Acessórios,Anker,147.89,4,0.0,Sudeste,SP,Cartão de Crédito,Online
509,2024-06-02,Ideapad 3,Notebooks,Lenovo,2997.09,1,0.0,Sudeste,RJ,Cartão de Crédito,Online
510,2024-06-02,Inspiron 15,Notebooks,Dell,3440.86,2,0.05,Centro-Oeste,DF,Pix,Online
511,2024-06-03,Carregador Turbo 65W,Acessórios,Anker,154.67,3,0.1,Nordeste,CE,,Online
512,2024-06-03,"Smart TV 50"" 4K",TVs,Samsung,2781.62,1,0.0,Sudeste,SP,Cartão de Crédito,Loja Física
513,2024-06-03,Apple Watch SE,Wearables,Apple,2393.85,1,0.15,Sudeste,SP,Pix,Loja Física
514,2024-06-03,"Smart TV 50"" 4K",TVs,Samsung,2796.12,1,0.15,Norte,PA,Pix,Loja Física
515,2024-06-03,Redmi Note 13,Smartphones,Xiaomi,1699.96,3,0.05,Sudeste,SP,Pix,Loja Física
516,2024-06-04,Xbox Series S,Games,Microsoft,2400.81,1,0.1,Centro-Oeste,DF,Cartão de Crédito,Loja Física
517,2024-06-04,Cabo USB-C 2m,Acessórios,Baseus,39.03,1,0.0,Sudeste,SP,Cartão de Crédito,Online
518,2024-06-04,Xbox Series S,Games,Microsoft,2573.48,1,0.0,Sudeste,SP,Cartão de Crédito,Online
519,2024-06-04,Mouse Sem Fio,Acessórios,Logitech,122.68,2,0.2,Nordeste,CE,Pix,Online
520,2024-06-04,Cabo USB-C 2m,Acessórios,Baseus,37.37,1,0.1,Sudeste,SP,Pix,Online
521,2024-06-05,Ideapad 3,Notebooks,Lenovo,2927.43,1,0.0,Nordeste,PI,Boleto,Online
522,2024-06-05,JBL Charge 5,Áudio,JBL,1043.16,1,0.1,Sudeste,RJ,Cartão de Crédito,Loja Física
523,2024-06-05,Cabo USB-C 2m,Acessórios,Baseus,40.03,1,0.0,Sudeste,MG,Cartão de Crédito,Online
524,2024-06-06,"Smart TV 50"" 4K",TVs,Samsung,2872.7,1,0.05,Nordeste,PI,Boleto,Loja Física
525,2024-06-06,"Smart TV 43"" Full HD",TVs,TCL,1641.86,1,0.05,Nordeste,PE,Pix,Loja Física
526,2024-06-06,Cabo USB-C 2m,Acessórios,Baseus,40.67,1,0.0,Sudeste,MG,Cartão de Débito,Loja Física
527,2024-06-06,Nintendo Switch,Games,Nintendo,2650.52,1,0.05,Norte,AM,Cartão de Crédito,Online
528,2024-06-06,Galaxy S24,Smartphones,Samsung,4385.36,1,0.1,Norte,AM,Cartão de Débito,Online
529,2024-06-06,Mouse Sem Fio,Acessórios,Logitech,128.22,2,0.0,Sudeste,SP,Cartão de Crédito,Online
530,2024-06-07,Moto G84,Smartphones,Motorola,1561.85,1,0.05,Sudeste,MG,Cartão de Crédito,Loja Física
531,2024-06-07,Nintendo Switch,Games,Nintendo,2641.65,1,0.1,Centro-Oeste,GO,Pix,Online
532,2024-06-08,Ideapad 3,Notebooks,Lenovo,2945.18,1,0.0,Centro-Oeste,MT,Cartão de Crédito,Loja Física
533,2024-06-09,Mi Band 8,Wearables,Xiaomi,312.46,1,0.0,Sudeste,SP,Boleto,Online
534,2024-06-09,Carregador Turbo 65W,Acessórios,Anker,148.54,4,0.0,Sudeste,SP,Pix,Online
535,2024-06-09,Mi Band 8,Wearables,Xiaomi,300.53,1,0.1,Nordeste,PE,Cartão de Débito,Loja Física
536,2024-06-09,Galaxy S24,Smartphones,Samsung,4494.86,1,0.0,Sudeste,MG,Cartão de Crédito,Online
537,2024-06-10,Apple Watch SE,Wearables,Apple,2568.95,1,0.2,Sudeste,SP,Cartão de Crédito,Online
538,2024-06-10,Apple Watch SE,Wearables,Apple,2429.35,1,0.1,Sudeste,SP,Boleto,Loja Física
539,2024-06-10,Cabo USB-C 2m,Acessórios,Baseus,37.71,5,0.0,Sudeste,SP,Cartão de Crédito,Online
540,2024-06-10,Galaxy S24,Smartphones,Samsung,4791.58,1,0.05,Nordeste,PI,Cartão de Crédito,Loja Física
541,2024-06-10,Fone Bluetooth Redmi Buds,Áudio,Xiaomi,193.63,1,0.0,Sudeste,SP,Pix,Online
542,2024-06-11,Fone Bluetooth Redmi Buds,Áudio,Xiaomi,198.64,1,0.0,Sul,PR,Pix,Loja Física
543,2024-06-11,Mouse Sem Fio,Acessórios,Logitech,123.42,1,0.0,Centro-Oeste,GO,Pix,Online
544,2024-06-11,JBL Charge 5,Áudio,JBL,984.7,1,0.0,Sudeste,SP,Cartão de Débito,Loja Física
545,2024-06-11,MacBook Air M2,Notebooks,Apple,9182.32,1,0.0,Centro-Oeste,DF,Boleto,Online
546,2024-06-11,JBL Charge 5,Áudio,JBL,1046.57,1,0.1,Sudeste,SP,Cartão de Débito,Online
547,2024-06-11,PlayStation 5,Games,Sony,4146.34,2,0.0,Centro-Oeste,DF,Cartão de Crédito,Online
548,2024-06-12,Fone Bluetooth Redmi Buds,Áudio,Xiaomi,208.3,1,0.0,Sul,RS,Cartão de Crédito,Online
549,2024-06-12,Xbox Series S,Games,Microsoft,2374.92,1,0.0,Sudeste,MG,Pix,Loja Física
550,2024-06-12,JBL Charge 5,Áudio,JBL,1014.57,1,0.1,Norte,AM,Cartão de Crédito,Loja Física
551,2024-06-12,AirPods Pro,Áudio,Apple,1882.21,1,0.0,Sudeste,MG,Cartão de Crédito,Online
552,2024-06-12,Teclado Mecânico,Acessórios,Redragon,249.34,2,0.2,Sudeste,RJ,Cartão de Crédito,Loja Física
553,2024-06-13,JBL Charge 5,Áudio,JBL,963.13,1,0.0,Sul,SC,Pix,Online
554,2024-06-13,Carregador Turbo 65W,Acessórios,Anker,155.65,1,0.0,Norte,AM,Cartão de Crédito,Online
555,2024-06-13,Nintendo Switch,Games,Nintendo,2832.76,1,0.0,Centro-Oeste,GO,Pix,Loja Física
556,2024-06-14,Inspiron 15,Notebooks,Dell,3515.99,1,0.0,Sudeste,SP,Cartão de Crédito,Loja Física
557,2024-06-14,PlayStation 5,Games,Sony,3965.25,1,0.1,Nordeste,PE,Cartão de Débito,Online
558,2024-06-15,Carregador Turbo 65W,Acessórios,Anker,151.88,2,0.1,Sudeste,RJ,Pix,Online
559,2024-06-15,Mi Band 8,Wearables,Xiaomi,293.27,1,0.15,Sudeste,RJ,Pix,Online
560,2024-06-15,"Smart TV 43"" Full HD",TVs,TCL,1756.74,1,0.05,Norte,TO,Cartão de Débito,Loja Física
561,2024-06-16,Galaxy S24,Smartphones,Samsung,4492.5,2,0.0,Sudeste,SP,Pix,Online
562,2024-06-16,Galaxy Watch 6,Wearables,Samsung,1805.74,1,0.0,Nordeste,PE,Pix,Online
563,2024-06-16,Galaxy S24,Smartphones,Samsung,4634.62,2,0.15,Sudeste,SP,Cartão de Débito,Online
564,2024-06-17,Cabo USB-C 2m,Acessórios,Baseus,39.13,1,0.0,Sul,SC,Boleto,Loja Física
565,2024-06-17,"Smart TV 55"" OLED",TVs,LG,5722.1,1,0.0,Sudeste,SP,Pix,Loja Física
566,2024-06-17,Cabo USB-C 2m,Acessórios,Baseus,39.96,1,0.15,Centro-Oeste,MT,Cartão de Crédito,Online
567,2024-06-18,Galaxy S24,Smartphones,Samsung,4787.31,1,0.0,Sudeste,MG,Cartão de Crédito,Online
568,2024-06-19,Redmi Note 13,Smartphones,Xiaomi,1716.31,1,0.0,Sul,SC,Boleto,Online
569,2024-06-19,Cabo USB-C 2m,Acessórios,Baseus,40.32,2,0.0,Sul,PR,Cartão de Crédito,Loja Física
570,2024-06-19,"Smart TV 50"" 4K",TVs,Samsung,2853.37,1,0.05,Sul,SC,Pix,Loja Física
571,2024-06-19,AirPods Pro,Áudio,Apple,1916.68,1,0.0,Sudeste,RJ,Cartão de Crédito,Loja Física
572,2024-06-20,Teclado Mecânico,Acessórios,Redragon,257.88,1,0.05,Nordeste,BA,Pix,Loja Física
573,2024-06-20,Mi Band 8,Wearables,Xiaomi,305.13,2,0.2,Nordeste,BA,Cartão de Crédito,Loja Física
574,2024-06-20,Redmi Note 13,Smartphones,Xiaomi,1655.26,1,0.1,Sudeste,SP,Cartão de Crédito,Online
575,2024-06-21,"Smart TV 50"" 4K",TVs,Samsung,2825.09,1,0.15,Sudeste,RJ,Pix,Online
576,2024-06-21,Redmi Note 13,Smartphones,Xiaomi,1769.31,1,0.0,Sudeste,RJ,Cartão de Crédito,Loja Física
577,2024-06-21,iPhone 15,Smartphones,Apple,5577.3,1,0.0,Sudeste,MG,Cartão de Crédito,Loja Física
578,2024-06-21,"Smart TV 50"" 4K",TVs,Samsung,2886.88,1,0.1,Sul,RS,Cartão de Débito,Online
579,2024-06-21,Mouse Sem Fio,Acessórios,Logitech,124.3,1,0.15,Sul,PR,Cartão de Débito,Loja Física
580,2024-06-21,Fone Bluetooth Redmi Buds,Áudio,Xiaomi,205.61,1,0.0,Sudeste,SP,Cartão de Débito,Online
581,2024-06-22,"Smart TV 43"" Full HD",TVs,TCL,1767.28,1,0.0,Nordeste,BA,Cartão de Crédito,Loja Física
582,2024-06-22,"Smart TV 55"" OLED",TVs,LG,6153.03,1,0.1,Nordeste,CE,Cartão de Crédito,Online
583,2024-06-22,Carregador Turbo 65W,Acessórios,Anker,144.82,4,0.1,Sul,PR,Pix,Loja Física
584,2024-06-22,JBL Charge 5,Áudio,JBL,1003.2,1,0.0,Sul,RS,Boleto,Loja Física
585,2024-06-22,Xbox Series S,Games,Microsoft,2453.46,1,0.0,Norte,AM,Cartão de Crédito,Loja Física
586,2024-06-22,Carregador Turbo 65W,Acessórios,Anker,154.61,1,0.0,Sudeste,RJ,Cartão de Débito,Online
587,2024-06-23,Moto G84,Smartphones,Motorola,1562.09,2,0.0,Sudeste,SP,Cartão de Débito,Online
588,2024-06-24,AirPods Pro,Áudio,Apple,1860.88,1,0.0,Nordeste,BA,Pix,Loja Física
589,2024-06-24,Cabo USB-C 2m,Acessórios,Baseus,40.42,3,0.0,Sudeste,SP,Cartão de Crédito,Loja Física
590,2024-06-25,"Smart TV 43"" Full HD",TVs,TCL,1752.15,1,0.0,Sul,PR,Pix,Loja Física
591,2024-06-25,Fone Bluetooth Redmi Buds,Áudio,Xiaomi,191.98,1,0.15,Sul,SC,Cartão de Crédito,Online
592,2024-06-25,AirPods Pro,Áudio,Apple,1889.37,1,0.05,Nordeste,PE,Cartão de Crédito,Online
593,2024-06-25,Xbox Series S,Games,Microsoft,2472.11,1,0.0,Nordeste,PI,Pix,Loja Física
594,2024-06-25,Fone Bluetooth Redmi Buds,Áudio,Xiaomi,208.07,4,0.05,Sul,SC,Pix,Loja Física
595,2024-06-25,Fone Bluetooth Redmi Buds,Áudio,Xiaomi,192.94,1,0.2,Sudeste,MG,Cartão de Débito,Online
596,2024-06-27,Inspiron 15,Notebooks,Dell,3341.17,2,0.0,Sudeste,RJ,Cartão de Crédito,Online
597,2024-06-27,Redmi Note 13,Smartphones,Xiaomi,1762.05,1,0.05,Sudeste,RJ,Cartão de Débito,Online
598,2024-06-27,Carregador Turbo 65W,Acessórios,Anker,141.58,1,0.0,Sudeste,SP,Pix,Loja Física
599,2024-06-27,Ideapad 3,Notebooks,Lenovo,2861.64,2,0.1,Centro-Oeste,GO,Boleto,Online
600,2024-06-27,Carregador Turbo 65W,Acessórios,Anker,144.48,1,0.0,Sul,SC,Pix,Loja Física
601,2024-06-27,Moto G84,Smartphones,Motorola,1431.3,1,0.0,Sul,RS,Cartão de Crédito,Loja Física
602,2024-06-28,Redmi Note 13,Smartphones,Xiaomi,1692.2,1,0.0,Sudeste,SP,Cartão de Crédito,Online
603,2024-06-28,Teclado Mecânico,Acessórios,Redragon,259.89,1,0.05,Centro-Oeste,MT,Pix,Online
604,2024-06-29,AirPods Pro,Áudio,Apple,1912.5,1,0.15,Nordeste,CE,Cartão de Crédito,Loja Física
605,2024-06-29,Ideapad 3,Notebooks,Lenovo,2864.77,1,0.0,Sudeste,MG,Cartão de Crédito,Online
606,2024-06-29,Mi Band 8,Wearables,Xiaomi,289.07,2,0.0,Sudeste,SP,Cartão de Débito,Online
607,2024-06-29,Mouse Sem Fio,Acessórios,Logitech,129.88,1,0.0,Sul,PR,Cartão de Crédito,Online
608,2024-06-29,Ideapad 3,Notebooks,Lenovo,2759.76,1,0.05,Sudeste,MG,Pix,Online
609,2024-06-29,JBL Charge 5,Áudio,JBL,1033.25,2,0.05,Norte,TO,Cartão de Crédito,Online
610,2024-06-30,Fone Bluetooth Redmi Buds,Áudio,Xiaomi,199.9,3,0.0,Sul,PR,Cartão de Crédito,Loja Física
611,2024-06-30,Fone Bluetooth Redmi Buds,Áudio,Xiaomi,189.34,5,0.1,Sudeste,RJ,Cartão de Débito,Online
612,2024-06-30,Galaxy S24,Smartphones,Samsung,4772.86,1,0.0,Sul,RS,Cartão de Crédito,Online
613,2024-07-01,Mouse Sem Fio,Acessórios,Logitech,128.12,1,0.1,Sudeste,RJ,Pix,Online
614,2024-07-01,"Smart TV 50"" 4K",TVs,Samsung,2756.84,1,0.0,Centro-Oeste,GO,Cartão de Crédito,Online
615,2024-07-01,Fone Bluetooth Redmi Buds,Áudio,Xiaomi,201.29,2,0.0,Nordeste,CE,Boleto,Online
616,2024-07-01,Cabo USB-C 2m,Acessórios,Baseus,38.54,1,0.05,Sudeste,MG,Pix,Loja Física
617,2024-07-01,"Smart TV 50"" 4K",TVs,Samsung,2762.87,3,0.0,Sul,RS,Cartão de Crédito,Online
618,2024-07-02,Fone Bluetooth Redmi Buds,Áudio,Xiaomi,194.37,1,0.0,Sudeste,RJ,Cartão de Crédito,Loja Física
619,2024-07-02,Galaxy S24,Smartphones,Samsung,4693.18,1,0.05,Sul,SC,Cartão de Crédito,Loja Física
620,2024-07-02,Apple Watch SE,Wearables,Apple,2607.14,1,0.15,Sudeste,SP,Pix,Online
621,2024-07-03,"Smart TV 50"" 4K",TVs,Samsung,2927.09,1,0.05,Norte,AM,Cartão de Crédito,Loja Física
622,2024-07-03,Aspire 5,Notebooks,Acer,2963.81,1,0.0,Sudeste,MG,Cartão de Débito,Loja Física
623,2024-07-03,"Smart TV 50"" 4K",TVs,Samsung,2840.91,2,0.15,Sudeste,RJ,Cartão de Crédito,Online
624,2024-07-03,MacBook Air M2,Notebooks,Apple,9347.9,1,0.0,Nordeste,PE,Cartão de Crédito,Online
625,2024-07-03,iPhone 15,Smartphones,Apple,5493.03,1,0.0,Sul,RS,Pix,Online
626,2024-07-03,Cabo USB-C 2m,Acessórios,Baseus,38.3,1,0.05,Nordeste,BA,Cartão de Crédito,Loja Física
627,2024-07-03,Cabo USB-C 2m,Acessórios,Baseus,40.87,5,0.0,Sudeste,SP,Cartão de Crédito,Online
628,2024-07-03,Teclado Mecânico,Acessórios,Redragon,240.04,1,0.05,Nordeste,PI,Cartão de Débito,Online
629,2024-07-03,Xbox Series S,Games,Microsoft,2377.51,1,0.0,Norte,PA,Cartão de Crédito,Loja Física
630,2024-07-03,Fone Bluetooth Redmi Buds,Áudio,Xiaomi,196.78,2,0.0,Centro-Oeste,GO,Cartão de Crédito,Online
631,2024-07-04,Ideapad 3,Notebooks,Lenovo,2807.47,1,0.05,Centro-Oeste,DF,Pix,Loja Física
632,2024-07-05,Inspiron 15,Notebooks,Dell,3361.04,2,0.15,Sudeste,SP,Cartão de Crédito,Online
633,2024-07-05,JBL Charge 5,Áudio,JBL,1005.34,1,0.15,Sudeste,SP,Pix,Online
634,2024-07-05,Cabo USB-C 2m,Acessórios,Baseus,38.23,1,0.0,Sudeste,MG,Cartão de Crédito,Loja Física
635,2024-07-06,iPhone 15,Smartphones,Apple,5332.36,1,0.0,Centro-Oeste,MT,Cartão de Crédito,Online
636,2024-07-06,Fone Bluetooth Redmi Buds,Áudio,Xiaomi,189.24,1,0.0,Nordeste,BA,Cartão de Crédito,Loja Física
637,2024-07-07,Aspire 5,Notebooks,Acer,2853.47,1,0.0,Nordeste,PI,Cartão de Crédito,Online
638,2024-07-07,PlayStation 5,Games,Sony,3944.84,1,0.1,Nordeste,BA,Cartão de Crédito,Loja Física
639,2024-07-07,Aspire 5,Notebooks,Acer,3061.0,1,0.0,Sul,PR,Pix,Online
640,2024-07-07,Inspiron 15,Notebooks,Dell,3566.9,1,0.15,Sudeste,ES,Cartão de Crédito,Online
641,2024-07-08,Redmi Note 13,Smartphones,Xiaomi,1710.44,1,0.05,Sudeste,SP,Cartão de Crédito,Loja Física
642,2024-07-08,Ideapad 3,Notebooks,Lenovo,2835.59,1,0.0,Nordeste,BA,Boleto,Online
643,2024-07-08,Mouse Sem Fio,Acessórios,Logitech,126.74,2,0.15,Sudeste,RJ,Cartão de Crédito,Loja Física
644,2024-07-08,Ideapad 3,Notebooks,Lenovo,2846.78,1,0.05,Sudeste,MG,Cartão de Crédito,Online
645,2024-07-09,Carregador Turbo 65W,Acessórios,Anker,147.4,3,0.0,Norte,PA,Pix,Online
646,2024-07-09,Galaxy Watch 6,Wearables,Samsung,1834.87,1,0.1,Sudeste,ES,Cartão de Crédito,Online
647,2024-07-09,AirPods Pro,Áudio,Apple,1951.94,1,0.05,Sudeste,ES,Cartão de Crédito,Online
648,2024-07-09,Cabo USB-C 2m,Acessórios,Baseus,37.72,1,0.0,Sudeste,RJ,Cartão de Crédito,Online
649,2024-07-10,Cabo USB-C 2m,Acessórios,Baseus,38.86,1,0.05,Nordeste,BA,Cartão de Crédito,Online
650,2024-07-11,"Smart TV 50"" 4K",TVs,Samsung,2914.97,1,0.1,Norte,AM,Cartão de Crédito,Loja Física
651,2024-07-11,Mouse Sem Fio,Acessórios,Logitech,125.84,1,0.0,Sudeste,SP,Cartão de Crédito,Online
652,2024-07-11,Moto G84,Smartphones,Motorola,1564.24,1,0.0,Centro-Oeste,DF,Cartão de Crédito,Loja Física
653,2024-07-12,"Smart TV 55"" OLED",TVs,LG,6010.18,2,0.05,Sudeste,SP,,Loja Física
654,2024-07-12,Galaxy Watch 6,Wearables,Samsung,1734.15,2,0.15,Centro-Oeste,DF,Cartão de Crédito,Loja Física
655,2024-07-12,"Smart TV 50"" 4K",TVs,Samsung,2885.47,1,0.1,Norte,PA,Cartão de Crédito,Loja Física
656,2024-07-12,iPhone 15,Smartphones,Apple,5333.01,1,0.0,Sudeste,SP,Boleto,Online
657,2024-07-13,"Smart TV 43"" Full HD",TVs,TCL,1782.29,1,0.0,Sudeste,SP,Cartão de Crédito,Loja Física
658,2024-07-13,Moto G84,Smartphones,Motorola,1514.87,1,0.2,Sudeste,SP,Cartão de Crédito,Online
659,2024-07-14,JBL Charge 5,Áudio,JBL,965.98,1,0.0,Norte,TO,Cartão de Crédito,Loja Física
660,2024-07-14,iPhone 15,Smartphones,Apple,5729.18,1,0.0,Sul,SC,Cartão de Crédito,Online
661,2024-07-14,Fone Bluetooth Redmi Buds,Áudio,Xiaomi,191.15,2,0.1,Sudeste,MG,Cartão de Débito,Online
662,2024-07-14,Teclado Mecânico,Acessórios,Redragon,244.09,2,0.0,Centro-Oeste,GO,Cartão de Débito,Online
663,2024-07-14,Mouse Sem Fio,Acessórios,Logitech,128.28,3,0.15,Centro-Oeste,GO,Cartão de Crédito,Online
664,2024-07-14,JBL Charge 5,Áudio,JBL,994.64,1,0.0,Nordeste,PI,Cartão de Crédito,Online
665,2024-07-15,Carregador Turbo 65W,Acessórios,Anker,152.69,1,0.0,Sudeste,SP,Pix,Online
666,2024-07-15,Carregador Turbo 65W,Acessórios,Anker,150.81,1,0.0,Nordeste,PE,Boleto,Online
667,2024-07-15,Ideapad 3,Notebooks,Lenovo,2862.71,1,0.05,Nordeste,PE,Cartão de Débito,Online
668,2024-07-15,Galaxy S24,Smartphones,Samsung,4571.57,2,0.15,Sul,RS,Cartão de Crédito,Loja Física
669,2024-07-16,"Smart TV 50"" 4K",TVs,Samsung,2708.55,1,0.0,Sul,PR,Cartão de Crédito,Loja Física
670,2024-07-16,JBL Charge 5,Áudio,JBL,979.45,1,0.0,Nordeste,PE,Cartão de Crédito,Online
671,2024-07-16,Carregador Turbo 65W,Acessórios,Anker,148.48,1,0.0,Sudeste,SP,Cartão de Crédito,Loja Física
672,2024-07-16,"Smart TV 43"" Full HD",TVs,TCL,1716.61,1,0.1,Nordeste,BA,Pix,Loja Física
673,2024-07-16,Ideapad 3,Notebooks,Lenovo,2964.7,1,0.0,Sul,RS,Pix,Loja Física
674,2024-07-17,Cabo USB-C 2m,Acessórios,Baseus,37.4,1,0.0,Sudeste,SP,Cartão de Crédito,Online
675,2024-07-18,Mi Band 8,Wearables,Xiaomi,311.63,1,0.0,Sudeste,SP,Cartão de Débito,Loja Física
676,2024-07-18,Apple Watch SE,Wearables,Apple,2493.72,1,0.0,Sul,PR,Cartão de Crédito,Online
677,2024-07-18,Nintendo Switch,Games,Nintendo,2806.83,1,0.0,Sul,RS,Pix,Loja Física
678,2024-07-19,Fone Bluetooth Redmi Buds,Áudio,Xiaomi,206.23,1,0.05,Nordeste,PE,Cartão de Crédito,Loja Física
679,2024-07-19,Moto G84,Smartphones,Motorola,1443.64,2,0.05,Sudeste,RJ,Pix,Online
680,2024-07-19,Ideapad 3,Notebooks,Lenovo,3031.45,1,0.0,Norte,AM,Pix,Loja Física
681,2024-07-20,Galaxy S24,Smartphones,Samsung,4439.4,1,0.0,Centro-Oeste,MT,Cartão de Crédito,Online
682,2024-07-20,Galaxy S24,Smartphones,Samsung,4669.48,1,0.05,Nordeste,CE,Boleto,Online
683,2024-07-20,Mi Band 8,Wearables,Xiaomi,285.97,1,0.05,Nordeste,PE,Pix,Loja Física
684,2024-07-21,Fone Bluetooth Redmi Buds,Áudio,Xiaomi,191.7,1,0.15,Sudeste,SP,Cartão de Crédito,Online
685,2024-07-21,Apple Watch SE,Wearables,Apple,2403.33,2,0.0,Sudeste,SP,Cartão de Débito,Loja Física
686,2024-07-22,Cabo USB-C 2m,Acessórios,Baseus,37.7,3,0.1,Nordeste,CE,Cartão de Crédito,Online
687,2024-07-22,JBL Charge 5,Áudio,JBL,1033.52,1,0.05,Sudeste,SP,Pix,Loja Física
688,2024-07-22,AirPods Pro,Áudio,Apple,1841.44,2,0.0,Sul,RS,Cartão de Crédito,Online
689,2024-07-23,Galaxy S24,Smartphones,Samsung,4701.42,1,0.0,Nordeste,BA,Cartão de Crédito,Online
690,2024-07-23,Carregador Turbo 65W,Acessórios,Anker,151.37,2,0.05,Sul,RS,Cartão de Débito,Online
691,2024-07-23,Inspiron 15,Notebooks,Dell,3667.37,1,0.0,Sudeste,RJ,Boleto,Loja Física
692,2024-07-23,Mouse Sem Fio,Acessórios,Logitech,132.78,2,0.0,Sudeste,MG,Cartão de Crédito,Online
693,2024-07-24,Inspiron 15,Notebooks,Dell,3381.02,1,0.0,Sudeste,MG,Cartão de Débito,Online
694,2024-07-24,Carregador Turbo 65W,Acessórios,Anker,147.89,5,0.0,Centro-Oeste,DF,Pix,Online
695,2024-07-24,Inspiron 15,Notebooks,Dell,3333.41,2,0.05,Sudeste,RJ,Cartão de Crédito,Online
696,2024-07-24,Redmi Note 13,Smartphones,Xiaomi,1738.27,2,0.1,Nordeste,PE,Cartão de Débito,Online
697,2024-07-25,Inspiron 15,Notebooks,Dell,3401.06,1,0.0,Centro-Oeste,GO,Cartão de Crédito,Online
698,2024-07-25,Ideapad 3,Notebooks,Lenovo,2909.29,2,0.0,Centro-Oeste,GO,Cartão de Crédito,Online
699,2024-07-25,"Smart TV 43"" Full HD",TVs,TCL,1676.55,2,0.05,Nordeste,PE,Cartão de Débito,Online
700,2024-07-25,Carregador Turbo 65W,Acessórios,Anker,142.42,3,0.1,Norte,PA,Pix,Loja Física
701,2024-07-26,Mi Band 8,Wearables,Xiaomi,289.44,2,0.2,Nordeste,PI,Cartão de Débito,Loja Física
702,2024-07-26,"Smart TV 43"" Full HD",TVs,TCL,1627.89,1,0.0,Sudeste,MG,Cartão de Crédito,Loja Física
703,2024-07-26,Mi Band 8,Wearables,Xiaomi,289.91,2,0.1,Centro-Oeste,GO,Cartão de Crédito,Loja Física
704,2024-07-26,Ideapad 3,Notebooks,Lenovo,2976.93,1,0.0,Sudeste,SP,Cartão de Crédito,Loja Física
705,2024-07-27,Cabo USB-C 2m,Acessórios,Baseus,37.2,1,0.0,Sul,PR,Cartão de Crédito,Online
706,2024-07-27,Redmi Note 13,Smartphones,Xiaomi,1672.0,1,0.05,Sudeste,SP,Cartão de Crédito,Online
707,2024-07-27,Nintendo Switch,Games,Nintendo,2746.87,1,0.05,Norte,PA,Pix,Online
708,2024-07-28,"Smart TV 55"" OLED",TVs,LG,6215.71,2,0.1,Sudeste,SP,Boleto,Loja Física
709,2024-07-28,Ideapad 3,Notebooks,Lenovo,2886.78,1,0.05,Sudeste,RJ,Cartão de Débito,Online
710,2024-07-28,Inspiron 15,Notebooks,Dell,3515.45,1,0.1,Sudeste,ES,Cartão de Crédito,Online
711,2024-07-30,Apple Watch SE,Wearables,Apple,2560.28,1,0.0,Nordeste,BA,Cartão de Débito,Online
712,2024-07-30,Cabo USB-C 2m,Acessórios,Baseus,38.54,1,0.05,Nordeste,PE,Pix,Online
713,2024-07-30,Mouse Sem Fio,Acessórios,Logitech,132.99,3,0.15,Sudeste,SP,Cartão de Crédito,Online
714,2024-07-30,Fone Bluetooth Redmi Buds,Áudio,Xiaomi,208.0,1,0.0,Sudeste,SP,Pix,Loja Física
715,2024-07-30,Moto G84,Smartphones,Motorola,1483.11,1,0.05,Centro-Oeste,MT,Cartão de Crédito,Loja Física
716,2024-07-30,Mouse Sem Fio,Acessórios,Logitech,123.03,1,0.0,Sudeste,SP,Cartão de Crédito,Online
717,2024-07-31,MacBook Air M2,Notebooks,Apple,8854.14,1,0.0,Nordeste,PE,Pix,Online
718,2024-07-31,Mi Band 8,Wearables,Xiaomi,308.2,1,0.0,Sudeste,MG,Cartão de Débito,Online
719,2024-07-31,Carregador Turbo 65W,Acessórios,Anker,144.28,2,0.05,Nordeste,PI,Cartão de Crédito,Loja Física
720,2024-08-01,iPhone 15,Smartphones,Apple,5319.87,1,0.0,Sul,PR,Pix,Loja Física
721,2024-08-01,Carregador Turbo 65W,Acessórios,Anker,154.92,1,0.05,Sudeste,SP,Cartão de Crédito,Online
722,2024-08-01,Moto G84,Smartphones,Motorola,1557.82,2,0.0,Sudeste,RJ,Cartão de Crédito,Loja Física
723,2024-08-02,Galaxy S24,Smartphones,Samsung,4773.79,1,0.0,Sudeste,RJ,Pix,Loja Física
724,2024-08-02,Galaxy S24,Smartphones,Samsung,4788.8,1,0.0,Sul,RS,Cartão de Crédito,Online
725,2024-08-02,Galaxy S24,Smartphones,Samsung,4802.8,2,0.0,Sul,RS,Cartão de Crédito,Online
726,2024-08-02,Aspire 5,Notebooks,Acer,3053.9,3,0.1,Sudeste,RJ,Pix,Online
727,2024-08-02,"Smart TV 50"" 4K",TVs,Samsung,2768.08,2,0.15,Nordeste,CE,Boleto,Online
728,2024-08-03,Carregador Turbo 65W,Acessórios,Anker,149.99,1,0.0,Sudeste,RJ,Cartão de Crédito,Online
729,2024-08-03,Inspiron 15,Notebooks,Dell,3507.78,1,0.0,Sul,RS,Cartão de Crédito,Online
730,2024-08-03,Mouse Sem Fio,Acessórios,Logitech,125.78,3,0.05,Nordeste,CE,Boleto,Online
731,2024-08-04,Moto G84,Smartphones,Motorola,1441.21,2,0.1,Sudeste,SP,Boleto,Online
732,2024-08-04,"Smart TV 43"" Full HD",TVs,TCL,1755.82,1,0.1,Sudeste,MG,Pix,Online
733,2024-08-04,Moto G84,Smartphones,Motorola,1541.14,1,0.0,Nordeste,PI,Cartão de Crédito,Online
734,2024-08-04,Cabo USB-C 2m,Acessórios,Baseus,40.68,1,0.15,Sudeste,SP,Pix,Loja Física
735,2024-08-05,Moto G84,Smartphones,Motorola,1495.98,1,0.0,Sul,PR,Pix,Loja Física
736,2024-08-06,Teclado Mecânico,Acessórios,Redragon,249.8,2,0.0,Sudeste,MG,Cartão de Crédito,Loja Física
737,2024-08-06,Ideapad 3,Notebooks,Lenovo,2799.7,3,0.0,Sul,RS,Cartão de Crédito,Online
738,2024-08-06,Galaxy S24,Smartphones,Samsung,4545.45,3,0.0,Nordeste,PI,Pix,Online
739,2024-08-06,"Smart TV 50"" 4K",TVs,Samsung,2901.07,1,0.1,Centro-Oeste,MT,Cartão de Débito,Loja Física
740,2024-08-06,iPhone 15,Smartphones,Apple,5298.88,1,0.0,Sudeste,SP,Cartão de Crédito,Online
741,2024-08-06,JBL Charge 5,Áudio,JBL,1021.52,1,0.1,Sul,RS,Pix,Online
742,2024-08-06,"Smart TV 43"" Full HD",TVs,TCL,1741.23,1,0.0,Sudeste,SP,Cartão de Crédito,Online
743,2024-08-07,Mouse Sem Fio,Acessórios,Logitech,127.05,1,0.15,Norte,TO,Cartão de Crédito,Online
744,2024-08-07,Redmi Note 13,Smartphones,Xiaomi,1779.33,1,0.0,Sul,SC,Pix,Online
745,2024-08-07,Mouse Sem Fio,Acessórios,Logitech,125.57,2,0.15,Sudeste,RJ,Pix,Loja Física
746,2024-08-08,AirPods Pro,Áudio,Apple,1951.68,1,0.0,Nordeste,PE,Cartão de Crédito,Loja Física
747,2024-08-09,Cabo USB-C 2m,Acessórios,Baseus,39.14,3,0.0,Sudeste,SP,Boleto,Online
748,2024-08-09,PlayStation 5,Games,Sony,4122.59,1,0.0,Sudeste,RJ,Pix,Online
749,2024-08-09,Fone Bluetooth Redmi Buds,Áudio,Xiaomi,190.32,1,0.0,Nordeste,BA,Cartão de Crédito,Loja Física
750,2024-08-09,JBL Charge 5,Áudio,JBL,984.29,1,0.15,Sudeste,SP,Pix,Online
751,2024-08-10,Mi Band 8,Wearables,Xiaomi,290.47,1,0.1,Nordeste,BA,Cartão de Débito,Online
752,2024-08-10,Fone Bluetooth Redmi Buds,Áudio,Xiaomi,200.97,2,0.0,Centro-Oeste,DF,Cartão de Crédito,Online
753,2024-08-10,Carregador Turbo 65W,Acessórios,Anker,149.74,2,0.2,Sudeste,SP,Cartão de Crédito,Loja Física
754,2024-08-10,Mouse Sem Fio,Acessórios,Logitech,124.09,3,0.05,Sudeste,MG,Boleto,Loja Física
755,2024-08-10,Mi Band 8,Wearables,Xiaomi,297.12,1,0.0,Sul,SC,Pix,Online
756,2024-08-10,Mouse Sem Fio,Acessórios,Logitech,132.53,1,0.0,Sudeste,RJ,Cartão de Crédito,Loja Física
757,2024-08-11,Redmi Note 13,Smartphones,Xiaomi,1770.98,1,0.05,Nordeste,BA,Cartão de Crédito,Loja Física
758,2024-08-11,Teclado Mecânico,Acessórios,Redragon,245.99,5,0.0,Nordeste,CE,Boleto,Online
759,2024-08-11,Carregador Turbo 65W,Acessórios,Anker,145.9,3,0.1,Nordeste,PI,Pix,Online
760,2024-08-11,MacBook Air M2,Notebooks,Apple,9064.35,2,0.0,Sudeste,ES,Pix,Loja Física
761,2024-08-11,Carregador Turbo 65W,Acessórios,Anker,147.63,1,0.05,Sudeste,SP,Pix,Online
762,2024-08-11,Inspiron 15,Notebooks,Dell,3501.69,1,0.05,Sudeste,SP,Cartão de Crédito,Loja Física
763,2024-08-11,Teclado Mecânico,Acessórios,Redragon,237.41,1,0.0,Sudeste,SP,Cartão de Crédito,Loja Física
764,2024-08-12,Fone Bluetooth Redmi Buds,Áudio,Xiaomi,191.66,1,0.0,Nordeste,PI,Pix,Online
765,2024-08-12,Carregador Turbo 65W,Acessórios,Anker,153.85,1,0.05,Nordeste,BA,Cartão de Débito,Online
766,2024-08-13,Mi Band 8,Wearables,Xiaomi,284.12,3,0.1,Centro-Oeste,MT,Cartão de Crédito,Online
767,2024-08-13,Mi Band 8,Wearables,Xiaomi,296.4,3,0.1,Sudeste,SP,Pix,Online
768,2024-08-13,Teclado Mecânico,Acessórios,Redragon,260.63,5,0.0,Centro-Oeste,MT,Boleto,Online
769,2024-08-13,JBL Charge 5,Áudio,JBL,984.72,1,0.0,Sudeste,SP,Pix,Online
770,2024-08-14,Apple Watch SE,Wearables,Apple,2617.5,2,0.0,Sudeste,MG,Pix,Online
771,2024-08-14,Redmi Note 13,Smartphones,Xiaomi,1745.55,1,0.05,Sul,SC,Cartão de Crédito,Online
772,2024-08-14,Moto G84,Smartphones,Motorola,1437.04,2,0.1,Sudeste,MG,Cartão de Crédito,Online
773,2024-08-14,Teclado Mecânico,Acessórios,Redragon,256.15,1,0.2,Sul,PR,Cartão de Crédito,Online
774,2024-08-15,Apple Watch SE,Wearables,Apple,2475.33,1,0.0,Centro-Oeste,GO,Cartão de Crédito,Online
775,2024-08-15,iPhone 15,Smartphones,Apple,5686.84,1,0.0,Sudeste,RJ,Pix,Online
776,2024-08-17,Teclado Mecânico,Acessórios,Redragon,255.81,3,0.0,Sul,SC,Pix,Online
777,2024-08-17,Fone Bluetooth Redmi Buds,Áudio,Xiaomi,208.7,1,0.0,Sudeste,MG,Cartão de Crédito,Online
778,2024-08-17,Cabo USB-C 2m,Acessórios,Baseus,40.05,1,0.0,Nordeste,CE,Pix,Loja Física
779,2024-08-18,Fone Bluetooth Redmi Buds,Áudio,Xiaomi,192.41,5,0.1,Nordeste,CE,Cartão de Crédito,Online
780,2024-08-18,Mi Band 8,Wearables,Xiaomi,306.32,2,0.0,Norte,PA,Cartão de Débito,Online
781,2024-08-18,Apple Watch SE,Wearables,Apple,2555.74,1,0.0,Centro-Oeste,MT,Cartão de Débito,Online
782,2024-08-18,AirPods Pro,Áudio,Apple,1830.17,3,0.0,Sudeste,SP,Cartão de Crédito,Loja Física
783,2024-08-18,Moto G84,Smartphones,Motorola,1481.11,1,0.0,Sul,PR,Cartão de Crédito,Online
784,2024-08-19,Aspire 5,Notebooks,Acer,2958.38,1,0.05,Nordeste,BA,Cartão de Crédito,Online
785,2024-08-19,Cabo USB-C 2m,Acessórios,Baseus,37.17,2,0.1,Sudeste,RJ,Pix,Online
786,2024-08-19,Redmi Note 13,Smartphones,Xiaomi,1660.49,1,0.05,Sudeste,SP,Pix,Loja Física
787,2024-08-19,Redmi Note 13,Smartphones,Xiaomi,1703.8,1,0.1,Sudeste,SP,Pix,Online
788,2024-08-20,Carregador Turbo 65W,Acessórios,Anker,147.39,1,0.0,Sul,PR,Pix,Online
789,2024-08-21,Teclado Mecânico,Acessórios,Redragon,254.86,4,0.0,Sul,PR,Cartão de Crédito,Online
790,2024-08-21,Mi Band 8,Wearables,Xiaomi,304.68,3,0.05,Nordeste,PI,Cartão de Crédito,Online
791,2024-08-21,"Smart TV 43"" Full HD",TVs,TCL,1695.11,2,0.0,Sudeste,RJ,Cartão de Crédito,Online
792,2024-08-21,Carregador Turbo 65W,Acessórios,Anker,147.04,1,0.0,Nordeste,PE,Cartão de Crédito,Online
793,2024-08-21,JBL Charge 5,Áudio,JBL,1002.95,1,0.1,Sul,RS,Cartão de Crédito,Online
794,2024-08-22,Inspiron 15,Notebooks,Dell,3593.14,1,0.0,Sudeste,RJ,Pix,Online
795,2024-08-22,Carregador Turbo 65W,Acessórios,Anker,148.22,1,0.0,Nordeste,BA,Cartão de Crédito,Loja Física
796,2024-08-22,"Smart TV 50"" 4K",TVs,Samsung,2812.25,1,0.0,Nordeste,CE,Pix,Loja Física
797,2024-08-22,Mi Band 8,Wearables,Xiaomi,312.3,1,0.0,Sul,PR,Cartão de Crédito,Online
798,2024-08-22,Ideapad 3,Notebooks,Lenovo,2823.89,1,0.0,Sudeste,SP,Pix,Online
799,2024-08-23,Carregador Turbo 65W,Acessórios,Anker,154.46,1,0.0,Sudeste,MG,Cartão de Débito,Online
800,2024-08-23,Cabo USB-C 2m,Acessórios,Baseus,39.11,1,0.0,Sudeste,SP,Pix,Online
801,2024-08-23,"Smart TV 50"" 4K",TVs,Samsung,2694.21,1,0.0,Sudeste,SP,Cartão de Crédito,Online
802,2024-08-24,Moto G84,Smartphones,Motorola,1426.57,2,0.0,Sudeste,MG,Cartão de Crédito,Online
803,2024-08-24,Mouse Sem Fio,Acessórios,Logitech,129.06,1,0.0,Sudeste,RJ,Cartão de Crédito,Loja Física
804,2024-08-24,AirPods Pro,Áudio,Apple,1837.03,2,0.05,Centro-Oeste,DF,Cartão de Crédito,Online
805,2024-08-25,JBL Charge 5,Áudio,JBL,964.5,1,0.0,Sudeste,SP,Cartão de Crédito,Online
806,2024-08-26,"Smart TV 50"" 4K",TVs,Samsung,2866.51,2,0.1,Nordeste,PI,Cartão de Débito,Online
807,2024-08-26,"Smart TV 50"" 4K",TVs,Samsung,2830.05,1,0.0,Sudeste,SP,Cartão de Débito,Online
808,2024-08-26,"Smart TV 43"" Full HD",TVs,TCL,1739.27,1,0.1,Nordeste,PE,Cartão de Crédito,Loja Física
809,2024-08-26,Redmi Note 13,Smartphones,Xiaomi,1761.34,1,0.0,Nordeste,PE,Cartão de Crédito,Online
810,2024-08-27,AirPods Pro,Áudio,Apple,1826.77,2,0.15,Sul,RS,Boleto,Online
811,2024-08-27,Nintendo Switch,Games,Nintendo,2785.01,1,0.0,Sudeste,MG,Cartão de Crédito,Loja Física
812,2024-08-27,Mouse Sem Fio,Acessórios,Logitech,130.6,1,0.0,Sudeste,SP,Cartão de Crédito,Online
813,2024-08-28,Aspire 5,Notebooks,Acer,3145.11,2,0.0,Nordeste,CE,Cartão de Débito,Online
814,2024-08-28,Ideapad 3,Notebooks,Lenovo,2772.95,3,0.0,Norte,AM,Cartão de Crédito,Online
815,2024-08-28,Xbox Series S,Games,Microsoft,2523.99,1,0.05,Centro-Oeste,DF,Cartão de Débito,Online
816,2024-08-28,Moto G84,Smartphones,Motorola,1530.21,1,0.0,Centro-Oeste,GO,Pix,Online
817,2024-08-28,Galaxy Watch 6,Wearables,Samsung,1813.82,2,0.0,Nordeste,BA,Pix,Online
818,2024-08-29,Cabo USB-C 2m,Acessórios,Baseus,40.25,3,0.0,Nordeste,CE,Cartão de Crédito,Loja Física
819,2024-08-29,Mouse Sem Fio,Acessórios,Logitech,129.68,3,0.05,Sul,RS,Cartão de Crédito,Loja Física
820,2024-08-29,Teclado Mecânico,Acessórios,Redragon,257.58,2,0.05,Sul,RS,Pix,Online
821,2024-08-29,Redmi Note 13,Smartphones,Xiaomi,1653.64,1,0.0,Sudeste,SP,Cartão de Crédito,Online
822,2024-08-30,Apple Watch SE,Wearables,Apple,2461.36,1,0.05,Centro-Oeste,GO,Cartão de Crédito,Loja Física
823,2024-08-30,Mi Band 8,Wearables,Xiaomi,303.49,3,0.0,Nordeste,PE,Cartão de Débito,Online
824,2024-08-31,Teclado Mecânico,Acessórios,Redragon,256.24,2,0.1,Sudeste,MG,Pix,Loja Física
825,2024-09-01,Ideapad 3,Notebooks,Lenovo,2941.97,1,0.05,Norte,AM,Cartão de Débito,Online
826,2024-09-02,Cabo USB-C 2m,Acessórios,Baseus,38.13,1,0.0,Sudeste,SP,Pix,Loja Física
827,2024-09-02,"Smart TV 55"" OLED",TVs,LG,5836.96,1,0.15,Sudeste,SP,Cartão de Crédito,Online
828,2024-09-02,Fone Bluetooth Redmi Buds,Áudio,Xiaomi,203.6,4,0.0,Centro-Oeste,GO,Cartão de Crédito,Online
829,2024-09-02,Fone Bluetooth Redmi Buds,Áudio,Xiaomi,205.27,3,0.05,Sudeste,SP,Pix,Online
830,2024-09-02,Galaxy S24,Smartphones,Samsung,4392.78,1,0.0,Sudeste,SP,Cartão de Crédito,Online
831,2024-09-02,Carregador Turbo 65W,Acessórios,Anker,151.56,2,0.05,Norte,TO,Cartão de Crédito,Online
832,2024-09-03,Mouse Sem Fio,Acessórios,Logitech,125.46,3,0.15,Nordeste,BA,Cartão de Débito,Loja Física
833,2024-09-03,Mi Band 8,Wearables,Xiaomi,287.49,4,0.0,Sudeste,MG,Cartão de Crédito,Loja Física
834,2024-09-04,Redmi Note 13,Smartphones,Xiaomi,1743.72,1,0.15,Nordeste,PE,Cartão de Crédito,Loja Física
835,2024-09-04,"Smart TV 50"" 4K",TVs,Samsung,2661.06,1,0.0,Sul,PR,Cartão de Crédito,Online
836,2024-09-04,Mi Band 8,Wearables,Xiaomi,287.91,1,0.0,Sudeste,SP,Cartão de Débito,Online
837,2024-09-04,"Smart TV 50"" 4K",TVs,Samsung,2802.49,2,0.05,Sudeste,MG,Cartão de Crédito,Online
838,2024-09-05,Mi Band 8,Wearables,Xiaomi,295.3,4,0.0,Centro-Oeste,MT,Cartão de Crédito,Online
839,2024-09-05,Inspiron 15,Notebooks,Dell,3553.49,1,0.05,Sudeste,SP,Pix,Online
840,2024-09-05,Cabo USB-C 2m,Acessórios,Baseus,40.83,4,0.05,Norte,PA,Boleto,Loja Física
841,2024-09-05,Fone Bluetooth Redmi Buds,Áudio,Xiaomi,192.48,2,0.0,Sudeste,SP,Cartão de Débito,Online
842,2024-09-05,Cabo USB-C 2m,Acessórios,Baseus,37.92,1,0.1,Nordeste,BA,Boleto,Online
843,2024-09-06,Ideapad 3,Notebooks,Lenovo,2850.43,2,0.15,Sudeste,RJ,Pix,Loja Física
844,2024-09-06,Fone Bluetooth Redmi Buds,Áudio,Xiaomi,196.4,2,0.2,Sul,PR,Boleto,Online
845,2024-09-06,Galaxy Watch 6,Wearables,Samsung,1867.3,2,0.0,Nordeste,CE,Boleto,Online
846,2024-09-06,JBL Charge 5,Áudio,JBL,956.45,2,0.2,Centro-Oeste,DF,Cartão de Crédito,Online
847,2024-09-07,"Smart TV 55"" OLED",TVs,LG,6290.33,1,0.0,Sudeste,SP,Pix,Online
848,2024-09-07,Apple Watch SE,Wearables,Apple,2427.71,2,0.15,Norte,PA,Cartão de Crédito,Online
849,2024-09-08,Cabo USB-C 2m,Acessórios,Baseus,39.71,4,0.0,Nordeste,CE,Pix,Online
850,2024-09-09,Teclado Mecânico,Acessórios,Redragon,245.24,2,0.0,Nordeste,PE,Cartão de Crédito,Loja Física
851,2024-09-09,Fone Bluetooth Redmi Buds,Áudio,Xiaomi,191.34,1,0.0,Nordeste,PE,Pix,Online
852,2024-09-09,Fone Bluetooth Redmi Buds,Áudio,Xiaomi,200.38,1,0.0,Sudeste,SP,Cartão de Crédito,Online
853,2024-09-09,"Smart TV 50"" 4K",TVs,Samsung,2918.32,1,0.0,Sudeste,SP,Cartão de Crédito,Online
854,2024-09-10,AirPods Pro,Áudio,Apple,1938.97,1,0.05,Norte,TO,Boleto,Loja Física
855,2024-09-10,AirPods Pro,Áudio,Apple,1847.17,1,0.0,Sudeste,SP,Cartão de Débito,Online
856,2024-09-10,JBL Charge 5,Áudio,JBL,1025.37,1,0.1,Sudeste,SP,Cartão de Crédito,Online
857,2024-09-11,Teclado Mecânico,Acessórios,Redragon,255.28,3,0.0,Nordeste,PE,Cartão de Débito,Online
858,2024-09-11,MacBook Air M2,Notebooks,Apple,9216.82,1,0.0,Nordeste,PE,Pix,Online
859,2024-09-12,Mouse Sem Fio,Acessórios,Logitech,129.3,1,0.05,Nordeste,PE,Cartão de Débito,Loja Física
860,2024-09-12,Moto G84,Smartphones,Motorola,1491.7,1,0.0,Nordeste,BA,Cartão de Crédito,Online
861,2024-09-13,Galaxy S24,Smartphones,Samsung,4579.91,1,0.05,Centro-Oeste,DF,Cartão de Crédito,Loja Física
862,2024-09-13,"Smart TV 50"" 4K",TVs,Samsung,2900.73,1,0.05,Sudeste,RJ,Cartão de Crédito,Online
863,2024-09-14,"Smart TV 43"" Full HD",TVs,TCL,1727.23,1,0.0,Centro-Oeste,MT,Cartão de Crédito,Loja Física
864,2024-09-14,Cabo USB-C 2m,Acessórios,Baseus,37.54,3,0.0,Sudeste,MG,Pix,Online
865,2024-09-14,Mi Band 8,Wearables,Xiaomi,312.54,2,0.0,Nordeste,CE,Cartão de Crédito,Online
866,2024-09-14,"Smart TV 50"" 4K",TVs,Samsung,2748.44,1,0.05,Sudeste,SP,Pix,Online
867,2024-09-14,Fone Bluetooth Redmi Buds,Áudio,Xiaomi,208.2,2,0.0,Sudeste,RJ,Cartão de Crédito,Loja Física
868,2024-09-14,Galaxy S24,Smartphones,Samsung,4730.5,1,0.05,Nordeste,PI,Pix,Loja Física
869,2024-09-15,Ideapad 3,Notebooks,Lenovo,2803.43,1,0.0,Sudeste,RJ,Cartão de Crédito,Online
870,2024-09-15,Redmi Note 13,Smartphones,Xiaomi,1637.04,2,0.15,Nordeste,PI,,Loja Física
871,2024-09-15,Inspiron 15,Notebooks,Dell,3350.16,1,0.0,Sudeste,RJ,Cartão de Crédito,Online
872,2024-09-15,Mi Band 8,Wearables,Xiaomi,307.72,3,0.0,Sudeste,SP,Cartão de Crédito,Loja Física
873,2024-09-15,Galaxy S24,Smartphones,Samsung,4576.5,1,0.0,Nordeste,PI,Cartão de Crédito,Online
874,2024-09-15,Nintendo Switch,Games,Nintendo,2630.51,1,0.05,Sudeste,SP,Cartão de Crédito,Online
875,2024-09-16,Redmi Note 13,Smartphones,Xiaomi,1700.66,1,0.0,Nordeste,PE,Pix,Loja Física
876,2024-09-16,Apple Watch SE,Wearables,Apple,2377.47,1,0.0,Sudeste,MG,Cartão de Crédito,Loja Física
877,2024-09-16,Fone Bluetooth Redmi Buds,Áudio,Xiaomi,203.37,4,0.0,Sudeste,RJ,Cartão de Crédito,Online
878,2024-09-17,Carregador Turbo 65W,Acessórios,Anker,147.27,3,0.05,Sudeste,RJ,Pix,Online
879,2024-09-17,Carregador Turbo 65W,Acessórios,Anker,154.23,3,0.05,Sudeste,SP,Cartão de Crédito,Online
880,2024-09-17,Xbox Series S,Games,Microsoft,2510.81,1,0.1,Nordeste,PI,,Online
881,2024-09-17,Mi Band 8,Wearables,Xiaomi,291.29,2,0.1,Sudeste,RJ,Cartão de Crédito,Online
882,2024-09-18,Galaxy S24,Smartphones,Samsung,4558.13,1,0.15,Sudeste,SP,Boleto,Loja Física
883,2024-09-18,Ideapad 3,Notebooks,Lenovo,2826.47,1,0.0,Sul,PR,Pix,Loja Física
884,2024-09-18,Galaxy Watch 6,Wearables,Samsung,1886.3,1,0.05,Norte,PA,Cartão de Crédito,Loja Física
885,2024-09-18,Mi Band 8,Wearables,Xiaomi,286.92,1,0.0,Sudeste,RJ,Cartão de Débito,Loja Física
886,2024-09-18,Apple Watch SE,Wearables,Apple,2462.71,1,0.05,Nordeste,CE,Cartão de Débito,Loja Física
887,2024-09-19,Cabo USB-C 2m,Acessórios,Baseus,40.31,1,0.0,Sudeste,MG,Pix,Loja Física
888,2024-09-19,MacBook Air M2,Notebooks,Apple,9183.3,1,0.0,Sudeste,SP,Cartão de Crédito,Online
889,2024-09-19,JBL Charge 5,Áudio,JBL,1036.56,1,0.0,Norte,AM,Cartão de Crédito,Loja Física
890,2024-09-19,Mouse Sem Fio,Acessórios,Logitech,123.37,2,0.05,Nordeste,BA,Cartão de Crédito,Online
891,2024-09-20,Teclado Mecânico,Acessórios,Redragon,260.98,1,0.0,Sudeste,RJ,Cartão de Crédito,Loja Física
892,2024-09-20,Mi Band 8,Wearables,Xiaomi,293.66,2,0.0,Centro-Oeste,GO,Cartão de Crédito,Loja Física
893,2024-09-21,Galaxy Watch 6,Wearables,Samsung,1753.99,1,0.0,Sudeste,MG,Cartão de Débito,Online
894,2024-09-21,Moto G84,Smartphones,Motorola,1432.92,1,0.1,Sudeste,SP,Pix,Online
895,2024-09-21,JBL Charge 5,Áudio,JBL,1034.37,1,0.1,Sudeste,SP,Cartão de Crédito,Loja Física
896,2024-09-23,"Smart TV 43"" Full HD",TVs,TCL,1720.38,1,0.05,Nordeste,BA,Cartão de Crédito,Loja Física
897,2024-09-23,AirPods Pro,Áudio,Apple,1929.69,1,0.0,Nordeste,PI,Cartão de Débito,Online
898,2024-09-24,Cabo USB-C 2m,Acessórios,Baseus,38.49,4,0.0,Sudeste,SP,Cartão de Crédito,Online
899,2024-09-24,Fone Bluetooth Redmi Buds,Áudio,Xiaomi,190.58,1,0.15,Sul,SC,Cartão de Débito,Online
900,2024-09-24,Fone Bluetooth Redmi Buds,Áudio,Xiaomi,198.8,2,0.0,Nordeste,PI,Pix,Loja Física
901,2024-09-24,Moto G84,Smartphones,Motorola,1447.36,1,0.0,Sudeste,MG,Cartão de Crédito,Loja Física
902,2024-09-24,MacBook Air M2,Notebooks,Apple,9210.78,2,0.05,Nordeste,PI,Cartão de Débito,Online
903,2024-09-25,Redmi Note 13,Smartphones,Xiaomi,1624.1,1,0.0,Sul,PR,Cartão de Crédito,Loja Física
904,2024-09-25,PlayStation 5,Games,Sony,3875.94,1,0.0,Sul,RS,Cartão de Crédito,Loja Física
905,2024-09-25,Moto G84,Smartphones,Motorola,1497.31,1,0.0,Nordeste,BA,Cartão de Débito,Online
906,2024-09-25,Mi Band 8,Wearables,Xiaomi,302.53,1,0.1,Sul,RS,Cartão de Crédito,Online
907,2024-09-25,Fone Bluetooth Redmi Buds,Áudio,Xiaomi,193.86,1,0.05,Norte,TO,Cartão de Crédito,Loja Física
908,2024-09-26,Redmi Note 13,Smartphones,Xiaomi,1735.12,1,0.0,Sul,PR,Pix,Loja Física
909,2024-09-27,Nintendo Switch,Games,Nintendo,2822.83,1,0.1,Nordeste,PI,Cartão de Crédito,Online
910,2024-09-27,Mouse Sem Fio,Acessórios,Logitech,129.4,1,0.0,Nordeste,PI,Pix,Loja Física
911,2024-09-27,Cabo USB-C 2m,Acessórios,Baseus,39.73,2,0.0,Centro-Oeste,DF,Cartão de Crédito,Loja Física
912,2024-09-28,AirPods Pro,Áudio,Apple,1909.76,1,0.0,Nordeste,PI,Pix,Loja Física
913,2024-09-28,Redmi Note 13,Smartphones,Xiaomi,1681.04,1,0.05,Sudeste,SP,Cartão de Crédito,Loja Física
914,2024-09-29,"Smart TV 43"" Full HD",TVs,TCL,1780.29,1,0.1,Sudeste,RJ,Pix,Online
915,2024-09-29,"Smart TV 50"" 4K",TVs,Samsung,2783.51,1,0.0,Sudeste,SP,Pix,Loja Física
916,2024-09-29,Fone Bluetooth Redmi Buds,Áudio,Xiaomi,194.5,2,0.0,Nordeste,BA,,Online
917,2024-09-29,JBL Charge 5,Áudio,JBL,1046.2,1,0.05,Sudeste,SP,Cartão de Crédito,Online
918,2024-09-29,"Smart TV 50"" 4K",TVs,Samsung,2733.67,1,0.0,Sudeste,SP,Cartão de Crédito,Online
919,2024-09-30,Moto G84,Smartphones,Motorola,1448.2,1,0.0,Norte,AM,Cartão de Crédito,Online
920,2024-09-30,Carregador Turbo 65W,Acessórios,Anker,150.44,2,0.15,Sudeste,SP,Pix,Loja Física
921,2024-09-30,Redmi Note 13,Smartphones,Xiaomi,1635.89,1,0.0,Centro-Oeste,DF,Pix,Online
922,2024-09-30,Mouse Sem Fio,Acessórios,Logitech,129.29,2,0.2,Sul,PR,Cartão de Débito,Online
923,2024-10-01,AirPods Pro,Áudio,Apple,1810.4,1,0.15,Norte,TO,Pix,Loja Física
924,2024-10-01,Galaxy S24,Smartphones,Samsung,4633.68,1,0.1,Sudeste,SP,Pix,Online
925,2024-10-01,iPhone 15,Smartphones,Apple,5388.1,1,0.1,Sul,PR,Cartão de Débito,Online
926,2024-10-02,Mi Band 8,Wearables,Xiaomi,292.43,1,0.0,Sudeste,RJ,Cartão de Débito,Loja Física
927,2024-10-02,AirPods Pro,Áudio,Apple,1812.68,1,0.0,Sul,PR,Pix,Online
928,2024-10-02,MacBook Air M2,Notebooks,Apple,8752.6,3,0.1,Sudeste,SP,Boleto,Online
929,2024-10-03,Redmi Note 13,Smartphones,Xiaomi,1782.58,2,0.15,Sudeste,RJ,Pix,Online
930,2024-10-03,Galaxy S24,Smartphones,Samsung,4463.77,2,0.05,Nordeste,PE,Cartão de Crédito,Loja Física
931,2024-10-03,Carregador Turbo 65W,Acessórios,Anker,145.44,2,0.2,Nordeste,BA,Cartão de Crédito,Loja Física
932,2024-10-04,Cabo USB-C 2m,Acessórios,Baseus,38.75,4,0.0,Sul,PR,Cartão de Crédito,Online
933,2024-10-05,Cabo USB-C 2m,Acessórios,Baseus,37.48,2,0.05,Sudeste,RJ,Pix,Online
934,2024-10-05,iPhone 15,Smartphones,Apple,5499.31,2,0.05,Nordeste,PE,Cartão de Crédito,Loja Física
935,2024-10-05,Mi Band 8,Wearables,Xiaomi,284.31,2,0.0,Sudeste,SP,Cartão de Crédito,Online
936,2024-10-05,"Smart TV 43"" Full HD",TVs,TCL,1716.81,1,0.05,Sudeste,SP,Pix,Online
937,2024-10-06,Teclado Mecânico,Acessórios,Redragon,240.07,4,0.05,Nordeste,PI,Pix,Online
938,2024-10-07,JBL Charge 5,Áudio,JBL,957.4,1,0.0,Centro-Oeste,DF,Cartão de Crédito,Loja Física
939,2024-10-07,Moto G84,Smartphones,Motorola,1432.19,1,0.0,Nordeste,CE,Cartão de Débito,Online
940,2024-10-07,Mouse Sem Fio,Acessórios,Logitech,135.32,2,0.05,Sudeste,SP,Cartão de Crédito,Online
941,2024-10-07,"Smart TV 50"" 4K",TVs,Samsung,2803.3,1,0.05,Nordeste,PE,Cartão de Crédito,Loja Física
942,2024-10-08,AirPods Pro,Áudio,Apple,1993.32,1,0.0,Sudeste,MG,Cartão de Crédito,Loja Física
943,2024-10-08,Mi Band 8,Wearables,Xiaomi,303.1,3,0.1,Sudeste,RJ,Pix,Loja Física
944,2024-10-09,Mouse Sem Fio,Acessórios,Logitech,132.95,1,0.0,Centro-Oeste,DF,Cartão de Crédito,Online
945,2024-10-10,Carregador Turbo 65W,Acessórios,Anker,151.84,2,0.05,Sul,RS,Cartão de Crédito,Loja Física
946,2024-10-10,Galaxy Watch 6,Wearables,Samsung,1840.67,1,0.05,Norte,PA,Pix,Loja Física
947,2024-10-10,JBL Charge 5,Áudio,JBL,1043.23,1,0.15,Nordeste,BA,Cartão de Crédito,Loja Física
948,2024-10-10,Galaxy S24,Smartphones,Samsung,4623.75,1,0.05,Sudeste,MG,Pix,Online
949,2024-10-10,Redmi Note 13,Smartphones,Xiaomi,1733.63,1,0.0,Sudeste,RJ,Cartão de Débito,Online
950,2024-10-10,Carregador Turbo 65W,Acessórios,Anker,143.22,2,0.0,Sudeste,RJ,Cartão de Crédito,Loja Física
951,2024-10-10,Redmi Note 13,Smartphones,Xiaomi,1752.0,1,0.0,Norte,AM,Cartão de Crédito,Online
952,2024-10-10,Cabo USB-C 2m,Acessórios,Baseus,40.35,1,0.1,Sudeste,SP,Cartão de Crédito,Loja Física
953,2024-10-11,Mouse Sem Fio,Acessórios,Logitech,131.14,1,0.0,Sul,RS,Cartão de Crédito,Online
954,2024-10-11,MacBook Air M2,Notebooks,Apple,9143.49,1,0.05,Centro-Oeste,GO,Cartão de Débito,Loja Física
955,2024-10-12,Moto G84,Smartphones,Motorola,1475.87,1,0.0,Sudeste,RJ,Pix,Online
956,2024-10-12,Fone Bluetooth Redmi Buds,Áudio,Xiaomi,203.68,2,0.0,Sudeste,SP,Pix,Loja Física
957,2024-10-12,Galaxy Watch 6,Wearables,Samsung,1737.92,1,0.0,Sudeste,ES,Cartão de Débito,Loja Física
958,2024-10-12,Carregador Turbo 65W,Acessórios,Anker,147.26,2,0.0,Nordeste,PE,Cartão de Crédito,Online
959,2024-10-12,Inspiron 15,Notebooks,Dell,3556.38,1,0.05,Sudeste,RJ,Pix,Online
960,2024-10-13,Mi Band 8,Wearables,Xiaomi,309.56,3,0.0,Sul,RS,Pix,Online
961,2024-10-13,iPhone 15,Smartphones,Apple,5596.21,2,0.05,Sul,RS,Cartão de Crédito,Online
962,2024-10-13,JBL Charge 5,Áudio,JBL,970.05,2,0.0,Norte,AM,Pix,Online
963,2024-10-13,iPhone 15,Smartphones,Apple,5616.87,1,0.15,Norte,AM,Pix,Loja Física
964,2024-10-14,Redmi Note 13,Smartphones,Xiaomi,1623.2,1,0.0,Centro-Oeste,DF,Pix,Online
965,2024-10-14,Mouse Sem Fio,Acessórios,Logitech,126.78,5,0.2,Sul,RS,Pix,Online
966,2024-10-14,Redmi Note 13,Smartphones,Xiaomi,1736.25,1,0.0,Sudeste,MG,Boleto,Online
967,2024-10-15,Teclado Mecânico,Acessórios,Redragon,259.11,3,0.0,Norte,AM,Cartão de Crédito,Loja Física
968,2024-10-15,Cabo USB-C 2m,Acessórios,Baseus,39.02,3,0.15,Sudeste,MG,Cartão de Crédito,Loja Física
969,2024-10-15,Cabo USB-C 2m,Acessórios,Baseus,38.18,1,0.1,Sul,SC,Cartão de Crédito,Online
970,2024-10-15,Apple Watch SE,Wearables,Apple,2410.15,1,0.05,Sul,PR,Cartão de Crédito,Online
971,2024-10-15,Mi Band 8,Wearables,Xiaomi,306.28,1,0.0,Sudeste,SP,Pix,Online
972,2024-10-15,Moto G84,Smartphones,Motorola,1502.01,1,0.0,Sul,RS,Cartão de Débito,Loja Física
973,2024-10-15,Moto G84,Smartphones,Motorola,1480.53,1,0.0,Nordeste,BA,Cartão de Crédito,Online
974,2024-10-16,Aspire 5,Notebooks,Acer,3066.17,1,0.0,Sudeste,SP,Cartão de Crédito,Online
975,2024-10-16,Galaxy S24,Smartphones,Samsung,4717.12,2,0.0,Nordeste,PE,Pix,Online
976,2024-10-16,Carregador Turbo 65W,Acessórios,Anker,153.13,2,0.0,Sudeste,SP,Cartão de Débito,Loja Física
977,2024-10-16,Ideapad 3,Notebooks,Lenovo,2817.2,1,0.0,Sul,PR,Cartão de Crédito,Loja Física
978,2024-10-16,Moto G84,Smartphones,Motorola,1508.18,1,0.0,Sudeste,MG,Cartão de Crédito,Loja Física
979,2024-10-16,Aspire 5,Notebooks,Acer,3028.23,1,0.0,Norte,TO,Cartão de Crédito,Loja Física
980,2024-10-17,JBL Charge 5,Áudio,JBL,976.12,1,0.1,Sudeste,MG,Cartão de Crédito,Online
981,2024-10-17,Xbox Series S,Games,Microsoft,2489.46,2,0.0,Sul,RS,Cartão de Crédito,Online
982,2024-10-17,Ideapad 3,Notebooks,Lenovo,2934.66,1,0.15,Sudeste,ES,Pix,Loja Física
983,2024-10-17,Nintendo Switch,Games,Nintendo,2738.21,2,0.0,Centro-Oeste,DF,Cartão de Crédito,Online
984,2024-10-18,MacBook Air M2,Notebooks,Apple,8819.25,2,0.0,Nordeste,CE,Pix,Online
985,2024-10-18,"Smart TV 50"" 4K",TVs,Samsung,2812.07,1,0.15,Nordeste,BA,Cartão de Crédito,Online
986,2024-10-18,Galaxy S24,Smartphones,Samsung,4393.56,1,0.0,Sudeste,MG,Cartão de Débito,Online
987,2024-10-18,Cabo USB-C 2m,Acessórios,Baseus,40.7,1,0.0,Sul,RS,Cartão de Crédito,Online
988,2024-10-19,Mi Band 8,Wearables,Xiaomi,287.62,2,0.15,Sul,SC,Pix,Loja Física
989,2024-10-19,Fone Bluetooth Redmi Buds,Áudio,Xiaomi,205.33,1,0.1,Sudeste,SP,Cartão de Crédito,Loja Física
990,2024-10-20,Redmi Note 13,Smartphones,Xiaomi,1700.22,1,0.0,Sudeste,SP,Cartão de Crédito,Loja Física
991,2024-10-20,Aspire 5,Notebooks,Acer,2886.37,1,0.0,Nordeste,CE,Pix,Loja Física
992,2024-10-20,Aspire 5,Notebooks,Acer,3137.66,1,0.05,Norte,PA,Cartão de Crédito,Online
993,2024-10-21,Galaxy S24,Smartphones,Samsung,4601.68,1,0.0,Centro-Oeste,DF,Cartão de Débito,Online
994,2024-10-21,Ideapad 3,Notebooks,Lenovo,2956.55,1,0.05,Sudeste,RJ,Cartão de Crédito,Online
995,2024-10-21,Redmi Note 13,Smartphones,Xiaomi,1648.44,2,0.05,Centro-Oeste,GO,Pix,Online
996,2024-10-21,Teclado Mecânico,Acessórios,Redragon,250.21,1,0.0,Sudeste,SP,Cartão de Crédito,Online
997,2024-10-22,Teclado Mecânico,Acessórios,Redragon,237.16,4,0.0,Nordeste,PI,Cartão de Crédito,Loja Física
998,2024-10-22,Carregador Turbo 65W,Acessórios,Anker,154.44,1,0.0,Nordeste,PE,Cartão de Crédito,Online
999,2024-10-22,Carregador Turbo 65W,Acessórios,Anker,141.9,2,0.0,Sul,SC,Cartão de Débito,Online
1000,2024-10-23,Fone Bluetooth Redmi Buds,Áudio,Xiaomi,193.93,1,0.1,Sudeste,MG,Cartão de Crédito,Loja Física
1001,2024-10-23,Ideapad 3,Notebooks,Lenovo,3009.21,1,0.15,Nordeste,PE,Cartão de Crédito,Online
1002,2024-10-23,"Smart TV 55"" OLED",TVs,LG,6114.86,1,0.0,Centro-Oeste,DF,Pix,Loja Física
1003,2024-10-23,Ideapad 3,Notebooks,Lenovo,2787.89,3,0.0,Nordeste,PI,Cartão de Crédito,Online
1004,2024-10-24,Cabo USB-C 2m,Acessórios,Baseus,38.45,1,0.0,Sudeste,SP,Pix,Loja Física
1005,2024-10-24,Carregador Turbo 65W,Acessórios,Anker,153.07,2,0.15,Sudeste,RJ,Pix,Online
1006,2024-10-24,Aspire 5,Notebooks,Acer,3088.59,1,0.0,Centro-Oeste,DF,Cartão de Crédito,Loja Física
1007,2024-10-24,Inspiron 15,Notebooks,Dell,3579.72,1,0.0,Centro-Oeste,DF,Cartão de Crédito,Online
1008,2024-10-25,JBL Charge 5,Áudio,JBL,984.16,1,0.1,Nordeste,PI,Pix,Loja Física
1009,2024-10-26,Aspire 5,Notebooks,Acer,3032.26,2,0.0,Sudeste,MG,Cartão de Crédito,Loja Física
1010,2024-10-26,Cabo USB-C 2m,Acessórios,Baseus,37.28,4,0.0,Nordeste,CE,,Loja Física
1011,2024-10-26,Redmi Note 13,Smartphones,Xiaomi,1708.07,1,0.0,Norte,AM,Cartão de Débito,Online
1012,2024-10-27,Fone Bluetooth Redmi Buds,Áudio,Xiaomi,191.84,3,0.1,Sul,PR,Pix,Online
1013,2024-10-27,Mouse Sem Fio,Acessórios,Logitech,124.48,1,0.0,Nordeste,CE,Pix,Online
1014,2024-10-27,AirPods Pro,Áudio,Apple,1985.57,3,0.0,Sul,PR,Cartão de Crédito,Online
1015,2024-10-27,JBL Charge 5,Áudio,JBL,996.92,1,0.1,Sudeste,SP,Cartão de Débito,Online
1016,2024-10-27,Mouse Sem Fio,Acessórios,Logitech,128.75,1,0.0,Nordeste,PE,Cartão de Crédito,Online
1017,2024-10-28,Mi Band 8,Wearables,Xiaomi,295.18,2,0.0,Nordeste,PI,Cartão de Crédito,Loja Física
1018,2024-10-28,Mi Band 8,Wearables,Xiaomi,291.71,3,0.0,Sul,PR,Cartão de Crédito,Online
1019,2024-10-28,Teclado Mecânico,Acessórios,Redragon,253.79,1,0.0,Sul,SC,Cartão de Crédito,Online
1020,2024-10-29,"Smart TV 43"" Full HD",TVs,TCL,1705.78,1,0.0,Sudeste,ES,Pix,Loja Física
1021,2024-10-30,"Smart TV 43"" Full HD",TVs,TCL,1707.61,1,0.05,Sudeste,SP,Cartão de Crédito,Loja Física
1022,2024-10-30,Moto G84,Smartphones,Motorola,1478.14,2,0.0,Nordeste,CE,Pix,Online
1023,2024-10-30,Cabo USB-C 2m,Acessórios,Baseus,39.78,1,0.0,Sul,RS,Cartão de Débito,Loja Física
1024,2024-10-30,JBL Charge 5,Áudio,JBL,1045.63,1,0.0,Sudeste,SP,Cartão de Crédito,Online
1025,2024-10-31,Carregador Turbo 65W,Acessórios,Anker,142.95,2,0.05,Sudeste,SP,Pix,Online
1026,2024-10-31,"Smart TV 50"" 4K",TVs,Samsung,2908.26,1,0.1,Sudeste,ES,Pix,Loja Física
1027,2024-10-31,Cabo USB-C 2m,Acessórios,Baseus,37.95,1,0.0,Sudeste,SP,Cartão de Crédito,Online
1028,2024-10-31,AirPods Pro,Áudio,Apple,1883.69,1,0.0,Sul,RS,Pix,Online
1029,2024-10-31,Redmi Note 13,Smartphones,Xiaomi,1719.79,1,0.0,Sudeste,MG,Pix,Online
1030,2024-10-31,Teclado Mecânico,Acessórios,Redragon,246.34,2,0.2,Nordeste,PI,Cartão de Crédito,Loja Física
1031,2024-10-31,Apple Watch SE,Wearables,Apple,2452.55,1,0.0,Sul,SC,Cartão de Crédito,Online
1032,2024-11-01,Moto G84,Smartphones,Motorola,1567.93,2,0.1,Nordeste,BA,Cartão de Crédito,Online
1033,2024-11-01,Ideapad 3,Notebooks,Lenovo,2828.0,1,0.1,Nordeste,BA,Cartão de Crédito,Online
1034,2024-11-01,Ideapad 3,Notebooks,Lenovo,2927.34,2,0.0,Nordeste,BA,Pix,Loja Física
1035,2024-11-01,PlayStation 5,Games,Sony,4076.47,1,0.1,Centro-Oeste,DF,Cartão de Crédito,Online
1036,2024-11-01,JBL Charge 5,Áudio,JBL,1009.08,2,0.15,Sul,PR,Pix,Loja Física
1037,2024-11-02,Cabo USB-C 2m,Acessórios,Baseus,40.58,5,0.2,Sudeste,SP,Pix,Online
1038,2024-11-02,Fone Bluetooth Redmi Buds,Áudio,Xiaomi,193.89,4,0.05,Sudeste,SP,Pix,Online
1039,2024-11-02,"Smart TV 50"" 4K",TVs,Samsung,2687.79,2,0.1,Sul,RS,Cartão de Crédito,Online
1040,2024-11-02,AirPods Pro,Áudio,Apple,1979.79,1,0.15,Norte,PA,Cartão de Crédito,Loja Física
1041,2024-11-02,JBL Charge 5,Áudio,JBL,963.61,1,0.05,Sudeste,RJ,Cartão de Débito,Loja Física
1042,2024-11-02,Teclado Mecânico,Acessórios,Redragon,236.68,1,0.15,Sudeste,RJ,Cartão de Crédito,Online
1043,2024-11-02,Moto G84,Smartphones,Motorola,1476.94,1,0.05,Sul,PR,Cartão de Crédito,Loja Física
1044,2024-11-02,Fone Bluetooth Redmi Buds,Áudio,Xiaomi,206.14,3,0.0,Sul,RS,Cartão de Crédito,Online
1045,2024-11-03,Galaxy S24,Smartphones,Samsung,4490.21,1,0.1,Sudeste,RJ,Pix,Loja Física
1046,2024-11-03,Galaxy S24,Smartphones,Samsung,4628.72,2,0.15,Nordeste,BA,Cartão de Crédito,Loja Física
1047,2024-11-03,Cabo USB-C 2m,Acessórios,Baseus,39.57,1,0.05,Nordeste,BA,Pix,Loja Física
1048,2024-11-03,"Smart TV 50"" 4K",TVs,Samsung,2715.47,1,0.0,Centro-Oeste,DF,Pix,Online
1049,2024-11-03,Redmi Note 13,Smartphones,Xiaomi,1758.75,1,0.15,Nordeste,PE,Cartão de Crédito,Online
1050,2024-11-03,Cabo USB-C 2m,Acessórios,Baseus,37.25,2,0.1,Sudeste,SP,Pix,Loja Física
1051,2024-11-03,Mi Band 8,Wearables,Xiaomi,300.66,3,0.2,Sul,RS,Pix,Loja Física
1052,2024-11-04,Moto G84,Smartphones,Motorola,1480.55,1,0.15,Nordeste,BA,Boleto,Online
1053,2024-11-04,Nintendo Switch,Games,Nintendo,2610.74,1,0.05,Sudeste,SP,Pix,Loja Física
1054,2024-11-04,Fone Bluetooth Redmi Buds,Áudio,Xiaomi,208.07,2,0.15,Sudeste,MG,Pix,Online
1055,2024-11-04,Cabo USB-C 2m,Acessórios,Baseus,39.63,2,0.05,Sul,RS,Cartão de Crédito,Online
1056,2024-11-04,Cabo USB-C 2m,Acessórios,Baseus,37.51,3,0.15,Sudeste,SP,Cartão de Crédito,Online
1057,2024-11-05,Carregador Turbo 65W,Acessórios,Anker,143.97,1,0.2,Sudeste,SP,Cartão de Crédito,Loja Física
1058,2024-11-05,Mouse Sem Fio,Acessórios,Logitech,128.03,2,0.1,Nordeste,PI,Cartão de Crédito,Loja Física
1059,2024-11-05,Cabo USB-C 2m,Acessórios,Baseus,38.03,2,0.1,Nordeste,PE,Cartão de Débito,Online
1060,2024-11-06,"Smart TV 43"" Full HD",TVs,TCL,1707.93,2,0.15,Nordeste,PE,Cartão de Crédito,Online
1061,2024-11-06,MacBook Air M2,Notebooks,Apple,8617.0,1,0.15,Nordeste,BA,Cartão de Crédito,Loja Física
1062,2024-11-06,"Smart TV 43"" Full HD",TVs,TCL,1648.83,2,0.2,Sul,SC,Cartão de Crédito,Online
1063,2024-11-06,Ideapad 3,Notebooks,Lenovo,2807.68,2,0.15,Nordeste,CE,Pix,Loja Física
1064,2024-11-06,Xbox Series S,Games,Microsoft,2479.51,1,0.15,Sudeste,ES,Cartão de Crédito,Online
1065,2024-11-06,Mouse Sem Fio,Acessórios,Logitech,130.29,1,0.05,Sudeste,SP,Pix,Loja Física
1066,2024-11-07,Galaxy S24,Smartphones,Samsung,4451.66,2,0.2,Sudeste,SP,Pix,Loja Física
1067,2024-11-07,Moto G84,Smartphones,Motorola,1533.17,1,0.05,Sudeste,MG,Pix,Online
1068,2024-11-07,Cabo USB-C 2m,Acessórios,Baseus,40.71,3,0.2,Sudeste,RJ,Cartão de Crédito,Online
1069,2024-11-07,Carregador Turbo 65W,Acessórios,Anker,154.86,5,0.2,Sudeste,SP,Cartão de Crédito,Online
1070,2024-11-07,Moto G84,Smartphones,Motorola,1470.61,1,0.0,Nordeste,PE,Boleto,Online
1071,2024-11-08,Carregador Turbo 65W,Acessórios,Anker,148.49,1,0.15,Sudeste,ES,Cartão de Crédito,Loja Física
1072,2024-11-08,Carregador Turbo 65W,Acessórios,Anker,153.18,5,0.05,Centro-Oeste,GO,Cartão de Crédito,Loja Física
1073,2024-11-09,Teclado Mecânico,Acessórios,Redragon,247.7,3,0.05,Norte,AM,Boleto,Loja Física
1074,2024-11-09,iPhone 15,Smartphones,Apple,5619.24,1,0.1,Sul,PR,Pix,Loja Física
1075,2024-11-09,Xbox Series S,Games,Microsoft,2467.54,1,0.2,Sudeste,RJ,Pix,Loja Física
1076,2024-11-09,Carregador Turbo 65W,Acessórios,Anker,150.0,1,0.05,Nordeste,PE,Pix,Online
1077,2024-11-09,Mouse Sem Fio,Acessórios,Logitech,129.98,1,0.15,Norte,AM,Cartão de Crédito,Online
1078,2024-11-10,Nintendo Switch,Games,Nintendo,2655.58,1,0.15,Sudeste,SP,Cartão de Débito,Online
1079,2024-11-10,Mouse Sem Fio,Acessórios,Logitech,129.06,2,0.05,Nordeste,PI,Cartão de Débito,Online
1080,2024-11-10,Apple Watch SE,Wearables,Apple,2561.16,1,0.1,Sudeste,ES,Pix,Online
1081,2024-11-10,Teclado Mecânico,Acessórios,Redragon,252.7,1,0.15,Sudeste,MG,Pix,Loja Física
1082,2024-11-10,JBL Charge 5,Áudio,JBL,1019.34,4,0.15,Sudeste,RJ,Cartão de Crédito,Online
1083,2024-11-10,Moto G84,Smartphones,Motorola,1433.81,1,0.05,Centro-Oeste,DF,Cartão de Crédito,Online
1084,2024-11-11,Cabo USB-C 2m,Acessórios,Baseus,40.85,2,0.2,Sudeste,SP,Cartão de Crédito,Loja Física
1085,2024-11-11,AirPods Pro,Áudio,Apple,1993.85,1,0.1,Sul,SC,Pix,Online
1086,2024-11-11,Cabo USB-C 2m,Acessórios,Baseus,38.53,3,0.1,Norte,AM,Pix,Online
1087,2024-11-11,Mi Band 8,Wearables,Xiaomi,303.06,1,0.15,Nordeste,BA,Cartão de Crédito,Online
1088,2024-11-12,Cabo USB-C 2m,Acessórios,Baseus,38.35,2,0.2,Sudeste,SP,Boleto,Online
1089,2024-11-12,Mi Band 8,Wearables,Xiaomi,291.56,1,0.05,Nordeste,BA,Cartão de Crédito,Online
1090,2024-11-12,"Smart TV 50"" 4K",TVs,Samsung,2852.7,1,0.0,Nordeste,BA,Cartão de Crédito,Loja Física
1091,2024-11-12,Galaxy Watch 6,Wearables,Samsung,1736.52,2,0.05,Sul,SC,Pix,Online
1092,2024-11-12,Cabo USB-C 2m,Acessórios,Baseus,39.45,1,0.2,Sudeste,ES,Pix,Online
1093,2024-11-12,Galaxy S24,Smartphones,Samsung,4579.38,1,0.15,Norte,AM,Cartão de Crédito,Online
1094,2024-11-13,AirPods Pro,Áudio,Apple,1930.98,1,0.2,Sudeste,SP,Cartão de Crédito,Loja Física
1095,2024-11-13,Carregador Turbo 65W,Acessórios,Anker,145.77,2,0.2,Sul,PR,Pix,Online
1096,2024-11-13,Teclado Mecânico,Acessórios,Redragon,260.78,3,0.05,Sudeste,SP,Cartão de Débito,Online
1097,2024-11-13,Mi Band 8,Wearables,Xiaomi,287.32,3,0.05,Sul,PR,Pix,Online
1098,2024-11-13,AirPods Pro,Áudio,Apple,1987.8,1,0.1,Nordeste,PE,Boleto,Loja Física
1099,2024-11-13,Mi Band 8,Wearables,Xiaomi,290.66,1,0.05,Sudeste,MG,Cartão de Débito,Online
1100,2024-11-13,Cabo USB-C 2m,Acessórios,Baseus,37.11,2,0.15,Sul,PR,Cartão de Crédito,Online
1101,2024-11-13,"Smart TV 50"" 4K",TVs,Samsung,2937.44,1,0.05,Nordeste,PI,Pix,Online
1102,2024-11-14,Apple Watch SE,Wearables,Apple,2554.75,1,0.15,Sul,SC,Cartão de Crédito,Online
1103,2024-11-14,Cabo USB-C 2m,Acessórios,Baseus,40.75,1,0.15,Sudeste,SP,Cartão de Débito,Loja Física
1104,2024-11-14,Galaxy Watch 6,Wearables,Samsung,1742.91,2,0.15,Sudeste,SP,Pix,Online
1105,2024-11-14,Ideapad 3,Notebooks,Lenovo,2760.03,1,0.2,Sul,SC,Cartão de Crédito,Loja Física
1106,2024-11-14,JBL Charge 5,Áudio,JBL,966.45,1,0.2,Sudeste,SP,Cartão de Crédito,Loja Física
1107,2024-11-14,Carregador Turbo 65W,Acessórios,Anker,151.27,1,0.0,Sudeste,RJ,Cartão de Crédito,Online
1108,2024-11-14,Cabo USB-C 2m,Acessórios,Baseus,38.91,2,0.0,Norte,PA,Pix,Loja Física
1109,2024-11-14,"Smart TV 50"" 4K",TVs,Samsung,2871.79,2,0.15,Norte,PA,Pix,Loja Física
1110,2024-11-15,Mouse Sem Fio,Acessórios,Logitech,130.5,3,0.2,Sul,PR,Cartão de Crédito,Online
1111,2024-11-15,Fone Bluetooth Redmi Buds,Áudio,Xiaomi,194.63,3,0.1,Nordeste,PI,Cartão de Crédito,Loja Física
1112,2024-11-15,AirPods Pro,Áudio,Apple,1922.85,1,0.15,Sudeste,MG,Cartão de Débito,Loja Física
1113,2024-11-15,Cabo USB-C 2m,Acessórios,Baseus,38.8,2,0.0,Sudeste,SP,Boleto,Online
1114,2024-11-15,Carregador Turbo 65W,Acessórios,Anker,152.27,3,0.1,Norte,PA,Cartão de Crédito,Online
1115,2024-11-15,Nintendo Switch,Games,Nintendo,2825.46,1,0.2,Nordeste,BA,Pix,Loja Física
1116,2024-11-15,Nintendo Switch,Games,Nintendo,2720.43,1,0.0,Centro-Oeste,DF,Cartão de Crédito,Online
1117,2024-11-15,Galaxy S24,Smartphones,Samsung,4814.25,2,0.2,Sudeste,SP,Pix,Loja Física
1118,2024-11-16,"Smart TV 50"" 4K",TVs,Samsung,2800.2,1,0.1,Sudeste,RJ,Boleto,Online
1119,2024-11-16,Cabo USB-C 2m,Acessórios,Baseus,40.57,3,0.15,Sudeste,SP,Pix,Online
1120,2024-11-16,Cabo USB-C 2m,Acessórios,Baseus,40.86,1,0.1,Sudeste,SP,Cartão de Crédito,Loja Física
1121,2024-11-16,Inspiron 15,Notebooks,Dell,3384.7,1,0.15,Nordeste,CE,Cartão de Débito,Online
1122,2024-11-17,Moto G84,Smartphones,Motorola,1476.54,1,0.15,Sul,PR,Cartão de Crédito,Online
1123,2024-11-17,Cabo USB-C 2m,Acessórios,Baseus,39.6,2,0.1,Norte,TO,Pix,Loja Física
1124,2024-11-17,Xbox Series S,Games,Microsoft,2619.93,1,0.1,Sul,RS,Cartão de Crédito,Online
1125,2024-11-17,Aspire 5,Notebooks,Acer,3068.14,2,0.1,Sudeste,MG,Cartão de Crédito,Loja Física
1126,2024-11-17,Galaxy Watch 6,Wearables,Samsung,1879.76,4,0.1,Nordeste,CE,Pix,Online
1127,2024-11-17,JBL Charge 5,Áudio,JBL,990.53,1,0.1,Nordeste,BA,Cartão de Crédito,Online
1128,2024-11-17,"Smart TV 55"" OLED",TVs,LG,6136.69,1,0.05,Sudeste,MG,Cartão de Crédito,Loja Física
1129,2024-11-17,Fone Bluetooth Redmi Buds,Áudio,Xiaomi,207.84,5,0.15,Nordeste,PE,Boleto,Online
1130,2024-11-17,Carregador Turbo 65W,Acessórios,Anker,151.08,5,0.05,Centro-Oeste,DF,Pix,Loja Física
1131,2024-11-17,Galaxy S24,Smartphones,Samsung,4809.19,2,0.15,Sudeste,MG,Pix,Loja Física
1132,2024-11-17,Ideapad 3,Notebooks,Lenovo,3013.85,1,0.15,Sul,PR,Pix,Loja Física
1133,2024-11-17,Fone Bluetooth Redmi Buds,Áudio,Xiaomi,204.37,2,0.2,Sul,RS,Pix,Online
1134,2024-11-18,Teclado Mecânico,Acessórios,Redragon,246.28,2,0.1,Sudeste,SP,Cartão de Crédito,Loja Física
1135,2024-11-18,Carregador Turbo 65W,Acessórios,Anker,149.47,4,0.0,Nordeste,BA,Cartão de Crédito,Loja Física
1136,2024-11-18,JBL Charge 5,Áudio,JBL,1043.72,1,0.05,Sudeste,SP,Cartão de Crédito,Loja Física
1137,2024-11-18,Teclado Mecânico,Acessórios,Redragon,251.66,1,0.1,Sul,RS,Cartão de Crédito,Loja Física
1138,2024-11-18,Carregador Turbo 65W,Acessórios,Anker,144.75,2,0.05,Sul,SC,Cartão de Crédito,Online
1139,2024-11-18,JBL Charge 5,Áudio,JBL,1040.79,1,0.0,Sudeste,RJ,Pix,Loja Física
1140,2024-11-19,AirPods Pro,Áudio,Apple,1859.38,1,0.2,Sudeste,SP,Cartão de Crédito,Online
1141,2024-11-19,Mouse Sem Fio,Acessórios,Logitech,133.36,2,0.2,Sudeste,RJ,Pix,Online
1142,2024-11-19,Moto G84,Smartphones,Motorola,1473.01,1,0.05,Sudeste,MG,Boleto,Online
1143,2024-11-19,Ideapad 3,Notebooks,Lenovo,2979.98,1,0.0,Sudeste,SP,Cartão de Crédito,Loja Física
1144,2024-11-20,Galaxy S24,Smartphones,Samsung,4532.85,3,0.2,Sudeste,SP,Cartão de Débito,Online
1145,2024-11-20,Cabo USB-C 2m,Acessórios,Baseus,37.79,2,0.15,Sudeste,MG,Cartão de Crédito,Online
1146,2024-11-20,Galaxy S24,Smartphones,Samsung,4687.81,1,0.15,Sudeste,RJ,Cartão de Débito,Online
1147,2024-11-20,Fone Bluetooth Redmi Buds,Áudio,Xiaomi,204.89,2,0.2,Sul,RS,Cartão de Crédito,Online
1148,2024-11-20,Moto G84,Smartphones,Motorola,1514.21,1,0.1,Sudeste,RJ,Pix,Online
1149,2024-11-20,"Smart TV 43"" Full HD",TVs,TCL,1619.33,1,0.1,Sudeste,SP,Cartão de Crédito,Online
1150,2024-11-20,AirPods Pro,Áudio,Apple,1959.55,2,0.1,Sul,PR,Boleto,Online
1151,2024-11-21,AirPods Pro,Áudio,Apple,1983.29,1,0.15,Sul,SC,Pix,Online
1152,2024-11-21,JBL Charge 5,Áudio,JBL,1019.44,1,0.0,Sul,RS,Cartão de Débito,Online
1153,2024-11-21,Ideapad 3,Notebooks,Lenovo,2897.96,1,0.2,Sudeste,SP,Pix,Loja Física
1154,2024-11-21,AirPods Pro,Áudio,Apple,1878.63,1,0.0,Norte,PA,Cartão de Crédito,Online
1155,2024-11-21,Galaxy S24,Smartphones,Samsung,4465.63,1,0.15,Nordeste,BA,Pix,Online
1156,2024-11-22,Moto G84,Smartphones,Motorola,1482.7,1,0.0,Sudeste,MG,Pix,Online
1157,2024-11-22,Teclado Mecânico,Acessórios,Redragon,261.07,5,0.05,Centro-Oeste,MT,Cartão de Crédito,Loja Física
1158,2024-11-22,Carregador Turbo 65W,Acessórios,Anker,151.13,5,0.2,Sul,RS,Cartão de Crédito,Online
1159,2024-11-22,Carregador Turbo 65W,Acessórios,Anker,150.02,5,0.15,Norte,AM,Cartão de Crédito,Online
1160,2024-11-23,PlayStation 5,Games,Sony,3873.72,1,0.0,Sudeste,RJ,Cartão de Crédito,Loja Física
1161,2024-11-23,"Smart TV 50"" 4K",TVs,Samsung,2744.52,1,0.2,Nordeste,CE,Cartão de Crédito,Loja Física
1162,2024-11-23,Fone Bluetooth Redmi Buds,Áudio,Xiaomi,196.75,1,0.0,Norte,AM,Pix,Online
1163,2024-11-23,JBL Charge 5,Áudio,JBL,952.6,1,0.05,Sudeste,RJ,Pix,Online
1164,2024-11-23,MacBook Air M2,Notebooks,Apple,8738.47,1,0.15,Sudeste,SP,Cartão de Crédito,Loja Física
1165,2024-11-23,Mouse Sem Fio,Acessórios,Logitech,124.32,1,0.0,Sudeste,SP,Pix,Online
1166,2024-11-23,Mouse Sem Fio,Acessórios,Logitech,132.84,4,0.15,Nordeste,PI,Cartão de Crédito,Loja Física
1167,2024-11-24,Galaxy Watch 6,Wearables,Samsung,1796.68,1,0.1,Sul,SC,Cartão de Crédito,Loja Física
1168,2024-11-24,Redmi Note 13,Smartphones,Xiaomi,1653.55,1,0.1,Sudeste,MG,Cartão de Crédito,Loja Física
1169,2024-11-24,Mouse Sem Fio,Acessórios,Logitech,124.17,4,0.2,Norte,PA,Cartão de Crédito,Loja Física
1170,2024-11-24,Cabo USB-C 2m,Acessórios,Baseus,39.89,1,0.1,Nordeste,CE,Pix,Loja Física
1171,2024-11-24,iPhone 15,Smartphones,Apple,5238.38,1,0.0,Sudeste,MG,Pix,Online
1172,2024-11-24,Cabo USB-C 2m,Acessórios,Baseus,37.69,3,0.2,Sudeste,SP,Pix,Loja Física
1173,2024-11-24,Teclado Mecânico,Acessórios,Redragon,247.15,3,0.15,Nordeste,CE,Cartão de Débito,Loja Física
1174,2024-11-24,Carregador Turbo 65W,Acessórios,Anker,145.59,2,0.15,Sudeste,SP,Cartão de Crédito,Loja Física
1175,2024-11-24,Mouse Sem Fio,Acessórios,Logitech,124.96,1,0.15,Centro-Oeste,GO,Boleto,Online
1176,2024-11-24,Cabo USB-C 2m,Acessórios,Baseus,40.14,3,0.1,Sul,PR,Cartão de Crédito,Loja Física
1177,2024-11-24,Teclado Mecânico,Acessórios,Redragon,249.09,2,0.15,Sudeste,SP,Pix,Online
1178,2024-11-24,Fone Bluetooth Redmi Buds,Áudio,Xiaomi,208.79,1,0.1,Sudeste,SP,Cartão de Débito,Loja Física
1179,2024-11-24,Inspiron 15,Notebooks,Dell,3483.07,1,0.15,Sul,PR,Pix,Loja Física
1180,2024-11-25,Ideapad 3,Notebooks,Lenovo,2860.71,2,0.05,Sudeste,MG,Cartão de Crédito,Online
1181,2024-11-25,iPhone 15,Smartphones,Apple,5377.26,1,0.1,Sudeste,SP,Cartão de Crédito,Loja Física
1182,2024-11-25,Cabo USB-C 2m,Acessórios,Baseus,40.05,3,0.1,Sul,PR,Cartão de Crédito,Online
1183,2024-11-25,Galaxy S24,Smartphones,Samsung,4564.15,1,0.15,Sudeste,SP,Cartão de Crédito,Online
1184,2024-11-25,Nintendo Switch,Games,Nintendo,2605.08,2,0.15,Centro-Oeste,GO,Cartão de Crédito,Online
1185,2024-11-25,Moto G84,Smartphones,Motorola,1486.61,1,0.0,Sul,SC,Pix,Online
1186,2024-11-25,Carregador Turbo 65W,Acessórios,Anker,147.04,5,0.1,Norte,PA,Pix,Loja Física
1187,2024-11-25,Carregador Turbo 65W,Acessórios,Anker,144.85,4,0.2,Nordeste,PE,Cartão de Crédito,Online
1188,2024-11-25,Nintendo Switch,Games,Nintendo,2633.54,1,0.2,Nordeste,CE,Pix,Online
1189,2024-11-26,Fone Bluetooth Redmi Buds,Áudio,Xiaomi,191.88,2,0.1,Sudeste,RJ,Cartão de Crédito,Online
1190,2024-11-26,"Smart TV 43"" Full HD",TVs,TCL,1781.49,1,0.2,Centro-Oeste,GO,Cartão de Crédito,Online
1191,2024-11-26,Cabo USB-C 2m,Acessórios,Baseus,37.13,2,0.15,Nordeste,PI,Cartão de Débito,Loja Física
1192,2024-11-26,Moto G84,Smartphones,Motorola,1463.11,2,0.2,Sudeste,RJ,Cartão de Crédito,Online
1193,2024-11-26,"Smart TV 43"" Full HD",TVs,TCL,1688.19,1,0.05,Nordeste,BA,Cartão de Crédito,Loja Física
1194,2024-11-26,Carregador Turbo 65W,Acessórios,Anker,144.2,3,0.2,Nordeste,PI,Pix,Online
1195,2024-11-27,Redmi Note 13,Smartphones,Xiaomi,1647.48,2,0.2,Sudeste,SP,Cartão de Crédito,Loja Física
1196,2024-11-27,"Smart TV 50"" 4K",TVs,Samsung,2860.49,1,0.15,Sudeste,SP,Cartão de Débito,Online
1197,2024-11-27,Mouse Sem Fio,Acessórios,Logitech,133.21,5,0.15,Sudeste,SP,Cartão de Crédito,Loja Física
1198,2024-11-27,MacBook Air M2,Notebooks,Apple,9186.0,2,0.15,Sudeste,RJ,Cartão de Crédito,Loja Física
1199,2024-11-27,MacBook Air M2,Notebooks,Apple,9170.35,1,0.2,Sudeste,SP,Pix,Online
1200,2024-11-27,"Smart TV 50"" 4K",TVs,Samsung,2843.97,1,0.15,Norte,PA,Pix,Online
1201,2024-11-27,Cabo USB-C 2m,Acessórios,Baseus,37.68,2,0.05,Sul,SC,Cartão de Crédito,Online
1202,2024-11-28,Mouse Sem Fio,Acessórios,Logitech,134.16,2,0.2,Sudeste,SP,Pix,Online
1203,2024-11-28,Galaxy Watch 6,Wearables,Samsung,1823.72,1,0.0,Centro-Oeste,DF,Cartão de Crédito,Loja Física
1204,2024-11-28,Cabo USB-C 2m,Acessórios,Baseus,37.3,3,0.15,Sudeste,SP,Pix,Loja Física
1205,2024-11-28,Mi Band 8,Wearables,Xiaomi,311.91,1,0.15,Sul,PR,Cartão de Crédito,Online
1206,2024-11-28,"Smart TV 43"" Full HD",TVs,TCL,1698.48,1,0.15,Sul,RS,Cartão de Crédito,Online
1207,2024-11-28,Cabo USB-C 2m,Acessórios,Baseus,40.02,1,0.15,Nordeste,CE,Cartão de Crédito,Online
1208,2024-11-28,Inspiron 15,Notebooks,Dell,3607.88,1,0.1,Sul,RS,Cartão de Débito,Loja Física
1209,2024-11-28,AirPods Pro,Áudio,Apple,1880.3,1,0.1,Sudeste,RJ,Cartão de Crédito,Online
1210,2024-11-29,"Smart TV 43"" Full HD",TVs,TCL,1729.59,1,0.05,Nordeste,PI,Cartão de Crédito,Loja Física
1211,2024-11-29,Moto G84,Smartphones,Motorola,1429.01,2,0.15,Centro-Oeste,DF,Cartão de Crédito,Online
1212,2024-11-29,Fone Bluetooth Redmi Buds,Áudio,Xiaomi,199.72,1,0.15,Sudeste,SP,Pix,Online
1213,2024-11-29,JBL Charge 5,Áudio,JBL,1006.38,1,0.15,Sudeste,SP,Pix,Loja Física
1214,2024-11-30,Galaxy Watch 6,Wearables,Samsung,1770.08,1,0.05,Sul,PR,Cartão de Crédito,Online
1215,2024-11-30,Nintendo Switch,Games,Nintendo,2739.33,1,0.1,Sudeste,SP,Pix,Loja Física
1216,2024-11-30,"Smart TV 43"" Full HD",TVs,TCL,1628.64,1,0.1,Norte,AM,Pix,Online
1217,2024-11-30,Teclado Mecânico,Acessórios,Redragon,237.8,2,0.2,Sudeste,RJ,Cartão de Crédito,Online
1218,2024-11-30,"Smart TV 50"" 4K",TVs,Samsung,2841.02,1,0.2,Nordeste,PE,Pix,Online
1219,2024-11-30,Galaxy Watch 6,Wearables,Samsung,1768.31,1,0.0,Sudeste,SP,Pix,Online
1220,2024-11-30,Cabo USB-C 2m,Acessórios,Baseus,39.93,2,0.05,Centro-Oeste,DF,Cartão de Crédito,Online
1221,2024-11-30,Fone Bluetooth Redmi Buds,Áudio,Xiaomi,205.86,4,0.15,Sudeste,SP,Pix,Loja Física
1222,2024-12-01,AirPods Pro,Áudio,Apple,1983.52,1,0.05,Sul,SC,Pix,Online
1223,2024-12-01,Cabo USB-C 2m,Acessórios,Baseus,37.4,1,0.0,Nordeste,BA,Cartão de Crédito,Online
1224,2024-12-01,Mouse Sem Fio,Acessórios,Logitech,132.23,1,0.0,Sudeste,SP,Pix,Loja Física
1225,2024-12-01,"Smart TV 55"" OLED",TVs,LG,5857.12,1,0.0,Nordeste,PI,Pix,Online
1226,2024-12-01,Aspire 5,Notebooks,Acer,3100.46,1,0.0,Sul,PR,Boleto,Online
1227,2024-12-01,Carregador Turbo 65W,Acessórios,Anker,142.49,1,0.0,Sudeste,SP,Cartão de Crédito,Online
1228,2024-12-01,AirPods Pro,Áudio,Apple,1947.88,2,0.0,Centro-Oeste,DF,Cartão de Crédito,Online
1229,2024-12-02,Cabo USB-C 2m,Acessórios,Baseus,40.81,1,0.0,Nordeste,CE,Pix,Loja Física
1230,2024-12-02,Redmi Note 13,Smartphones,Xiaomi,1650.58,2,0.0,Norte,AM,Cartão de Débito,Online
1231,2024-12-02,Fone Bluetooth Redmi Buds,Áudio,Xiaomi,207.15,3,0.0,Sudeste,SP,Pix,Online
1232,2024-12-02,Fone Bluetooth Redmi Buds,Áudio,Xiaomi,195.97,3,0.0,Sudeste,SP,Pix,Loja Física
1233,2024-12-02,AirPods Pro,Áudio,Apple,1891.98,1,0.0,Sudeste,RJ,Cartão de Crédito,Online
1234,2024-12-02,Fone Bluetooth Redmi Buds,Áudio,Xiaomi,199.72,3,0.0,Nordeste,PI,,Online
1235,2024-12-02,Galaxy S24,Smartphones,Samsung,4370.24,1,0.0,Centro-Oeste,MT,Pix,Loja Física
1236,2024-12-03,AirPods Pro,Áudio,Apple,1849.85,1,0.15,Sudeste,MG,Cartão de Débito,Loja Física
1237,2024-12-03,"Smart TV 55"" OLED",TVs,LG,5895.24,1,0.1,Nordeste,CE,Cartão de Crédito,Online
1238,2024-12-03,Inspiron 15,Notebooks,Dell,3324.84,1,0.1,Sul,PR,Cartão de Crédito,Loja Física
1239,2024-12-03,Inspiron 15,Notebooks,Dell,3542.91,2,0.05,Centro-Oeste,MT,Cartão de Débito,Online
1240,2024-12-03,Apple Watch SE,Wearables,Apple,2545.95,1,0.0,Sudeste,RJ,Cartão de Crédito,Online
1241,2024-12-03,Mi Band 8,Wearables,Xiaomi,286.07,1,0.15,Sul,SC,Pix,Online
1242,2024-12-03,Galaxy Watch 6,Wearables,Samsung,1816.37,1,0.05,Sudeste,SP,Cartão de Crédito,Online
1243,2024-12-03,Galaxy Watch 6,Wearables,Samsung,1747.53,2,0.1,Centro-Oeste,GO,Boleto,Online
1244,2024-12-04,Mi Band 8,Wearables,Xiaomi,300.82,1,0.0,Sudeste,MG,Cartão de Crédito,Online
1245,2024-12-04,JBL Charge 5,Áudio,JBL,1034.16,1,0.05,Sul,PR,Pix,Loja Física
1246,2024-12-04,Mouse Sem Fio,Acessórios,Logitech,133.46,2,0.1,Norte,TO,Pix,Loja Física
1247,2024-12-04,Moto G84,Smartphones,Motorola,1473.21,2,0.0,Sudeste,RJ,Cartão de Crédito,Loja Física
1248,2024-12-04,AirPods Pro,Áudio,Apple,1867.08,1,0.0,Sudeste,RJ,Cartão de Crédito,Online
1249,2024-12-04,AirPods Pro,Áudio,Apple,1868.94,2,0.1,Norte,PA,Boleto,Online
1250,2024-12-05,"Smart TV 43"" Full HD",TVs,TCL,1675.05,2,0.1,Sudeste,SP,Cartão de Crédito,Online
1251,2024-12-05,Aspire 5,Notebooks,Acer,3057.59,2,0.1,Centro-Oeste,DF,Cartão de Crédito,Online
1252,2024-12-05,Carregador Turbo 65W,Acessórios,Anker,155.92,1,0.05,Sudeste,RJ,Pix,Online
1253,2024-12-05,Redmi Note 13,Smartphones,Xiaomi,1658.13,2,0.05,Centro-Oeste,GO,Pix,Loja Física
1254,2024-12-05,Fone Bluetooth Redmi Buds,Áudio,Xiaomi,194.31,1,0.2,Sul,RS,Cartão de Débito,Online
1255,2024-12-05,"Smart TV 43"" Full HD",TVs,TCL,1722.27,1,0.0,Centro-Oeste,MT,Pix,Loja Física
1256,2024-12-05,Inspiron 15,Notebooks,Dell,3542.16,2,0.0,Sul,RS,Cartão de Crédito,Online
1257,2024-12-05,Carregador Turbo 65W,Acessórios,Anker,154.79,1,0.1,Sudeste,SP,Cartão de Crédito,Online
1258,2024-12-05,Cabo USB-C 2m,Acessórios,Baseus,40.0,3,0.0,Sul,RS,Cartão de Crédito,Loja Física
1259,2024-12-06,AirPods Pro,Áudio,Apple,1984.22,1,0.05,Sudeste,ES,Cartão de Crédito,Online
1260,2024-12-06,Cabo USB-C 2m,Acessórios,Baseus,40.89,4,0.15,Sul,PR,Boleto,Online
1261,2024-12-06,"Smart TV 43"" Full HD",TVs,TCL,1774.12,1,0.15,Nordeste,PI,Cartão de Crédito,Loja Física
1262,2024-12-06,Fone Bluetooth Redmi Buds,Áudio,Xiaomi,199.57,5,0.0,Sul,PR,Cartão de Débito,Online
1263,2024-12-06,Teclado Mecânico,Acessórios,Redragon,248.32,1,0.0,Centro-Oeste,MT,Cartão de Crédito,Online
1264,2024-12-06,Redmi Note 13,Smartphones,Xiaomi,1642.27,1,0.0,Sudeste,SP,Pix,Online
1265,2024-12-06,Galaxy S24,Smartphones,Samsung,4449.55,1,0.0,Centro-Oeste,GO,Cartão de Crédito,Online
1266,2024-12-06,Moto G84,Smartphones,Motorola,1497.49,2,0.1,Sudeste,SP,Pix,Loja Física
1267,2024-12-07,Cabo USB-C 2m,Acessórios,Baseus,39.49,1,0.0,Sudeste,SP,Cartão de Crédito,Online
1268,2024-12-07,Cabo USB-C 2m,Acessórios,Baseus,39.33,1,0.0,Sudeste,MG,Cartão de Crédito,Online
1269,2024-12-07,Galaxy Watch 6,Wearables,Samsung,1717.92,1,0.05,Sudeste,ES,Cartão de Crédito,Loja Física
1270,2024-12-07,Fone Bluetooth Redmi Buds,Áudio,Xiaomi,195.4,2,0.0,Sul,SC,Cartão de Crédito,Loja Física
1271,2024-12-07,AirPods Pro,Áudio,Apple,1899.55,1,0.1,Sudeste,SP,Pix,Online
1272,2024-12-08,Cabo USB-C 2m,Acessórios,Baseus,37.96,2,0.0,Nordeste,PI,Cartão de Débito,Online
1273,2024-12-08,AirPods Pro,Áudio,Apple,1888.33,1,0.05,Centro-Oeste,GO,Pix,Online
1274,2024-12-08,Cabo USB-C 2m,Acessórios,Baseus,38.38,2,0.0,Sudeste,SP,Pix,Online
1275,2024-12-08,Mouse Sem Fio,Acessórios,Logitech,134.67,1,0.1,Sudeste,MG,Cartão de Crédito,Loja Física
1276,2024-12-08,Teclado Mecânico,Acessórios,Redragon,243.79,1,0.05,Nordeste,CE,Pix,Loja Física
1277,2024-12-09,Nintendo Switch,Games,Nintendo,2624.06,1,0.0,Centro-Oeste,GO,Pix,Online
1278,2024-12-09,JBL Charge 5,Áudio,JBL,986.88,1,0.0,Sudeste,MG,Pix,Loja Física
1279,2024-12-09,Carregador Turbo 65W,Acessórios,Anker,156.09,4,0.0,Sul,PR,Cartão de Crédito,Loja Física
1280,2024-12-09,Mouse Sem Fio,Acessórios,Logitech,129.33,2,0.05,Sudeste,ES,Cartão de Crédito,Online
1281,2024-12-10,Inspiron 15,Notebooks,Dell,3522.58,1,0.05,Sul,RS,Cartão de Débito,Online
1282,2024-12-10,iPhone 15,Smartphones,Apple,5416.8,2,0.0,Sudeste,SP,Pix,Online
1283,2024-12-10,Mi Band 8,Wearables,Xiaomi,298.36,2,0.05,Sudeste,MG,Cartão de Crédito,Loja Física
1284,2024-12-10,"Smart TV 43"" Full HD",TVs,TCL,1650.19,1,0.0,Nordeste,PE,Pix,Online
1285,2024-12-10,Cabo USB-C 2m,Acessórios,Baseus,40.13,2,0.0,Sul,PR,Cartão de Crédito,Online
1286,2024-12-10,Aspire 5,Notebooks,Acer,3118.64,1,0.0,Sudeste,SP,Pix,Loja Física
1287,2024-12-11,"Smart TV 50"" 4K",TVs,Samsung,2845.84,3,0.15,Nordeste,PI,Cartão de Crédito,Online
1288,2024-12-11,Moto G84,Smartphones,Motorola,1472.41,1,0.0,Norte,AM,Cartão de Crédito,Online
1289,2024-12-11,Fone Bluetooth Redmi Buds,Áudio,Xiaomi,196.14,2,0.2,Norte,AM,Cartão de Crédito,Online
1290,2024-12-12,Fone Bluetooth Redmi Buds,Áudio,Xiaomi,196.59,5,0.0,Sudeste,RJ,Cartão de Crédito,Online
1291,2024-12-12,Fone Bluetooth Redmi Buds,Áudio,Xiaomi,208.09,2,0.05,Sudeste,RJ,Boleto,Loja Física
1292,2024-12-12,Carregador Turbo 65W,Acessórios,Anker,148.14,1,0.05,Sudeste,SP,Cartão de Crédito,Online
1293,2024-12-12,Teclado Mecânico,Acessórios,Redragon,258.87,3,0.1,Sul,PR,Cartão de Crédito,Online
1294,2024-12-12,"Smart TV 43"" Full HD",TVs,TCL,1637.39,1,0.0,Sudeste,RJ,Pix,Online
1295,2024-12-12,Aspire 5,Notebooks,Acer,3107.91,1,0.0,Sudeste,SP,Cartão de Crédito,Online
1296,2024-12-12,Cabo USB-C 2m,Acessórios,Baseus,37.63,1,0.05,Sudeste,MG,Pix,Loja Física
1297,2024-12-12,Cabo USB-C 2m,Acessórios,Baseus,39.1,4,0.05,Sul,PR,Cartão de Débito,Online
1298,2024-12-12,Galaxy Watch 6,Wearables,Samsung,1737.52,3,0.0,Sudeste,MG,Pix,Online
1299,2024-12-12,iPhone 15,Smartphones,Apple,5619.3,1,0.0,Sul,PR,Cartão de Débito,Online
1300,2024-12-13,Cabo USB-C 2m,Acessórios,Baseus,39.81,2,0.0,Sudeste,RJ,Boleto,Loja Física
1301,2024-12-13,Cabo USB-C 2m,Acessórios,Baseus,38.14,1,0.05,Centro-Oeste,MT,Cartão de Crédito,Loja Física
1302,2024-12-13,Redmi Note 13,Smartphones,Xiaomi,1650.2,1,0.05,Norte,AM,Cartão de Crédito,Online
1303,2024-12-13,Fone Bluetooth Redmi Buds,Áudio,Xiaomi,194.21,1,0.0,Sudeste,RJ,Pix,Online
1304,2024-12-13,"Smart TV 43"" Full HD",TVs,TCL,1745.86,1,0.0,Sudeste,SP,Cartão de Crédito,Loja Física
1305,2024-12-13,Redmi Note 13,Smartphones,Xiaomi,1643.9,1,0.05,Sudeste,MG,Cartão de Crédito,Online
1306,2024-12-14,Fone Bluetooth Redmi Buds,Áudio,Xiaomi,189.2,1,0.0,Centro-Oeste,DF,Cartão de Crédito,Online
1307,2024-12-14,AirPods Pro,Áudio,Apple,1840.72,3,0.15,Sudeste,MG,Cartão de Crédito,Online
1308,2024-12-14,iPhone 15,Smartphones,Apple,5637.77,2,0.1,Sudeste,SP,Cartão de Crédito,Online
1309,2024-12-14,PlayStation 5,Games,Sony,3980.33,1,0.0,Sudeste,MG,Pix,Online
1310,2024-12-14,AirPods Pro,Áudio,Apple,1829.97,1,0.0,Nordeste,CE,Cartão de Crédito,Online
1311,2024-12-14,Fone Bluetooth Redmi Buds,Áudio,Xiaomi,198.6,2,0.1,Sudeste,MG,Cartão de Crédito,Loja Física
1312,2024-12-14,Mouse Sem Fio,Acessórios,Logitech,134.64,3,0.0,Centro-Oeste,DF,Cartão de Crédito,Loja Física
1313,2024-12-15,Apple Watch SE,Wearables,Apple,2575.72,1,0.1,Sudeste,RJ,Boleto,Online
1314,2024-12-15,AirPods Pro,Áudio,Apple,1919.13,1,0.0,Sul,PR,Cartão de Débito,Online
1315,2024-12-15,iPhone 15,Smartphones,Apple,5685.04,1,0.05,Sudeste,RJ,Cartão de Crédito,Online
1316,2024-12-15,Aspire 5,Notebooks,Acer,2893.24,1,0.1,Nordeste,PI,Pix,Loja Física
1317,2024-12-15,Carregador Turbo 65W,Acessórios,Anker,151.55,1,0.05,Sudeste,RJ,Cartão de Crédito,Online
1318,2024-12-15,"Smart TV 50"" 4K",TVs,Samsung,2852.98,1,0.0,Nordeste,PI,Cartão de Débito,Online
1319,2024-12-15,Mouse Sem Fio,Acessórios,Logitech,133.85,1,0.0,Nordeste,PE,Cartão de Débito,Online
1320,2024-12-15,Apple Watch SE,Wearables,Apple,2403.75,1,0.0,Sul,PR,Cartão de Crédito,Online
1321,2024-12-15,Cabo USB-C 2m,Acessórios,Baseus,40.63,1,0.0,Sudeste,SP,Pix,Online
1322,2024-12-16,Ideapad 3,Notebooks,Lenovo,2756.98,1,0.05,Sudeste,SP,Cartão de Crédito,Online
1323,2024-12-16,Redmi Note 13,Smartphones,Xiaomi,1777.78,1,0.0,Nordeste,CE,Pix,Online
1324,2024-12-16,Carregador Turbo 65W,Acessórios,Anker,146.94,1,0.05,Norte,PA,Cartão de Crédito,Loja Física
1325,2024-12-16,Carregador Turbo 65W,Acessórios,Anker,150.32,2,0.15,Sudeste,SP,Pix,Loja Física
1326,2024-12-16,PlayStation 5,Games,Sony,4153.77,1,0.0,Sudeste,SP,Cartão de Crédito,Online
1327,2024-12-16,Ideapad 3,Notebooks,Lenovo,2766.61,1,0.05,Sudeste,SP,Cartão de Crédito,Loja Física
1328,2024-12-17,"Smart TV 50"" 4K",TVs,Samsung,2692.77,1,0.0,Nordeste,PE,Pix,Online
1329,2024-12-17,Mouse Sem Fio,Acessórios,Logitech,126.87,2,0.0,Nordeste,BA,Cartão de Crédito,Online
1330,2024-12-17,Mi Band 8,Wearables,Xiaomi,308.38,2,0.0,Nordeste,BA,Pix,Online
1331,2024-12-17,Mouse Sem Fio,Acessórios,Logitech,130.53,2,0.0,Sudeste,SP,Cartão de Crédito,Online
1332,2024-12-18,Nintendo Switch,Games,Nintendo,2645.99,1,0.0,Sudeste,SP,Cartão de Crédito,Online
1333,2024-12-18,Cabo USB-C 2m,Acessórios,Baseus,39.15,4,0.1,Sudeste,MG,Boleto,Online
1334,2024-12-18,Ideapad 3,Notebooks,Lenovo,2961.4,3,0.0,Sudeste,SP,Cartão de Crédito,Online
1335,2024-12-18,"Smart TV 43"" Full HD",TVs,TCL,1749.62,1,0.0,Nordeste,PI,Cartão de Crédito,Online
1336,2024-12-18,Mouse Sem Fio,Acessórios,Logitech,127.22,5,0.2,Nordeste,CE,Cartão de Crédito,Loja Física
1337,2024-12-18,Fone Bluetooth Redmi Buds,Áudio,Xiaomi,192.78,1,0.0,Sul,SC,Cartão de Crédito,Loja Física
1338,2024-12-19,Apple Watch SE,Wearables,Apple,2458.87,1,0.0,Sul,PR,Boleto,Online
1339,2024-12-19,Cabo USB-C 2m,Acessórios,Baseus,38.41,2,0.0,Sul,SC,Cartão de Crédito,Online
1340,2024-12-19,Cabo USB-C 2m,Acessórios,Baseus,39.45,1,0.0,Nordeste,PI,Cartão de Crédito,Online
1341,2024-12-19,Galaxy S24,Smartphones,Samsung,4796.27,3,0.0,Sudeste,RJ,Pix,Online
1342,2024-12-19,Mi Band 8,Wearables,Xiaomi,297.45,1,0.15,Sudeste,SP,Boleto,Online
1343,2024-12-19,Teclado Mecânico,Acessórios,Redragon,252.96,1,0.1,Nordeste,BA,Cartão de Débito,Loja Física
1344,2024-12-19,Moto G84,Smartphones,Motorola,1555.01,1,0.0,Sudeste,SP,Pix,Loja Física
1345,2024-12-19,Mi Band 8,Wearables,Xiaomi,310.89,1,0.0,Norte,AM,Cartão de Crédito,Online
1346,2024-12-20,"Smart TV 43"" Full HD",TVs,TCL,1704.71,1,0.0,Nordeste,CE,Boleto,Loja Física
1347,2024-12-20,Moto G84,Smartphones,Motorola,1545.75,1,0.05,Sul,PR,Cartão de Crédito,Online
1348,2024-12-20,"Smart TV 43"" Full HD",TVs,TCL,1780.51,1,0.0,Sudeste,SP,Cartão de Crédito,Online
1349,2024-12-20,"Smart TV 43"" Full HD",TVs,TCL,1659.6,2,0.0,Centro-Oeste,DF,Cartão de Crédito,Online
1350,2024-12-20,Moto G84,Smartphones,Motorola,1502.99,1,0.0,Sudeste,SP,Pix,Online
1351,2024-12-20,JBL Charge 5,Áudio,JBL,1033.54,1,0.0,Nordeste,CE,Pix,Loja Física
1352,2024-12-20,Carregador Turbo 65W,Acessórios,Anker,149.8,3,0.2,Nordeste,BA,Cartão de Crédito,Online
1353,2024-12-20,Teclado Mecânico,Acessórios,Redragon,246.3,1,0.1,Sudeste,MG,Cartão de Débito,Online
1354,2024-12-20,"Smart TV 55"" OLED",TVs,LG,6114.77,2,0.0,Sudeste,SP,Cartão de Crédito,Loja Física
1355,2024-12-21,Carregador Turbo 65W,Acessórios,Anker,142.89,1,0.0,Sudeste,ES,Pix,Online
1356,2024-12-21,Carregador Turbo 65W,Acessórios,Anker,154.32,1,0.0,Nordeste,PE,Boleto,Online
1357,2024-12-21,"Smart TV 50"" 4K",TVs,Samsung,2814.57,1,0.0,Nordeste,BA,Cartão de Débito,Online
1358,2024-12-21,Teclado Mecânico,Acessórios,Redragon,250.85,2,0.0,Sudeste,MG,Pix,Loja Física
1359,2024-12-21,MacBook Air M2,Notebooks,Apple,8893.38,1,0.0,Sudeste,RJ,Cartão de Crédito,Loja Física
1360,2024-12-21,JBL Charge 5,Áudio,JBL,997.62,1,0.05,Sudeste,SP,Cartão de Crédito,Loja Física
1361,2024-12-22,Fone Bluetooth Redmi Buds,Áudio,Xiaomi,207.14,4,0.05,Nordeste,PE,Pix,Online
1362,2024-12-22,JBL Charge 5,Áudio,JBL,1031.42,1,0.1,Nordeste,BA,Pix,Online
1363,2024-12-22,"Smart TV 50"" 4K",TVs,Samsung,2755.29,1,0.0,Nordeste,CE,Cartão de Crédito,Loja Física
1364,2024-12-22,Fone Bluetooth Redmi Buds,Áudio,Xiaomi,204.64,2,0.0,Sudeste,MG,Pix,Loja Física
1365,2024-12-23,Mouse Sem Fio,Acessórios,Logitech,132.34,3,0.15,Sul,PR,Cartão de Crédito,Online
1366,2024-12-23,Ideapad 3,Notebooks,Lenovo,3036.22,1,0.1,Sudeste,RJ,Boleto,Loja Física
1367,2024-12-23,Galaxy S24,Smartphones,Samsung,4535.86,2,0.05,Sul,SC,Pix,Online
1368,2024-12-23,Mouse Sem Fio,Acessórios,Logitech,130.51,2,0.0,Sul,PR,Pix,Online
1369,2024-12-23,Aspire 5,Notebooks,Acer,2977.82,1,0.1,Sul,RS,Cartão de Crédito,Online
1370,2024-12-23,"Smart TV 50"" 4K",TVs,Samsung,2682.8,1,0.0,Sudeste,SP,Cartão de Crédito,Loja Física
1371,2024-12-23,Carregador Turbo 65W,Acessórios,Anker,152.75,2,0.15,Sul,PR,Cartão de Crédito,Loja Física
1372,2024-12-24,"Smart TV 50"" 4K",TVs,Samsung,2903.89,2,0.15,Sul,PR,Cartão de Crédito,Loja Física
1373,2024-12-24,Mouse Sem Fio,Acessórios,Logitech,126.41,1,0.0,Norte,AM,Pix,Loja Física
1374,2024-12-24,MacBook Air M2,Notebooks,Apple,8844.33,1,0.0,Sudeste,SP,Cartão de Crédito,Online
1375,2024-12-24,Galaxy Watch 6,Wearables,Samsung,1759.92,3,0.05,Sul,RS,Pix,Online
1376,2024-12-24,Mi Band 8,Wearables,Xiaomi,291.38,1,0.0,Sudeste,SP,Cartão de Crédito,Online
1377,2024-12-24,Aspire 5,Notebooks,Acer,2978.4,1,0.0,Norte,TO,Pix,Online
1378,2024-12-25,Inspiron 15,Notebooks,Dell,3620.86,1,0.0,Centro-Oeste,GO,Pix,Online
1379,2024-12-25,Carregador Turbo 65W,Acessórios,Anker,149.85,3,0.15,Nordeste,BA,Cartão de Crédito,Online
1380,2024-12-25,Redmi Note 13,Smartphones,Xiaomi,1754.64,1,0.0,Sul,PR,Pix,Online
1381,2024-12-25,Mouse Sem Fio,Acessórios,Logitech,131.89,1,0.0,Nordeste,BA,,Online
1382,2024-12-25,Aspire 5,Notebooks,Acer,2911.09,1,0.05,Nordeste,PI,Cartão de Débito,Loja Física
1383,2024-12-25,"Smart TV 43"" Full HD",TVs,TCL,1767.23,1,0.0,Norte,AM,Pix,Loja Física
1384,2024-12-25,Galaxy Watch 6,Wearables,Samsung,1733.19,1,0.1,Sudeste,SP,Cartão de Débito,Loja Física
1385,2024-12-26,Moto G84,Smartphones,Motorola,1479.27,1,0.0,Sul,SC,Cartão de Crédito,Online
1386,2024-12-26,Mi Band 8,Wearables,Xiaomi,310.48,2,0.05,Sul,PR,Cartão de Débito,Loja Física
1387,2024-12-26,JBL Charge 5,Áudio,JBL,962.63,1,0.1,Nordeste,BA,Cartão de Crédito,Loja Física
1388,2024-12-26,Galaxy Watch 6,Wearables,Samsung,1804.09,1,0.05,Nordeste,BA,Cartão de Crédito,Online
1389,2024-12-26,Mouse Sem Fio,Acessórios,Logitech,126.08,4,0.2,Nordeste,PI,Pix,Loja Física
1390,2024-12-26,Redmi Note 13,Smartphones,Xiaomi,1655.4,1,0.0,Nordeste,BA,Boleto,Loja Física
1391,2024-12-26,Carregador Turbo 65W,Acessórios,Anker,144.29,1,0.0,Sul,RS,Boleto,Online
1392,2024-12-26,AirPods Pro,Áudio,Apple,1849.91,1,0.1,Nordeste,BA,Pix,Loja Física
1393,2024-12-27,"Smart TV 50"" 4K",TVs,Samsung,2698.59,1,0.0,Sul,RS,Cartão de Crédito,Loja Física
1394,2024-12-27,JBL Charge 5,Áudio,JBL,1032.85,1,0.0,Norte,AM,Pix,Online
1395,2024-12-27,Mi Band 8,Wearables,Xiaomi,293.02,3,0.0,Centro-Oeste,MT,Cartão de Crédito,Online
1396,2024-12-27,"Smart TV 43"" Full HD",TVs,TCL,1629.37,2,0.0,Sudeste,SP,Cartão de Crédito,Loja Física
1397,2024-12-27,Redmi Note 13,Smartphones,Xiaomi,1685.74,1,0.0,Sul,RS,Cartão de Crédito,Online
1398,2024-12-27,Teclado Mecânico,Acessórios,Redragon,242.87,1,0.0,Sul,SC,Cartão de Crédito,Loja Física
1399,2024-12-27,Moto G84,Smartphones,Motorola,1467.23,2,0.1,Nordeste,CE,Pix,Online
1400,2024-12-27,Galaxy S24,Smartphones,Samsung,4409.92,1,0.05,Sudeste,MG,Cartão de Crédito,Online
1401,2024-12-28,Galaxy S24,Smartphones,Samsung,4746.5,1,0.0,Sul,SC,Cartão de Crédito,Loja Física
1402,2024-12-28,Cabo USB-C 2m,Acessórios,Baseus,38.72,3,0.05,Sul,SC,Cartão de Crédito,Online
1403,2024-12-28,Fone Bluetooth Redmi Buds,Áudio,Xiaomi,189.78,2,0.05,Centro-Oeste,DF,Pix,Loja Física
1404,2024-12-28,JBL Charge 5,Áudio,JBL,976.38,1,0.0,Norte,AM,Cartão de Crédito,Loja Física
1405,2024-12-28,Aspire 5,Notebooks,Acer,2927.12,1,0.0,Nordeste,PI,Boleto,Online
1406,2024-12-28,Galaxy Watch 6,Wearables,Samsung,1729.83,1,0.05,Sul,RS,Pix,Online
1407,2024-12-28,Carregador Turbo 65W,Acessórios,Anker,152.3,2,0.0,Nordeste,PE,Pix,Loja Física
1408,2024-12-29,Mi Band 8,Wearables,Xiaomi,305.18,2,0.0,Centro-Oeste,MT,Boleto,Online
1409,2024-12-29,"Smart TV 50"" 4K",TVs,Samsung,2687.61,1,0.05,Sul,PR,Cartão de Crédito,Loja Física
1410,2024-12-29,AirPods Pro,Áudio,Apple,1956.32,2,0.1,Centro-Oeste,MT,Cartão de Crédito,Online
1411,2024-12-29,"Smart TV 43"" Full HD",TVs,TCL,1707.63,1,0.15,Sudeste,RJ,Cartão de Crédito,Online
1412,2024-12-29,Teclado Mecânico,Acessórios,Redragon,247.03,1,0.05,Sul,RS,Cartão de Débito,Online
1413,2024-12-29,Cabo USB-C 2m,Acessórios,Baseus,40.52,2,0.05,Sudeste,MG,Cartão de Crédito,Online
1414,2024-12-29,Aspire 5,Notebooks,Acer,2894.54,2,0.0,Sudeste,SP,Pix,Loja Física
1415,2024-12-30,Cabo USB-C 2m,Acessórios,Baseus,40.42,4,0.05,Sudeste,MG,Cartão de Crédito,Loja Física
1416,2024-12-30,Apple Watch SE,Wearables,Apple,2615.74,1,0.0,Norte,PA,Pix,Online
1417,2024-12-30,Ideapad 3,Notebooks,Lenovo,2976.24,1,0.0,Sul,PR,Cartão de Crédito,Loja Física
1418,2024-12-30,Nintendo Switch,Games,Nintendo,2677.42,1,0.0,Norte,PA,Pix,Online
1419,2024-12-30,PlayStation 5,Games,Sony,4145.35,1,0.1,Centro-Oeste,DF,Boleto,Loja Física
1420,2024-12-30,Teclado Mecânico,Acessórios,Redragon,261.3,2,0.1,Sul,PR,Cartão de Crédito,Online
1421,2024-12-30,Galaxy Watch 6,Wearables,Samsung,1713.89,2,0.2,Sudeste,SP,Cartão de Crédito,Loja Física
1422,2024-12-30,Redmi Note 13,Smartphones,Xiaomi,1675.22,1,0.0,Sudeste,SP,Cartão de Crédito,Online
1423,2024-12-30,Ideapad 3,Notebooks,Lenovo,2851.73,1,0.15,Centro-Oeste,GO,Pix,Online
1424,2024-12-30,Moto G84,Smartphones,Motorola,1426.98,1,0.2,Sudeste,MG,Cartão de Crédito,Online
1425,2024-12-30,JBL Charge 5,Áudio,JBL,981.73,1,0.0,Sudeste,RJ,Boleto,Online
1426,2024-12-31,Carregador Turbo 65W,Acessórios,Anker,144.82,5,0.0,Sudeste,SP,Cartão de Crédito,Online
1427,2024-12-31,Redmi Note 13,Smartphones,Xiaomi,1746.14,1,0.1,Sudeste,ES,Pix,Online
1428,2024-12-31,Fone Bluetooth Redmi Buds,Áudio,Xiaomi,192.68,3,0.0,Nordeste,CE,Pix,Online
1429,2024-12-31,AirPods Pro,Áudio,Apple,1880.61,1,0.2,Nordeste,PE,Cartão de Débito,Loja Física
1430,2024-12-31,Fone Bluetooth Redmi Buds,Áudio,Xiaomi,208.12,2,0.0,Nordeste,BA,Cartão de Débito,Loja Física
1431,2025-01-01,Mouse Sem Fio,Acessórios,Logitech,122.62,1,0.05,Centro-Oeste,MT,Cartão de Crédito,Online
1432,2025-01-01,Galaxy S24,Smartphones,Samsung,4409.19,1,0.0,Sudeste,SP,Pix,Online
1433,2025-01-01,JBL Charge 5,Áudio,JBL,1014.92,1,0.0,Nordeste,CE,Cartão de Crédito,Loja Física
1434,2025-01-01,PlayStation 5,Games,Sony,4172.31,2,0.0,Centro-Oeste,GO,Cartão de Crédito,Online
1435,2025-01-02,Cabo USB-C 2m,Acessórios,Baseus,39.44,1,0.0,Sudeste,SP,Boleto,Loja Física
1436,2025-01-02,Redmi Note 13,Smartphones,Xiaomi,1686.67,1,0.0,Sudeste,RJ,Cartão de Crédito,Loja Física
1437,2025-01-02,Carregador Turbo 65W,Acessórios,Anker,145.34,2,0.0,Centro-Oeste,DF,Cartão de Crédito,Online
1438,2025-01-02,AirPods Pro,Áudio,Apple,1919.36,1,0.0,Centro-Oeste,MT,Cartão de Débito,Online
1439,2025-01-03,Apple Watch SE,Wearables,Apple,2387.92,1,0.0,Sul,RS,Cartão de Crédito,Online
1440,2025-01-03,Fone Bluetooth Redmi Buds,Áudio,Xiaomi,195.11,1,0.15,Sudeste,SP,Cartão de Crédito,Online
1441,2025-01-03,"Smart TV 43"" Full HD",TVs,TCL,1650.53,2,0.1,Sudeste,SP,Pix,Loja Física
1442,2025-01-04,Fone Bluetooth Redmi Buds,Áudio,Xiaomi,189.48,2,0.0,Sul,RS,Cartão de Débito,Online
1443,2025-01-04,MacBook Air M2,Notebooks,Apple,8836.38,1,0.1,Nordeste,PE,Cartão de Crédito,Online
1444,2025-01-04,Carregador Turbo 65W,Acessórios,Anker,143.89,2,0.0,Sudeste,RJ,Cartão de Crédito,Online
1445,2025-01-04,Cabo USB-C 2m,Acessórios,Baseus,38.17,1,0.05,Sudeste,RJ,Pix,Loja Física
1446,2025-01-04,iPhone 15,Smartphones,Apple,5380.53,1,0.0,Nordeste,BA,Cartão de Crédito,Online
1447,2025-01-05,"Smart TV 50"" 4K",TVs,Samsung,2663.93,1,0.0,Sudeste,RJ,Cartão de Crédito,Loja Física
1448,2025-01-05,"Smart TV 50"" 4K",TVs,Samsung,2886.8,1,0.1,Nordeste,BA,Cartão de Débito,Online
1449,2025-01-05,Fone Bluetooth Redmi Buds,Áudio,Xiaomi,207.08,1,0.15,Sudeste,MG,Cartão de Crédito,Online
1450,2025-01-06,Mouse Sem Fio,Acessórios,Logitech,124.57,1,0.05,Nordeste,BA,Cartão de Crédito,Online
1451,2025-01-06,Teclado Mecânico,Acessórios,Redragon,259.17,4,0.0,Sul,RS,Pix,Online
1452,2025-01-06,Redmi Note 13,Smartphones,Xiaomi,1696.39,3,0.0,Sudeste,RJ,Pix,Online
1453,2025-01-06,Carregador Turbo 65W,Acessórios,Anker,153.04,2,0.0,Sul,PR,Pix,Loja Física
1454,2025-01-07,Fone Bluetooth Redmi Buds,Áudio,Xiaomi,204.04,4,0.1,Sul,PR,Pix,Online
1455,2025-01-07,"Smart TV 50"" 4K",TVs,Samsung,2801.48,1,0.0,Sudeste,SP,Pix,Loja Física
1456,2025-01-08,Carregador Turbo 65W,Acessórios,Anker,155.11,1,0.0,Nordeste,CE,Cartão de Crédito,Loja Física
1457,2025-01-08,"Smart TV 50"" 4K",TVs,Samsung,2823.81,1,0.0,Sudeste,SP,Cartão de Crédito,Online
1458,2025-01-08,Moto G84,Smartphones,Motorola,1451.2,2,0.05,Sudeste,MG,Pix,Online
1459,2025-01-09,Moto G84,Smartphones,Motorola,1568.18,1,0.0,Sudeste,ES,Cartão de Crédito,Online
1460,2025-01-09,Fone Bluetooth Redmi Buds,Áudio,Xiaomi,206.52,1,0.0,Sudeste,SP,Cartão de Crédito,Online
1461,2025-01-09,Teclado Mecânico,Acessórios,Redragon,258.06,2,0.1,Sudeste,SP,Cartão de Crédito,Online
1462,2025-01-09,Nintendo Switch,Games,Nintendo,2603.61,1,0.0,Nordeste,BA,Cartão de Crédito,Online
1463,2025-01-09,Fone Bluetooth Redmi Buds,Áudio,Xiaomi,195.36,2,0.15,Nordeste,PE,Pix,Online
1464,2025-01-09,AirPods Pro,Áudio,Apple,1875.93,1,0.05,Sul,RS,Boleto,Online
1465,2025-01-10,Mouse Sem Fio,Acessórios,Logitech,130.38,1,0.15,Sudeste,RJ,Cartão de Crédito,Online
1466,2025-01-10,Galaxy S24,Smartphones,Samsung,4456.67,1,0.0,Nordeste,PE,Cartão de Crédito,Online
1467,2025-01-10,Moto G84,Smartphones,Motorola,1508.72,1,0.1,Nordeste,CE,Pix,Loja Física
1468,2025-01-10,"Smart TV 50"" 4K",TVs,Samsung,2839.64,1,0.0,Norte,PA,Cartão de Crédito,Loja Física
1469,2025-01-10,MacBook Air M2,Notebooks,Apple,8727.05,1,0.05,Nordeste,PE,Boleto,Online
1470,2025-01-13,"Smart TV 43"" Full HD",TVs,TCL,1692.88,1,0.0,Sul,PR,Pix,Online
1471,2025-01-13,Galaxy S24,Smartphones,Samsung,4387.69,2,0.0,Nordeste,PI,Cartão de Crédito,Online
1472,2025-01-14,Carregador Turbo 65W,Acessórios,Anker,142.87,4,0.05,Sudeste,SP,Cartão de Débito,Online
1473,2025-01-14,Cabo USB-C 2m,Acessórios,Baseus,38.71,1,0.05,Sudeste,SP,Cartão de Débito,Loja Física
1474,2025-01-14,"Smart TV 50"" 4K",TVs,Samsung,2712.04,1,0.05,Nordeste,CE,Cartão de Crédito,Online
1475,2025-01-16,Apple Watch SE,Wearables,Apple,2542.65,1,0.05,Nordeste,PE,Cartão de Crédito,Online
1476,2025-01-16,Cabo USB-C 2m,Acessórios,Baseus,39.18,3,0.1,Norte,AM,Cartão de Débito,Loja Física
1477,2025-01-16,Cabo USB-C 2m,Acessórios,Baseus,37.89,1,0.05,Nordeste,CE,Pix,Loja Física
1478,2025-01-17,"Smart TV 50"" 4K",TVs,Samsung,2735.56,1,0.0,Sudeste,SP,Cartão de Crédito,Loja Física
1479,2025-01-17,Carregador Turbo 65W,Acessórios,Anker,143.02,3,0.0,Nordeste,CE,Cartão de Crédito,Loja Física
1480,2025-01-17,Fone Bluetooth Redmi Buds,Áudio,Xiaomi,208.82,1,0.0,Sudeste,MG,Pix,Online
1481,2025-01-17,Mouse Sem Fio,Acessórios,Logitech,124.42,2,0.0,Sudeste,RJ,Cartão de Crédito,Loja Física
1482,2025-01-18,MacBook Air M2,Notebooks,Apple,8690.07,1,0.15,Norte,PA,Cartão de Débito,Loja Física
1483,2025-01-18,Moto G84,Smartphones,Motorola,1478.73,3,0.0,Sul,RS,Pix,Online
1484,2025-01-18,AirPods Pro,Áudio,Apple,1942.35,1,0.0,Norte,PA,Cartão de Crédito,Online
1485,2025-01-19,Carregador Turbo 65W,Acessórios,Anker,149.12,2,0.05,Centro-Oeste,GO,Cartão de Crédito,Online
1486,2025-01-19,Galaxy Watch 6,Wearables,Samsung,1759.44,2,0.1,Sudeste,SP,Cartão de Crédito,Online
1487,2025-01-19,"Smart TV 50"" 4K",TVs,Samsung,2820.84,2,0.2,Sudeste,MG,Cartão de Crédito,Loja Física
1488,2025-01-19,Inspiron 15,Notebooks,Dell,3350.61,1,0.0,Sudeste,RJ,Cartão de Débito,Online
1489,2025-01-20,Mouse Sem Fio,Acessórios,Logitech,124.95,2,0.05,Nordeste,BA,Pix,Online
1490,2025-01-20,Carregador Turbo 65W,Acessórios,Anker,146.88,1,0.1,Sul,RS,Cartão de Crédito,Loja Física
1491,2025-01-20,"Smart TV 50"" 4K",TVs,Samsung,2838.97,1,0.0,Sudeste,RJ,,Online
1492,2025-01-20,Fone Bluetooth Redmi Buds,Áudio,Xiaomi,193.62,2,0.15,Sudeste,SP,Cartão de Crédito,Loja Física
1493,2025-01-21,Carregador Turbo 65W,Acessórios,Anker,150.32,3,0.0,Centro-Oeste,GO,Pix,Loja Física
1494,2025-01-21,Fone Bluetooth Redmi Buds,Áudio,Xiaomi,208.49,4,0.0,Sudeste,SP,Cartão de Débito,Online
1495,2025-01-21,Inspiron 15,Notebooks,Dell,3435.26,1,0.05,Sudeste,MG,Cartão de Crédito,Online
1496,2025-01-21,Mi Band 8,Wearables,Xiaomi,299.87,2,0.0,Sudeste,SP,Cartão de Crédito,Loja Física
1497,2025-01-21,Ideapad 3,Notebooks,Lenovo,2937.8,1,0.05,Sudeste,RJ,Cartão de Crédito,Online
1498,2025-01-21,PlayStation 5,Games,Sony,4059.63,1,0.0,Sul,RS,Pix,Online
1499,2025-01-22,Cabo USB-C 2m,Acessórios,Baseus,39.96,2,0.05,Sudeste,SP,Cartão de Crédito,Loja Física
1500,2025-01-22,Moto G84,Smartphones,Motorola,1552.46,1,0.1,Nordeste,BA,Pix,Loja Física
1501,2025-01-23,Xbox Series S,Games,Microsoft,2450.48,1,0.0,Sudeste,SP,Cartão de Débito,Loja Física
1502,2025-01-23,Fone Bluetooth Redmi Buds,Áudio,Xiaomi,206.79,3,0.0,Nordeste,BA,Cartão de Débito,Online
1503,2025-01-23,Mouse Sem Fio,Acessórios,Logitech,133.97,3,0.05,Sul,RS,Boleto,Loja Física
1504,2025-01-23,Cabo USB-C 2m,Acessórios,Baseus,37.24,3,0.1,Nordeste,PE,Pix,Online
1505,2025-01-23,MacBook Air M2,Notebooks,Apple,9014.28,1,0.1,Sudeste,MG,Pix,Loja Física
1506,2025-01-24,Teclado Mecânico,Acessórios,Redragon,255.94,1,0.0,Sudeste,ES,Boleto,Loja Física
1507,2025-01-24,"Smart TV 43"" Full HD",TVs,TCL,1694.86,1,0.0,Sul,PR,Cartão de Crédito,Online
1508,2025-01-24,Galaxy S24,Smartphones,Samsung,4581.0,2,0.15,Sudeste,SP,Boleto,Online
1509,2025-01-24,Carregador Turbo 65W,Acessórios,Anker,146.34,1,0.0,Nordeste,BA,Cartão de Crédito,Online
1510,2025-01-25,Aspire 5,Notebooks,Acer,2850.88,2,0.0,Sul,PR,Boleto,Online
1511,2025-01-25,Cabo USB-C 2m,Acessórios,Baseus,40.25,3,0.0,Nordeste,BA,Pix,Online
1512,2025-01-25,Cabo USB-C 2m,Acessórios,Baseus,40.61,3,0.1,Nordeste,BA,Cartão de Crédito,Online
1513,2025-01-26,Cabo USB-C 2m,Acessórios,Baseus,39.32,2,0.0,Nordeste,BA,Pix,Online
1514,2025-01-26,Fone Bluetooth Redmi Buds,Áudio,Xiaomi,208.41,1,0.15,Sudeste,RJ,Boleto,Online
1515,2025-01-26,Galaxy S24,Smartphones,Samsung,4667.82,1,0.0,Sul,SC,Cartão de Crédito,Loja Física
1516,2025-01-27,Fone Bluetooth Redmi Buds,Áudio,Xiaomi,195.36,2,0.1,Sudeste,SP,Cartão de Crédito,Loja Física
1517,2025-01-27,Mouse Sem Fio,Acessórios,Logitech,129.76,1,0.05,Sul,RS,Cartão de Débito,Online
1518,2025-01-27,Mouse Sem Fio,Acessórios,Logitech,131.95,1,0.0,Sudeste,ES,Cartão de Crédito,Online
1519,2025-01-27,Nintendo Switch,Games,Nintendo,2595.23,3,0.0,Sudeste,RJ,Cartão de Crédito,Loja Física
1520,2025-01-27,Mouse Sem Fio,Acessórios,Logitech,131.96,1,0.0,Sudeste,RJ,Pix,Online
1521,2025-01-29,"Smart TV 43"" Full HD",TVs,TCL,1680.8,1,0.0,Nordeste,BA,Cartão de Crédito,Online
1522,2025-01-29,Mi Band 8,Wearables,Xiaomi,287.86,4,0.0,Sudeste,SP,Pix,Loja Física
1523,2025-01-29,"Smart TV 50"" 4K",TVs,Samsung,2798.24,1,0.15,Norte,AM,Cartão de Débito,Online
1524,2025-01-29,Cabo USB-C 2m,Acessórios,Baseus,39.36,3,0.0,Norte,AM,Cartão de Crédito,Loja Física
1525,2025-01-29,Cabo USB-C 2m,Acessórios,Baseus,37.81,1,0.0,Nordeste,BA,Cartão de Débito,Loja Física
1526,2025-01-30,"Smart TV 50"" 4K",TVs,Samsung,2811.35,1,0.1,Sul,SC,Pix,Online
1527,2025-01-30,Cabo USB-C 2m,Acessórios,Baseus,38.45,2,0.15,Sudeste,SP,Pix,Loja Física
1528,2025-01-30,Mi Band 8,Wearables,Xiaomi,310.29,1,0.2,Norte,AM,Cartão de Crédito,Loja Física
1529,2025-01-30,Fone Bluetooth Redmi Buds,Áudio,Xiaomi,202.11,1,0.1,Nordeste,BA,Cartão de Crédito,Loja Física
1530,2025-01-30,Cabo USB-C 2m,Acessórios,Baseus,38.06,3,0.0,Sul,SC,Cartão de Crédito,Online
1531,2025-01-30,"Smart TV 55"" OLED",TVs,LG,5887.54,1,0.0,Sudeste,SP,Cartão de Crédito,Online
1532,2025-01-31,Redmi Note 13,Smartphones,Xiaomi,1660.49,1,0.0,Nordeste,PE,Pix,Loja Física
1533,2025-01-31,JBL Charge 5,Áudio,JBL,1046.99,1,0.0,Nordeste,PE,Pix,Online
1534,2025-01-31,PlayStation 5,Games,Sony,4048.89,1,0.0,Sudeste,SP,Pix,Loja Física
1535,2025-01-31,iPhone 15,Smartphones,Apple,5234.62,1,0.0,Sul,RS,Cartão de Crédito,Loja Física
1536,2025-01-31,AirPods Pro,Áudio,Apple,1931.89,1,0.0,Centro-Oeste,DF,Boleto,Online
1537,2025-02-01,Xbox Series S,Games,Microsoft,2557.87,1,0.1,Sudeste,RJ,Boleto,Online
1538,2025-02-01,Moto G84,Smartphones,Motorola,1550.87,2,0.1,Sudeste,SP,Pix,Online
1539,2025-02-01,Teclado Mecânico,Acessórios,Redragon,243.97,1,0.15,Sudeste,SP,Cartão de Crédito,Online
1540,2025-02-02,Teclado Mecânico,Acessórios,Redragon,241.1,3,0.15,Nordeste,PE,Pix,Loja Física
1541,2025-02-02,Mouse Sem Fio,Acessórios,Logitech,128.02,1,0.0,Sudeste,SP,Cartão de Débito,Online
1542,2025-02-03,Mi Band 8,Wearables,Xiaomi,299.64,1,0.1,Sudeste,MG,Cartão de Crédito,Online
1543,2025-02-03,Moto G84,Smartphones,Motorola,1438.27,1,0.0,Sudeste,SP,Cartão de Crédito,Online
1544,2025-02-03,Teclado Mecânico,Acessórios,Redragon,258.12,1,0.0,Nordeste,CE,Cartão de Crédito,Loja Física
1545,2025-02-03,Cabo USB-C 2m,Acessórios,Baseus,37.81,2,0.0,Sul,RS,Cartão de Crédito,Online
1546,2025-02-04,Mi Band 8,Wearables,Xiaomi,290.33,3,0.0,Nordeste,PE,Cartão de Débito,Online
1547,2025-02-05,iPhone 15,Smartphones,Apple,5365.41,1,0.1,Sudeste,SP,Cartão de Débito,Loja Física
1548,2025-02-05,Mi Band 8,Wearables,Xiaomi,285.33,1,0.0,Norte,AM,Cartão de Crédito,Online
1549,2025-02-06,Mouse Sem Fio,Acessórios,Logitech,133.2,2,0.0,Nordeste,BA,Pix,Loja Física
1550,2025-02-07,"Smart TV 43"" Full HD",TVs,TCL,1650.21,1,0.0,Sudeste,RJ,Pix,Loja Física
1551,2025-02-07,Cabo USB-C 2m,Acessórios,Baseus,40.18,1,0.05,Norte,AM,Cartão de Crédito,Online
1552,2025-02-08,Mi Band 8,Wearables,Xiaomi,295.82,3,0.1,Nordeste,PI,Cartão de Crédito,Online
1553,2025-02-08,Cabo USB-C 2m,Acessórios,Baseus,39.34,1,0.0,Sudeste,SP,Cartão de Crédito,Online
1554,2025-02-09,Teclado Mecânico,Acessórios,Redragon,240.58,2,0.0,Sudeste,SP,Pix,Loja Física
1555,2025-02-09,Fone Bluetooth Redmi Buds,Áudio,Xiaomi,204.93,1,0.0,Sudeste,SP,Pix,Loja Física
1556,2025-02-09,"Smart TV 50"" 4K",TVs,Samsung,2909.78,3,0.05,Sudeste,SP,Cartão de Débito,Online
1557,2025-02-09,PlayStation 5,Games,Sony,3809.33,2,0.1,Nordeste,CE,Pix,Online
1558,2025-02-10,MacBook Air M2,Notebooks,Apple,9260.22,1,0.05,Sudeste,SP,Cartão de Crédito,Online
1559,2025-02-10,Cabo USB-C 2m,Acessórios,Baseus,38.47,1,0.0,Sudeste,SP,Pix,Loja Física
1560,2025-02-10,Mi Band 8,Wearables,Xiaomi,296.75,2,0.05,Sudeste,ES,Cartão de Débito,Online
1561,2025-02-11,Carregador Turbo 65W,Acessórios,Anker,150.16,4,0.2,Sudeste,RJ,Cartão de Crédito,Loja Física
1562,2025-02-11,Mi Band 8,Wearables,Xiaomi,303.95,1,0.1,Norte,PA,Cartão de Crédito,Loja Física
1563,2025-02-11,Ideapad 3,Notebooks,Lenovo,2857.76,2,0.15,Sudeste,SP,Cartão de Crédito,Online
1564,2025-02-11,MacBook Air M2,Notebooks,Apple,8771.34,1,0.05,Sudeste,SP,Cartão de Crédito,Online
1565,2025-02-12,Mouse Sem Fio,Acessórios,Logitech,129.65,1,0.05,Sudeste,SP,Pix,Loja Física
1566,2025-02-12,Moto G84,Smartphones,Motorola,1440.89,1,0.2,Sudeste,SP,Pix,Online
1567,2025-02-13,AirPods Pro,Áudio,Apple,1894.2,1,0.2,Sudeste,RJ,Pix,Online
1568,2025-02-14,JBL Charge 5,Áudio,JBL,987.74,1,0.0,Norte,PA,Cartão de Crédito,Online
1569,2025-02-14,MacBook Air M2,Notebooks,Apple,8815.35,3,0.0,Sudeste,SP,Cartão de Crédito,Online
1570,2025-02-14,Inspiron 15,Notebooks,Dell,3332.99,1,0.05,Sudeste,MG,Pix,Online
1571,2025-02-14,Mouse Sem Fio,Acessórios,Logitech,132.12,1,0.0,Nordeste,CE,Cartão de Crédito,Online
1572,2025-02-14,JBL Charge 5,Áudio,JBL,1030.11,2,0.1,Sudeste,RJ,Pix,Online
1573,2025-02-15,Carregador Turbo 65W,Acessórios,Anker,153.07,2,0.0,Sudeste,SP,Cartão de Crédito,Loja Física
1574,2025-02-15,Galaxy Watch 6,Wearables,Samsung,1880.33,1,0.05,Sudeste,SP,Pix,Online
1575,2025-02-15,Mouse Sem Fio,Acessórios,Logitech,131.69,2,0.1,Sudeste,SP,Pix,Online
1576,2025-02-15,Mi Band 8,Wearables,Xiaomi,305.66,1,0.0,Sul,SC,Pix,Online
1577,2025-02-15,Carregador Turbo 65W,Acessórios,Anker,146.41,2,0.15,Sul,RS,Pix,Online
1578,2025-02-16,Teclado Mecânico,Acessórios,Redragon,253.77,1,0.0,Sul,RS,Boleto,Online
1579,2025-02-16,"Smart TV 55"" OLED",TVs,LG,5769.27,2,0.0,Sudeste,SP,Cartão de Crédito,Loja Física
1580,2025-02-16,Moto G84,Smartphones,Motorola,1440.21,2,0.2,Sudeste,MG,Cartão de Crédito,Loja Física
1581,2025-02-17,Moto G84,Smartphones,Motorola,1488.15,1,0.1,Nordeste,PI,Cartão de Débito,Loja Física
1582,2025-02-17,Aspire 5,Notebooks,Acer,3007.02,1,0.0,Nordeste,BA,Pix,Online
1583,2025-02-17,Moto G84,Smartphones,Motorola,1437.76,1,0.0,Nordeste,PE,Boleto,Loja Física
1584,2025-02-17,Cabo USB-C 2m,Acessórios,Baseus,37.83,1,0.0,Sudeste,SP,Cartão de Crédito,Online
1585,2025-02-17,"Smart TV 50"" 4K",TVs,Samsung,2726.49,1,0.0,Nordeste,PE,Boleto,Loja Física
1586,2025-02-17,"Smart TV 43"" Full HD",TVs,TCL,1698.98,1,0.0,Sudeste,SP,Pix,Loja Física
1587,2025-02-17,Inspiron 15,Notebooks,Dell,3655.57,1,0.0,Nordeste,BA,Cartão de Crédito,Loja Física
1588,2025-02-17,Inspiron 15,Notebooks,Dell,3347.94,1,0.05,Sudeste,SP,Cartão de Débito,Online
1589,2025-02-18,Moto G84,Smartphones,Motorola,1474.19,2,0.1,Centro-Oeste,DF,Cartão de Crédito,Online
1590,2025-02-18,Mi Band 8,Wearables,Xiaomi,301.52,1,0.0,Sudeste,SP,Pix,Online
1591,2025-02-20,Galaxy S24,Smartphones,Samsung,4457.83,1,0.0,Sudeste,RJ,Boleto,Online
1592,2025-02-20,Galaxy S24,Smartphones,Samsung,4547.23,1,0.1,Centro-Oeste,DF,Cartão de Crédito,Online
1593,2025-02-20,Ideapad 3,Notebooks,Lenovo,2789.69,1,0.0,Sul,RS,Cartão de Crédito,Online
1594,2025-02-21,Galaxy S24,Smartphones,Samsung,4552.59,2,0.05,Sudeste,RJ,Cartão de Crédito,Loja Física
1595,2025-02-21,Teclado Mecânico,Acessórios,Redragon,254.27,2,0.1,Nordeste,CE,Cartão de Crédito,Loja Física
1596,2025-02-21,Cabo USB-C 2m,Acessórios,Baseus,39.0,1,0.0,Sudeste,MG,Cartão de Crédito,Online
1597,2025-02-22,Teclado Mecânico,Acessórios,Redragon,257.88,2,0.1,Sudeste,SP,Pix,Online
1598,2025-02-22,Cabo USB-C 2m,Acessórios,Baseus,40.84,1,0.0,Sudeste,SP,Cartão de Crédito,Online
1599,2025-02-22,Galaxy S24,Smartphones,Samsung,4622.65,1,0.0,Nordeste,CE,Pix,Loja Física
1600,2025-02-22,Fone Bluetooth Redmi Buds,Áudio,Xiaomi,195.85,1,0.05,Sudeste,SP,Pix,Online
1601,2025-02-23,Mi Band 8,Wearables,Xiaomi,293.54,1,0.05,Sul,RS,Cartão de Crédito,Loja Física
1602,2025-02-23,AirPods Pro,Áudio,Apple,1915.86,1,0.0,Sudeste,MG,Pix,Online
1603,2025-02-24,Nintendo Switch,Games,Nintendo,2659.0,1,0.0,Nordeste,BA,Cartão de Crédito,Loja Física
1604,2025-02-24,Xbox Series S,Games,Microsoft,2601.24,1,0.0,Sudeste,SP,Pix,Online
1605,2025-02-24,Carregador Turbo 65W,Acessórios,Anker,144.11,1,0.0,Sudeste,RJ,Pix,Loja Física
1606,2025-02-24,Nintendo Switch,Games,Nintendo,2639.47,1,0.1,Sudeste,MG,Cartão de Crédito,Online
1607,2025-02-24,Mi Band 8,Wearables,Xiaomi,294.07,3,0.05,Nordeste,CE,Cartão de Crédito,Online
1608,2025-02-25,Apple Watch SE,Wearables,Apple,2614.48,1,0.05,Sudeste,MG,Cartão de Crédito,Online
1609,2025-02-25,"Smart TV 50"" 4K",TVs,Samsung,2880.64,1,0.15,Sudeste,RJ,Pix,Online
1610,2025-02-25,Nintendo Switch,Games,Nintendo,2724.75,1,0.05,Sudeste,SP,Pix,Online
1611,2025-02-25,Ideapad 3,Notebooks,Lenovo,2895.72,1,0.0,Sudeste,MG,Cartão de Crédito,Loja Física
1612,2025-02-26,Cabo USB-C 2m,Acessórios,Baseus,39.4,1,0.0,Sudeste,SP,Pix,Online
1613,2025-02-26,Galaxy Watch 6,Wearables,Samsung,1825.02,1,0.15,Centro-Oeste,GO,Pix,Online
1614,2025-02-26,JBL Charge 5,Áudio,JBL,1027.58,1,0.0,Sul,PR,Cartão de Crédito,Loja Física
1615,2025-02-26,Mouse Sem Fio,Acessórios,Logitech,128.78,5,0.05,Sudeste,SP,Pix,Loja Física
1616,2025-02-26,JBL Charge 5,Áudio,JBL,990.95,1,0.15,Sudeste,SP,Pix,Online
1617,2025-02-26,Redmi Note 13,Smartphones,Xiaomi,1629.66,3,0.1,Nordeste,PE,Cartão de Débito,Online
1618,2025-02-27,Cabo USB-C 2m,Acessórios,Baseus,40.74,4,0.1,Sul,PR,Cartão de Crédito,Loja Física
1619,2025-02-27,Moto G84,Smartphones,Motorola,1506.42,1,0.15,Sudeste,RJ,Pix,Loja Física
1620,2025-02-27,Cabo USB-C 2m,Acessórios,Baseus,39.31,1,0.0,Centro-Oeste,DF,Pix,Loja Física
1621,2025-02-28,JBL Charge 5,Áudio,JBL,988.48,1,0.05,Sudeste,SP,Cartão de Crédito,Online
1622,2025-02-28,Fone Bluetooth Redmi Buds,Áudio,Xiaomi,201.4,4,0.0,Centro-Oeste,GO,Boleto,Online
1623,2025-02-28,Fone Bluetooth Redmi Buds,Áudio,Xiaomi,205.14,1,0.0,Nordeste,BA,Cartão de Crédito,Loja Física
1624,2025-02-28,Galaxy Watch 6,Wearables,Samsung,1755.86,1,0.05,Nordeste,CE,Cartão de Débito,Online
1625,2025-03-01,MacBook Air M2,Notebooks,Apple,8899.93,1,0.0,Sudeste,ES,Pix,Loja Física
1626,2025-03-01,Ideapad 3,Notebooks,Lenovo,3028.0,1,0.1,Sudeste,MG,Cartão de Crédito,Online
1627,2025-03-02,Aspire 5,Notebooks,Acer,3005.44,2,0.1,Sudeste,SP,Pix,Loja Física
1628,2025-03-02,"Smart TV 50"" 4K",TVs,Samsung,2712.26,1,0.0,Sudeste,MG,Cartão de Crédito,Online
1629,2025-03-02,Cabo USB-C 2m,Acessórios,Baseus,37.48,2,0.0,Sudeste,SP,Cartão de Crédito,Online
1630,2025-03-03,Inspiron 15,Notebooks,Dell,3427.05,1,0.0,Norte,PA,Pix,Loja Física
1631,2025-03-03,"Smart TV 55"" OLED",TVs,LG,5913.09,1,0.1,Sudeste,RJ,Cartão de Crédito,Online
1632,2025-03-03,JBL Charge 5,Áudio,JBL,985.96,1,0.0,Sudeste,ES,Cartão de Crédito,Online
1633,2025-03-03,Fone Bluetooth Redmi Buds,Áudio,Xiaomi,196.47,1,0.0,Sul,PR,Cartão de Crédito,Loja Física
1634,2025-03-03,Moto G84,Smartphones,Motorola,1478.19,1,0.15,Norte,PA,Boleto,Loja Física
1635,2025-03-03,Fone Bluetooth Redmi Buds,Áudio,Xiaomi,190.62,1,0.15,Sudeste,SP,Pix,Loja Física
1636,2025-03-05,"Smart TV 50"" 4K",TVs,Samsung,2910.5,1,0.0,Nordeste,CE,Cartão de Crédito,Loja Física
1637,2025-03-05,Cabo USB-C 2m,Acessórios,Baseus,39.62,1,0.0,Sudeste,SP,Pix,Loja Física
1638,2025-03-05,Carregador Turbo 65W,Acessórios,Anker,147.7,1,0.05,Sudeste,RJ,Cartão de Crédito,Loja Física
1639,2025-03-05,Xbox Series S,Games,Microsoft,2423.23,1,0.1,Sul,PR,Cartão de Crédito,Online
1640,2025-03-06,Nintendo Switch,Games,Nintendo,2718.55,1,0.1,Nordeste,BA,Cartão de Crédito,Loja Física
1641,2025-03-06,PlayStation 5,Games,Sony,3989.2,1,0.2,Nordeste,CE,Cartão de Débito,Loja Física
1642,2025-03-07,Mouse Sem Fio,Acessórios,Logitech,129.11,1,0.05,Sudeste,MG,Pix,Online
1643,2025-03-07,Xbox Series S,Games,Microsoft,2520.0,1,0.1,Sudeste,SP,Cartão de Crédito,Loja Física
1644,2025-03-08,Ideapad 3,Notebooks,Lenovo,2802.58,1,0.1,Sudeste,RJ,Cartão de Crédito,Online
1645,2025-03-08,iPhone 15,Smartphones,Apple,5706.66,1,0.05,Sul,PR,Cartão de Crédito,Online
1646,2025-03-08,"Smart TV 50"" 4K",TVs,Samsung,2829.39,1,0.0,Sul,RS,Pix,Online
1647,2025-03-09,Mi Band 8,Wearables,Xiaomi,290.86,2,0.0,Sudeste,SP,Pix,Online
1648,2025-03-10,Fone Bluetooth Redmi Buds,Áudio,Xiaomi,193.15,2,0.0,Sul,RS,Cartão de Débito,Online
1649,2025-03-10,"Smart TV 55"" OLED",TVs,LG,6269.44,2,0.05,Sudeste,MG,Cartão de Crédito,Loja Física
1650,2025-03-10,iPhone 15,Smartphones,Apple,5399.13,3,0.05,Sudeste,MG,Cartão de Crédito,Online
1651,2025-03-11,PlayStation 5,Games,Sony,4187.16,1,0.0,Sul,RS,Pix,Online
1652,2025-03-11,Cabo USB-C 2m,Acessórios,Baseus,40.86,1,0.1,Nordeste,PE,Cartão de Crédito,Loja Física
1653,2025-03-12,JBL Charge 5,Áudio,JBL,998.97,1,0.0,Sudeste,SP,Pix,Loja Física
1654,2025-03-12,Mi Band 8,Wearables,Xiaomi,290.02,1,0.0,Centro-Oeste,DF,Boleto,Loja Física
1655,2025-03-13,Cabo USB-C 2m,Acessórios,Baseus,39.52,2,0.0,Nordeste,CE,Pix,Online
1656,2025-03-13,Redmi Note 13,Smartphones,Xiaomi,1707.58,1,0.0,Norte,PA,Pix,Loja Física
1657,2025-03-13,Mouse Sem Fio,Acessórios,Logitech,133.82,2,0.1,Nordeste,CE,Pix,Loja Física
1658,2025-03-13,Cabo USB-C 2m,Acessórios,Baseus,37.1,1,0.05,Nordeste,BA,Cartão de Crédito,Online
1659,2025-03-13,Mouse Sem Fio,Acessórios,Logitech,127.26,1,0.0,Centro-Oeste,GO,Boleto,Online
1660,2025-03-13,PlayStation 5,Games,Sony,4189.66,1,0.0,Nordeste,CE,Pix,Online
1661,2025-03-14,Mi Band 8,Wearables,Xiaomi,295.75,1,0.1,Sudeste,SP,Cartão de Crédito,Online
1662,2025-03-14,Cabo USB-C 2m,Acessórios,Baseus,38.45,4,0.0,Nordeste,PE,Cartão de Crédito,Online
1663,2025-03-14,Cabo USB-C 2m,Acessórios,Baseus,38.39,3,0.05,Centro-Oeste,GO,Cartão de Crédito,Loja Física
1664,2025-03-16,"Smart TV 50"" 4K",TVs,Samsung,2856.59,1,0.0,Sul,RS,Cartão de Crédito,Online
1665,2025-03-16,Mi Band 8,Wearables,Xiaomi,305.43,4,0.0,Sudeste,RJ,Cartão de Crédito,Loja Física
1666,2025-03-16,Redmi Note 13,Smartphones,Xiaomi,1783.57,1,0.1,Sudeste,RJ,Cartão de Crédito,Online
1667,2025-03-16,Teclado Mecânico,Acessórios,Redragon,240.52,1,0.15,Centro-Oeste,GO,Pix,Online
1668,2025-03-16,Redmi Note 13,Smartphones,Xiaomi,1626.9,2,0.05,Sudeste,MG,Pix,Online
1669,2025-03-16,AirPods Pro,Áudio,Apple,1916.96,1,0.1,Sudeste,SP,Cartão de Débito,Online
1670,2025-03-17,AirPods Pro,Áudio,Apple,1823.64,2,0.0,Centro-Oeste,GO,Cartão de Crédito,Online
1671,2025-03-17,AirPods Pro,Áudio,Apple,1917.54,1,0.0,Nordeste,BA,Cartão de Crédito,Online
1672,2025-03-17,Cabo USB-C 2m,Acessórios,Baseus,38.53,4,0.0,Sudeste,ES,Pix,Online
1673,2025-03-17,Mi Band 8,Wearables,Xiaomi,302.54,1,0.0,Sudeste,MG,Cartão de Crédito,Online
1674,2025-03-17,Redmi Note 13,Smartphones,Xiaomi,1662.14,1,0.0,Centro-Oeste,DF,Pix,Loja Física
1675,2025-03-17,Moto G84,Smartphones,Motorola,1548.31,1,0.0,Sudeste,SP,Cartão de Crédito,Loja Física
1676,2025-03-17,AirPods Pro,Áudio,Apple,1969.27,1,0.05,Nordeste,PI,Cartão de Crédito,Online
1677,2025-03-18,Mouse Sem Fio,Acessórios,Logitech,124.57,2,0.0,Nordeste,CE,Cartão de Crédito,Loja Física
1678,2025-03-18,Carregador Turbo 65W,Acessórios,Anker,147.19,5,0.1,Sudeste,MG,Cartão de Crédito,Online
1679,2025-03-18,Mi Band 8,Wearables,Xiaomi,290.08,4,0.05,Sul,RS,Cartão de Crédito,Online
1680,2025-03-18,Galaxy S24,Smartphones,Samsung,4735.02,1,0.0,Sudeste,SP,Cartão de Crédito,Online
1681,2025-03-18,Apple Watch SE,Wearables,Apple,2596.85,1,0.0,Sul,PR,Cartão de Crédito,Online
1682,2025-03-18,Inspiron 15,Notebooks,Dell,3433.08,1,0.05,Sudeste,MG,Pix,Loja Física
1683,2025-03-19,Fone Bluetooth Redmi Buds,Áudio,Xiaomi,193.96,5,0.0,Sul,SC,Cartão de Crédito,Online
1684,2025-03-19,Carregador Turbo 65W,Acessórios,Anker,147.6,3,0.0,Sul,SC,Cartão de Crédito,Loja Física
1685,2025-03-19,Fone Bluetooth Redmi Buds,Áudio,Xiaomi,197.46,1,0.15,Nordeste,BA,Cartão de Crédito,Online
1686,2025-03-19,Mouse Sem Fio,Acessórios,Logitech,135.42,5,0.2,Centro-Oeste,DF,Cartão de Crédito,Online
1687,2025-03-19,"Smart TV 43"" Full HD",TVs,TCL,1646.16,1,0.0,Sul,PR,Boleto,Loja Física
1688,2025-03-19,Moto G84,Smartphones,Motorola,1429.99,1,0.0,Nordeste,PE,Cartão de Débito,Online
1689,2025-03-20,Galaxy Watch 6,Wearables,Samsung,1721.41,1,0.05,Sul,RS,Pix,Online
1690,2025-03-20,iPhone 15,Smartphones,Apple,5742.99,1,0.0,Sudeste,SP,Cartão de Crédito,Loja Física
1691,2025-03-21,Nintendo Switch,Games,Nintendo,2695.42,2,0.1,Sul,PR,Cartão de Crédito,Loja Física
1692,2025-03-21,Cabo USB-C 2m,Acessórios,Baseus,38.27,4,0.05,Sudeste,SP,Pix,Online
1693,2025-03-22,Carregador Turbo 65W,Acessórios,Anker,146.05,1,0.0,Sudeste,SP,Boleto,Online
1694,2025-03-23,AirPods Pro,Áudio,Apple,1929.15,1,0.0,Sudeste,RJ,Boleto,Online
1695,2025-03-23,Redmi Note 13,Smartphones,Xiaomi,1698.01,1,0.0,Sudeste,SP,Cartão de Débito,Online
1696,2025-03-23,"Smart TV 43"" Full HD",TVs,TCL,1775.18,1,0.05,Nordeste,CE,Pix,Loja Física
1697,2025-03-23,JBL Charge 5,Áudio,JBL,949.15,1,0.15,Nordeste,BA,Boleto,Online
1698,2025-03-24,Mouse Sem Fio,Acessórios,Logitech,133.76,1,0.05,Sudeste,SP,Boleto,Loja Física
1699,2025-03-24,Carregador Turbo 65W,Acessórios,Anker,152.57,1,0.0,Nordeste,BA,Pix,Loja Física
1700,2025-03-24,Fone Bluetooth Redmi Buds,Áudio,Xiaomi,197.57,1,0.0,Sudeste,MG,Cartão de Crédito,Online
1701,2025-03-24,Carregador Turbo 65W,Acessórios,Anker,151.38,2,0.05,Sul,RS,Cartão de Crédito,Loja Física
1702,2025-03-24,PlayStation 5,Games,Sony,4065.35,1,0.05,Sudeste,SP,Cartão de Crédito,Loja Física
1703,2025-03-25,"Smart TV 50"" 4K",TVs,Samsung,2698.61,1,0.0,Centro-Oeste,GO,Cartão de Crédito,Loja Física
1704,2025-03-25,Moto G84,Smartphones,Motorola,1531.32,1,0.0,Sul,PR,Pix,Online
1705,2025-03-25,Carregador Turbo 65W,Acessórios,Anker,154.22,1,0.0,Centro-Oeste,MT,Cartão de Débito,Online
1706,2025-03-25,Aspire 5,Notebooks,Acer,2958.72,1,0.0,Nordeste,PE,Boleto,Loja Física
1707,2025-03-25,Galaxy Watch 6,Wearables,Samsung,1780.87,1,0.0,Nordeste,CE,Cartão de Crédito,Online
1708,2025-03-26,Galaxy S24,Smartphones,Samsung,4720.05,1,0.1,Sul,SC,Pix,Online
1709,2025-03-26,Ideapad 3,Notebooks,Lenovo,2798.84,1,0.0,Sudeste,SP,Pix,Online
1710,2025-03-26,Carregador Turbo 65W,Acessórios,Anker,147.94,1,0.05,Sul,RS,Cartão de Débito,Online
1711,2025-03-26,Ideapad 3,Notebooks,Lenovo,2769.83,1,0.0,Sudeste,SP,Cartão de Crédito,Loja Física
1712,2025-03-26,Cabo USB-C 2m,Acessórios,Baseus,38.96,2,0.0,Norte,AM,Pix,Online
1713,2025-03-27,Galaxy S24,Smartphones,Samsung,4779.91,1,0.0,Sudeste,SP,Pix,Online
1714,2025-03-27,Inspiron 15,Notebooks,Dell,3455.02,1,0.0,Sudeste,SP,Pix,Online
1715,2025-03-27,JBL Charge 5,Áudio,JBL,1048.06,1,0.1,Sudeste,SP,Cartão de Crédito,Loja Física
1716,2025-03-28,AirPods Pro,Áudio,Apple,1834.88,1,0.05,Nordeste,CE,Pix,Online
1717,2025-03-28,Cabo USB-C 2m,Acessórios,Baseus,38.61,2,0.05,Sul,RS,Boleto,Online
1718,2025-03-28,Redmi Note 13,Smartphones,Xiaomi,1783.93,1,0.0,Sudeste,SP,Pix,Loja Física
1719,2025-03-28,Galaxy Watch 6,Wearables,Samsung,1742.73,3,0.0,Nordeste,CE,Cartão de Débito,Loja Física
1720,2025-03-28,Redmi Note 13,Smartphones,Xiaomi,1653.91,1,0.15,Centro-Oeste,DF,Cartão de Débito,Loja Física
1721,2025-03-29,Cabo USB-C 2m,Acessórios,Baseus,40.75,2,0.05,Sudeste,SP,Cartão de Crédito,Online
1722,2025-03-29,Inspiron 15,Notebooks,Dell,3409.15,1,0.05,Sudeste,ES,Cartão de Crédito,Online
1723,2025-03-29,AirPods Pro,Áudio,Apple,1928.22,1,0.05,Nordeste,PE,Cartão de Crédito,Loja Física
1724,2025-03-29,Redmi Note 13,Smartphones,Xiaomi,1710.98,2,0.1,Sudeste,ES,Pix,Online
1725,2025-03-30,Nintendo Switch,Games,Nintendo,2636.61,1,0.0,Nordeste,PE,Cartão de Crédito,Loja Física
1726,2025-03-30,Teclado Mecânico,Acessórios,Redragon,251.07,3,0.0,Sudeste,MG,Cartão de Débito,Loja Física
1727,2025-03-30,"Smart TV 43"" Full HD",TVs,TCL,1669.23,2,0.2,Nordeste,PE,Pix,Loja Física
1728,2025-03-31,Fone Bluetooth Redmi Buds,Áudio,Xiaomi,202.68,2,0.1,Norte,AM,Pix,Online
1729,2025-03-31,iPhone 15,Smartphones,Apple,5412.71,3,0.2,Sudeste,SP,Cartão de Débito,Online
1730,2025-03-31,Aspire 5,Notebooks,Acer,2855.66,1,0.0,Sudeste,SP,Cartão de Crédito,Online
1731,2025-03-31,Inspiron 15,Notebooks,Dell,3617.49,1,0.0,Sudeste,SP,Cartão de Crédito,Loja Física
1732,2025-04-01,AirPods Pro,Áudio,Apple,1846.77,1,0.05,Nordeste,CE,Pix,Loja Física
1733,2025-04-01,Inspiron 15,Notebooks,Dell,3331.24,2,0.0,Norte,AM,Cartão de Crédito,Online
1734,2025-04-01,"Smart TV 43"" Full HD",TVs,TCL,1659.0,3,0.05,Centro-Oeste,GO,Cartão de Débito,Online
1735,2025-04-01,JBL Charge 5,Áudio,JBL,1018.09,2,0.0,Centro-Oeste,MT,Cartão de Crédito,Loja Física
1736,2025-04-01,"Smart TV 43"" Full HD",TVs,TCL,1687.65,1,0.05,Sul,RS,Cartão de Crédito,Loja Física
1737,2025-04-01,Galaxy S24,Smartphones,Samsung,4663.46,1,0.0,Sudeste,ES,Cartão de Débito,Online
1738,2025-04-02,AirPods Pro,Áudio,Apple,1956.23,3,0.0,Nordeste,BA,Pix,Online
1739,2025-04-02,Mi Band 8,Wearables,Xiaomi,311.35,2,0.0,Sudeste,RJ,Cartão de Crédito,Online
1740,2025-04-03,Mi Band 8,Wearables,Xiaomi,301.9,2,0.0,Sudeste,SP,Cartão de Crédito,Online
1741,2025-04-03,Cabo USB-C 2m,Acessórios,Baseus,37.27,1,0.0,Sudeste,RJ,Pix,Loja Física
1742,2025-04-03,Galaxy Watch 6,Wearables,Samsung,1766.74,2,0.0,Centro-Oeste,GO,Cartão de Crédito,Loja Física
1743,2025-04-04,PlayStation 5,Games,Sony,4054.8,1,0.0,Sudeste,MG,Boleto,Loja Física
1744,2025-04-05,Carregador Turbo 65W,Acessórios,Anker,149.93,1,0.15,Sudeste,RJ,Cartão de Crédito,Online
1745,2025-04-06,Fone Bluetooth Redmi Buds,Áudio,Xiaomi,207.14,2,0.0,Centro-Oeste,DF,Boleto,Online
1746,2025-04-06,Carregador Turbo 65W,Acessórios,Anker,149.83,5,0.1,Sudeste,RJ,Cartão de Crédito,Online
1747,2025-04-07,Mi Band 8,Wearables,Xiaomi,312.52,2,0.15,Sudeste,RJ,Pix,Online
1748,2025-04-07,Mi Band 8,Wearables,Xiaomi,301.77,3,0.0,Norte,PA,Cartão de Crédito,Online
1749,2025-04-07,Aspire 5,Notebooks,Acer,2969.76,1,0.1,Sudeste,RJ,Cartão de Crédito,Online
1750,2025-04-08,Mi Band 8,Wearables,Xiaomi,285.61,2,0.2,Nordeste,PI,Cartão de Crédito,Online
1751,2025-04-08,Cabo USB-C 2m,Acessórios,Baseus,37.8,2,0.0,Norte,PA,Cartão de Crédito,Online
1752,2025-04-08,Nintendo Switch,Games,Nintendo,2593.39,1,0.1,Sudeste,SP,Cartão de Crédito,Online
1753,2025-04-08,Carregador Turbo 65W,Acessórios,Anker,152.72,1,0.0,Centro-Oeste,MT,Cartão de Crédito,Online
1754,2025-04-08,Moto G84,Smartphones,Motorola,1532.74,1,0.1,Centro-Oeste,DF,Cartão de Crédito,Online
1755,2025-04-09,Fone Bluetooth Redmi Buds,Áudio,Xiaomi,191.58,1,0.05,Nordeste,CE,Cartão de Crédito,Loja Física
1756,2025-04-09,JBL Charge 5,Áudio,JBL,1010.28,1,0.1,Sudeste,MG,Cartão de Crédito,Online
1757,2025-04-09,JBL Charge 5,Áudio,JBL,984.91,1,0.0,Sul,RS,Cartão de Crédito,Online
1758,2025-04-10,Cabo USB-C 2m,Acessórios,Baseus,38.51,2,0.0,Sudeste,MG,Pix,Online
1759,2025-04-10,Apple Watch SE,Wearables,Apple,2590.34,1,0.1,Sudeste,SP,Pix,Online
1760,2025-04-10,Fone Bluetooth Redmi Buds,Áudio,Xiaomi,191.25,2,0.05,Sul,PR,Pix,Online
1761,2025-04-11,Redmi Note 13,Smartphones,Xiaomi,1623.55,1,0.0,Sudeste,MG,Cartão de Débito,Online
1762,2025-04-11,Cabo USB-C 2m,Acessórios,Baseus,37.98,1,0.05,Sudeste,SP,Cartão de Crédito,Loja Física
1763,2025-04-11,Fone Bluetooth Redmi Buds,Áudio,Xiaomi,197.27,2,0.2,Sudeste,RJ,Pix,Online
1764,2025-04-11,Galaxy S24,Smartphones,Samsung,4417.72,1,0.2,Sudeste,RJ,Cartão de Crédito,Online
1765,2025-04-11,Redmi Note 13,Smartphones,Xiaomi,1666.54,1,0.0,Sudeste,RJ,Cartão de Crédito,Online
1766,2025-04-12,AirPods Pro,Áudio,Apple,1954.5,1,0.0,Centro-Oeste,DF,Cartão de Crédito,Loja Física
1767,2025-04-12,Carregador Turbo 65W,Acessórios,Anker,144.99,1,0.1,Sudeste,SP,Pix,Online
1768,2025-04-12,Ideapad 3,Notebooks,Lenovo,2950.07,1,0.15,Nordeste,BA,Boleto,Online
1769,2025-04-12,Galaxy S24,Smartphones,Samsung,4471.18,1,0.1,Sul,RS,Boleto,Loja Física
1770,2025-04-13,Mi Band 8,Wearables,Xiaomi,310.43,3,0.0,Sudeste,SP,Pix,Online
1771,2025-04-13,Mi Band 8,Wearables,Xiaomi,310.23,2,0.0,Norte,AM,Cartão de Crédito,Online
1772,2025-04-13,Aspire 5,Notebooks,Acer,3076.26,3,0.0,Sudeste,SP,Cartão de Crédito,Online
1773,2025-04-14,Mouse Sem Fio,Acessórios,Logitech,130.25,2,0.0,Sudeste,SP,Boleto,Loja Física
1774,2025-04-14,Cabo USB-C 2m,Acessórios,Baseus,40.3,1,0.0,Sul,RS,Pix,Online
1775,2025-04-14,Mouse Sem Fio,Acessórios,Logitech,124.05,2,0.0,Sudeste,SP,Pix,Online
1776,2025-04-14,Cabo USB-C 2m,Acessórios,Baseus,38.69,1,0.0,Sudeste,SP,Cartão de Crédito,Online
1777,2025-04-14,Cabo USB-C 2m,Acessórios,Baseus,40.44,5,0.05,Sudeste,SP,Cartão de Crédito,Online
1778,2025-04-14,Cabo USB-C 2m,Acessórios,Baseus,40.8,3,0.15,Sudeste,ES,Cartão de Crédito,Loja Física
1779,2025-04-14,iPhone 15,Smartphones,Apple,5427.85,1,0.1,Sudeste,SP,Cartão de Crédito,Online
1780,2025-04-14,Teclado Mecânico,Acessórios,Redragon,244.49,2,0.1,Sudeste,SP,Cartão de Crédito,Online
1781,2025-04-15,Carregador Turbo 65W,Acessórios,Anker,152.57,5,0.0,Nordeste,BA,Cartão de Crédito,Loja Física
1782,2025-04-16,Carregador Turbo 65W,Acessórios,Anker,148.47,3,0.05,Sudeste,SP,Cartão de Crédito,Loja Física
1783,2025-04-16,MacBook Air M2,Notebooks,Apple,8971.82,1,0.0,Sul,RS,Pix,Online
1784,2025-04-16,Galaxy S24,Smartphones,Samsung,4425.69,1,0.0,Norte,PA,Boleto,Loja Física
1785,2025-04-16,Cabo USB-C 2m,Acessórios,Baseus,38.98,2,0.0,Sudeste,RJ,Cartão de Crédito,Online
1786,2025-04-16,Carregador Turbo 65W,Acessórios,Anker,146.45,1,0.05,Nordeste,CE,Pix,Loja Física
1787,2025-04-16,Mouse Sem Fio,Acessórios,Logitech,132.72,4,0.05,Sudeste,SP,Cartão de Crédito,Loja Física
1788,2025-04-17,Carregador Turbo 65W,Acessórios,Anker,141.93,2,0.05,Sudeste,SP,Pix,Online
1789,2025-04-17,"Smart TV 50"" 4K",TVs,Samsung,2815.06,3,0.15,Sul,PR,Boleto,Loja Física
1790,2025-04-17,Fone Bluetooth Redmi Buds,Áudio,Xiaomi,202.36,1,0.0,Centro-Oeste,GO,Cartão de Crédito,Online
1791,2025-04-17,Fone Bluetooth Redmi Buds,Áudio,Xiaomi,199.45,3,0.1,Sudeste,RJ,Cartão de Crédito,Online
1792,2025-04-18,Carregador Turbo 65W,Acessórios,Anker,154.12,1,0.0,Norte,PA,Cartão de Crédito,Loja Física
1793,2025-04-18,Cabo USB-C 2m,Acessórios,Baseus,39.2,3,0.05,Sudeste,MG,Cartão de Débito,Online
1794,2025-04-19,Redmi Note 13,Smartphones,Xiaomi,1699.53,1,0.0,Sul,RS,Cartão de Crédito,Online
1795,2025-04-19,iPhone 15,Smartphones,Apple,5492.54,2,0.1,Centro-Oeste,DF,Cartão de Crédito,Online
1796,2025-04-19,Mi Band 8,Wearables,Xiaomi,312.05,4,0.0,Sudeste,MG,Cartão de Débito,Loja Física
1797,2025-04-19,iPhone 15,Smartphones,Apple,5549.45,1,0.1,Sudeste,MG,Cartão de Crédito,Online
1798,2025-04-19,Moto G84,Smartphones,Motorola,1491.77,2,0.0,Norte,PA,Cartão de Crédito,Loja Física
1799,2025-04-19,MacBook Air M2,Notebooks,Apple,8890.64,2,0.2,Sudeste,MG,Cartão de Crédito,Online
1800,2025-04-19,Teclado Mecânico,Acessórios,Redragon,251.75,3,0.0,Sul,PR,Pix,Loja Física
1801,2025-04-19,Galaxy S24,Smartphones,Samsung,4481.88,1,0.0,Sudeste,RJ,Pix,Online
1802,2025-04-20,Cabo USB-C 2m,Acessórios,Baseus,39.71,1,0.0,Sudeste,RJ,Cartão de Crédito,Online
1803,2025-04-20,Aspire 5,Notebooks,Acer,2853.54,2,0.0,Sudeste,ES,Cartão de Crédito,Loja Física
1804,2025-04-20,AirPods Pro,Áudio,Apple,1815.61,1,0.05,Nordeste,BA,Cartão de Débito,Loja Física
1805,2025-04-21,Fone Bluetooth Redmi Buds,Áudio,Xiaomi,193.28,3,0.05,Nordeste,CE,Pix,Online
1806,2025-04-21,Carregador Turbo 65W,Acessórios,Anker,149.06,3,0.1,Nordeste,BA,Cartão de Crédito,Online
1807,2025-04-21,Moto G84,Smartphones,Motorola,1457.88,1,0.0,Nordeste,PE,Pix,Online
1808,2025-04-21,Inspiron 15,Notebooks,Dell,3601.34,2,0.0,Sudeste,RJ,Cartão de Crédito,Loja Física
1809,2025-04-22,Mouse Sem Fio,Acessórios,Logitech,134.21,2,0.0,Nordeste,BA,Boleto,Online
1810,2025-04-22,Inspiron 15,Notebooks,Dell,3453.77,1,0.1,Sudeste,RJ,Boleto,Online
1811,2025-04-22,Fone Bluetooth Redmi Buds,Áudio,Xiaomi,190.49,2,0.0,Nordeste,PI,Pix,Online
1812,2025-04-23,Mouse Sem Fio,Acessórios,Logitech,134.54,3,0.0,Centro-Oeste,GO,Cartão de Crédito,Online
1813,2025-04-23,Fone Bluetooth Redmi Buds,Áudio,Xiaomi,204.74,2,0.15,Centro-Oeste,GO,Pix,Online
1814,2025-04-23,Moto G84,Smartphones,Motorola,1544.47,1,0.0,Centro-Oeste,MT,Cartão de Crédito,Online
1815,2025-04-24,Mi Band 8,Wearables,Xiaomi,298.16,1,0.0,Sudeste,SP,Boleto,Online
1816,2025-04-24,MacBook Air M2,Notebooks,Apple,9427.84,1,0.0,Sudeste,RJ,Cartão de Crédito,Online
1817,2025-04-25,Mouse Sem Fio,Acessórios,Logitech,123.63,2,0.0,Sudeste,SP,Pix,Online
1818,2025-04-25,Carregador Turbo 65W,Acessórios,Anker,154.16,4,0.1,Nordeste,CE,Pix,Loja Física
1819,2025-04-25,Mouse Sem Fio,Acessórios,Logitech,130.96,1,0.0,Norte,PA,Boleto,Loja Física
1820,2025-04-25,Inspiron 15,Notebooks,Dell,3514.31,1,0.15,Sudeste,RJ,Cartão de Crédito,Online
1821,2025-04-25,PlayStation 5,Games,Sony,3886.86,1,0.0,Centro-Oeste,GO,Cartão de Débito,Loja Física
1822,2025-04-26,Carregador Turbo 65W,Acessórios,Anker,145.32,1,0.15,Centro-Oeste,DF,Cartão de Crédito,Online
1823,2025-04-26,"Smart TV 43"" Full HD",TVs,TCL,1773.34,1,0.1,Sul,RS,Cartão de Crédito,Online
1824,2025-04-26,Carregador Turbo 65W,Acessórios,Anker,154.01,1,0.1,Nordeste,BA,Cartão de Crédito,Online
1825,2025-04-26,Galaxy S24,Smartphones,Samsung,4655.99,1,0.2,Sul,RS,Pix,Online
1826,2025-04-27,Ideapad 3,Notebooks,Lenovo,2771.69,1,0.0,Sudeste,SP,Boleto,Loja Física
1827,2025-04-27,Carregador Turbo 65W,Acessórios,Anker,144.96,3,0.05,Nordeste,BA,Pix,Online
1828,2025-04-27,Mouse Sem Fio,Acessórios,Logitech,127.91,1,0.05,Nordeste,PE,Cartão de Débito,Online
1829,2025-04-29,Mi Band 8,Wearables,Xiaomi,300.63,2,0.2,Sul,PR,Cartão de Crédito,Online
1830,2025-04-29,MacBook Air M2,Notebooks,Apple,9405.93,1,0.05,Centro-Oeste,MT,Cartão de Crédito,Online
1831,2025-04-29,Cabo USB-C 2m,Acessórios,Baseus,39.78,4,0.0,Sudeste,SP,Pix,Online
1832,2025-04-29,Redmi Note 13,Smartphones,Xiaomi,1627.67,1,0.0,Sudeste,SP,Cartão de Crédito,Online
1833,2025-04-29,Moto G84,Smartphones,Motorola,1449.09,2,0.1,Sudeste,SP,Cartão de Débito,Online
1834,2025-04-29,Carregador Turbo 65W,Acessórios,Anker,155.78,1,0.0,Sul,RS,Pix,Online
1835,2025-04-29,"Smart TV 43"" Full HD",TVs,TCL,1754.49,1,0.1,Sudeste,SP,Pix,Online
1836,2025-04-29,Apple Watch SE,Wearables,Apple,2581.69,1,0.0,Sul,PR,Cartão de Crédito,Loja Física
1837,2025-04-30,Mouse Sem Fio,Acessórios,Logitech,129.48,3,0.0,Sudeste,SP,Cartão de Crédito,Online
1838,2025-05-01,Carregador Turbo 65W,Acessórios,Anker,152.11,3,0.05,Sudeste,MG,Cartão de Crédito,Online
1839,2025-05-01,iPhone 15,Smartphones,Apple,5596.81,1,0.05,Centro-Oeste,MT,Cartão de Crédito,Online
1840,2025-05-01,Inspiron 15,Notebooks,Dell,3333.55,1,0.05,Centro-Oeste,MT,Pix,Loja Física
1841,2025-05-02,Carregador Turbo 65W,Acessórios,Anker,141.73,2,0.0,Norte,AM,Cartão de Crédito,Online
1842,2025-05-02,Cabo USB-C 2m,Acessórios,Baseus,38.0,3,0.0,Nordeste,BA,Boleto,Online
1843,2025-05-02,JBL Charge 5,Áudio,JBL,987.67,1,0.1,Sul,RS,Cartão de Crédito,Online
1844,2025-05-02,JBL Charge 5,Áudio,JBL,998.39,2,0.1,Sudeste,SP,Cartão de Crédito,Loja Física
1845,2025-05-02,Mi Band 8,Wearables,Xiaomi,300.71,3,0.0,Sudeste,SP,Cartão de Crédito,Loja Física
1846,2025-05-02,Mi Band 8,Wearables,Xiaomi,290.54,4,0.0,Sudeste,SP,Pix,Online
1847,2025-05-02,Cabo USB-C 2m,Acessórios,Baseus,40.48,1,0.0,Nordeste,CE,Pix,Online
1848,2025-05-02,AirPods Pro,Áudio,Apple,1841.1,1,0.0,Norte,PA,Cartão de Crédito,Loja Física
1849,2025-05-02,Cabo USB-C 2m,Acessórios,Baseus,38.84,1,0.2,Sudeste,MG,Cartão de Crédito,Loja Física
1850,2025-05-03,Carregador Turbo 65W,Acessórios,Anker,148.53,2,0.0,Centro-Oeste,GO,Cartão de Débito,Online
1851,2025-05-03,Mouse Sem Fio,Acessórios,Logitech,130.91,2,0.0,Sudeste,RJ,Pix,Loja Física
1852,2025-05-03,Mouse Sem Fio,Acessórios,Logitech,128.01,4,0.1,Nordeste,PE,Cartão de Crédito,Online
1853,2025-05-03,Cabo USB-C 2m,Acessórios,Baseus,37.66,1,0.0,Sul,PR,Pix,Loja Física
1854,2025-05-04,JBL Charge 5,Áudio,JBL,1002.25,2,0.2,Sudeste,SP,Cartão de Crédito,Online
1855,2025-05-04,Ideapad 3,Notebooks,Lenovo,2839.04,1,0.0,Sudeste,SP,Boleto,Loja Física
1856,2025-05-04,Mouse Sem Fio,Acessórios,Logitech,131.94,1,0.1,Nordeste,CE,Cartão de Crédito,Online
1857,2025-05-04,Carregador Turbo 65W,Acessórios,Anker,155.57,5,0.0,Sudeste,RJ,Pix,Online
1858,2025-05-05,Galaxy Watch 6,Wearables,Samsung,1721.1,1,0.05,Sul,PR,Pix,Online
1859,2025-05-05,"Smart TV 43"" Full HD",TVs,TCL,1678.45,1,0.0,Nordeste,BA,Cartão de Débito,Online
1860,2025-05-05,Galaxy S24,Smartphones,Samsung,4471.31,1,0.1,Sudeste,SP,Cartão de Crédito,Online
1861,2025-05-05,Apple Watch SE,Wearables,Apple,2456.77,1,0.05,Sul,PR,Cartão de Débito,Loja Física
1862,2025-05-05,Redmi Note 13,Smartphones,Xiaomi,1638.16,2,0.15,Sudeste,RJ,Cartão de Débito,Online
1863,2025-05-06,"Smart TV 43"" Full HD",TVs,TCL,1685.43,1,0.0,Sul,PR,Cartão de Débito,Online
1864,2025-05-06,Galaxy S24,Smartphones,Samsung,4724.34,2,0.0,Nordeste,PE,Cartão de Crédito,Online
1865,2025-05-06,Cabo USB-C 2m,Acessórios,Baseus,40.02,1,0.0,Norte,AM,Pix,Online
1866,2025-05-07,Mouse Sem Fio,Acessórios,Logitech,126.48,3,0.0,Norte,PA,Cartão de Crédito,Online
1867,2025-05-07,Teclado Mecânico,Acessórios,Redragon,244.37,4,0.05,Sudeste,ES,Pix,Online
1868,2025-05-07,Fone Bluetooth Redmi Buds,Áudio,Xiaomi,204.01,2,0.15,Sudeste,SP,Cartão de Crédito,Online
1869,2025-05-08,Mi Band 8,Wearables,Xiaomi,310.87,1,0.1,Sudeste,SP,Cartão de Crédito,Loja Física
1870,2025-05-08,"Smart TV 50"" 4K",TVs,Samsung,2874.1,3,0.05,Sudeste,RJ,Cartão de Crédito,Loja Física
1871,2025-05-08,Cabo USB-C 2m,Acessórios,Baseus,39.7,2,0.1,Sul,SC,Cartão de Débito,Online
1872,2025-05-08,Carregador Turbo 65W,Acessórios,Anker,147.43,1,0.0,Sudeste,SP,Cartão de Crédito,Online
1873,2025-05-08,Fone Bluetooth Redmi Buds,Áudio,Xiaomi,201.21,1,0.0,Sudeste,SP,Pix,Online
1874,2025-05-08,Fone Bluetooth Redmi Buds,Áudio,Xiaomi,198.12,1,0.05,Sul,SC,Cartão de Crédito,Online
1875,2025-05-08,"Smart TV 50"" 4K",TVs,Samsung,2707.72,2,0.15,Norte,TO,Cartão de Crédito,Loja Física
1876,2025-05-09,AirPods Pro,Áudio,Apple,1878.88,1,0.05,Sudeste,SP,Cartão de Débito,Online
1877,2025-05-09,Redmi Note 13,Smartphones,Xiaomi,1703.18,1,0.0,Nordeste,BA,Pix,Online
1878,2025-05-09,Mi Band 8,Wearables,Xiaomi,295.77,1,0.05,Sudeste,MG,Cartão de Crédito,Online
1879,2025-05-09,"Smart TV 43"" Full HD",TVs,TCL,1723.13,1,0.05,Nordeste,CE,Pix,Loja Física
1880,2025-05-10,Galaxy S24,Smartphones,Samsung,4657.97,2,0.1,Sudeste,SP,Cartão de Crédito,Online
1881,2025-05-10,Carregador Turbo 65W,Acessórios,Anker,145.59,4,0.0,Sudeste,SP,Pix,Online
1882,2025-05-10,Mi Band 8,Wearables,Xiaomi,300.48,1,0.15,Sudeste,SP,Pix,Loja Física
1883,2025-05-10,Carregador Turbo 65W,Acessórios,Anker,143.39,1,0.0,Sudeste,RJ,Cartão de Crédito,Online
1884,2025-05-10,Teclado Mecânico,Acessórios,Redragon,239.74,1,0.0,Norte,TO,Cartão de Crédito,Online
1885,2025-05-11,Fone Bluetooth Redmi Buds,Áudio,Xiaomi,195.41,1,0.1,Nordeste,PI,Pix,Loja Física
1886,2025-05-11,Inspiron 15,Notebooks,Dell,3605.43,1,0.0,Nordeste,CE,Pix,Online
1887,2025-05-12,Apple Watch SE,Wearables,Apple,2389.5,3,0.0,Sudeste,RJ,Cartão de Crédito,Online
1888,2025-05-12,Mouse Sem Fio,Acessórios,Logitech,125.1,3,0.0,Sudeste,SP,Pix,Online
1889,2025-05-13,Cabo USB-C 2m,Acessórios,Baseus,37.28,1,0.0,Nordeste,BA,Pix,Online
1890,2025-05-13,Fone Bluetooth Redmi Buds,Áudio,Xiaomi,198.55,2,0.15,Sudeste,ES,Pix,Loja Física
1891,2025-05-13,"Smart TV 50"" 4K",TVs,Samsung,2736.49,1,0.0,Sudeste,MG,Cartão de Crédito,Loja Física
1892,2025-05-13,Mi Band 8,Wearables,Xiaomi,296.47,1,0.0,Nordeste,CE,Cartão de Crédito,Online
1893,2025-05-13,Fone Bluetooth Redmi Buds,Áudio,Xiaomi,198.46,1,0.0,Sudeste,SP,Cartão de Crédito,Online
1894,2025-05-13,Carregador Turbo 65W,Acessórios,Anker,148.58,1,0.0,Sudeste,SP,Pix,Loja Física
1895,2025-05-13,Inspiron 15,Notebooks,Dell,3349.63,1,0.0,Sul,PR,Cartão de Crédito,Loja Física
1896,2025-05-14,"Smart TV 50"" 4K",TVs,Samsung,2659.17,1,0.0,Nordeste,PE,Cartão de Débito,Loja Física
1897,2025-05-15,Apple Watch SE,Wearables,Apple,2517.75,1,0.05,Sudeste,RJ,Cartão de Débito,Loja Física
1898,2025-05-15,Teclado Mecânico,Acessórios,Redragon,248.69,1,0.0,Sul,PR,Cartão de Débito,Online
1899,2025-05-15,Moto G84,Smartphones,Motorola,1519.55,2,0.15,Norte,PA,Pix,Loja Física
1900,2025-05-16,Cabo USB-C 2m,Acessórios,Baseus,38.05,4,0.05,Norte,TO,Cartão de Crédito,Online
1901,2025-05-16,Galaxy S24,Smartphones,Samsung,4541.31,2,0.15,Centro-Oeste,DF,Boleto,Online
1902,2025-05-16,JBL Charge 5,Áudio,JBL,999.23,1,0.1,Norte,PA,Pix,Online
1903,2025-05-16,Cabo USB-C 2m,Acessórios,Baseus,38.08,2,0.0,Sudeste,MG,Cartão de Crédito,Loja Física
1904,2025-05-16,iPhone 15,Smartphones,Apple,5272.53,2,0.2,Sudeste,SP,Pix,Online
1905,2025-05-16,Mouse Sem Fio,Acessórios,Logitech,134.99,1,0.05,Sudeste,MG,Cartão de Crédito,Online
1906,2025-05-16,Ideapad 3,Notebooks,Lenovo,3029.1,1,0.0,Sudeste,RJ,Pix,Online
1907,2025-05-17,JBL Charge 5,Áudio,JBL,989.31,1,0.05,Sul,SC,Cartão de Crédito,Loja Física
1908,2025-05-17,Fone Bluetooth Redmi Buds,Áudio,Xiaomi,206.76,1,0.0,Sul,SC,Pix,Online
1909,2025-05-17,Redmi Note 13,Smartphones,Xiaomi,1633.69,1,0.0,Centro-Oeste,GO,Pix,Online
1910,2025-05-17,Redmi Note 13,Smartphones,Xiaomi,1636.6,1,0.0,Sudeste,SP,Cartão de Crédito,Loja Física
1911,2025-05-17,"Smart TV 55"" OLED",TVs,LG,6203.13,1,0.0,Centro-Oeste,GO,Boleto,Loja Física
1912,2025-05-18,Mouse Sem Fio,Acessórios,Logitech,125.73,1,0.0,Nordeste,BA,Pix,Online
1913,2025-05-18,Inspiron 15,Notebooks,Dell,3401.97,1,0.0,Sudeste,SP,Cartão de Crédito,Online
1914,2025-05-18,Mi Band 8,Wearables,Xiaomi,297.57,3,0.0,Sudeste,RJ,Cartão de Crédito,Loja Física
1915,2025-05-18,Mouse Sem Fio,Acessórios,Logitech,126.0,1,0.0,Nordeste,PE,Cartão de Crédito,Online
1916,2025-05-18,Mouse Sem Fio,Acessórios,Logitech,128.04,2,0.0,Sul,PR,Pix,Online
1917,2025-05-19,PlayStation 5,Games,Sony,3931.98,1,0.0,Nordeste,PI,Pix,Loja Física
1918,2025-05-19,Galaxy S24,Smartphones,Samsung,4637.07,2,0.05,Nordeste,BA,Boleto,Online
1919,2025-05-20,Cabo USB-C 2m,Acessórios,Baseus,38.2,1,0.2,Sudeste,SP,Cartão de Débito,Online
1920,2025-05-20,Redmi Note 13,Smartphones,Xiaomi,1637.27,1,0.0,Sudeste,RJ,Cartão de Crédito,Online
1921,2025-05-20,Inspiron 15,Notebooks,Dell,3654.46,2,0.15,Centro-Oeste,GO,Pix,Online
1922,2025-05-20,Apple Watch SE,Wearables,Apple,2381.4,1,0.0,Sudeste,SP,Pix,Loja Física
1923,2025-05-20,Cabo USB-C 2m,Acessórios,Baseus,39.83,5,0.0,Nordeste,PI,Cartão de Crédito,Loja Física
1924,2025-05-21,Mi Band 8,Wearables,Xiaomi,306.37,2,0.1,Sudeste,SP,Cartão de Crédito,Online
1925,2025-05-21,"Smart TV 43"" Full HD",TVs,TCL,1740.42,1,0.0,Sudeste,SP,Pix,Loja Física
1926,2025-05-21,iPhone 15,Smartphones,Apple,5600.21,2,0.0,Sul,RS,Cartão de Crédito,Loja Física
1927,2025-05-21,Moto G84,Smartphones,Motorola,1534.22,2,0.15,Sudeste,ES,Cartão de Crédito,Loja Física
1928,2025-05-21,JBL Charge 5,Áudio,JBL,1044.78,1,0.0,Sudeste,MG,Pix,Loja Física
1929,2025-05-21,PlayStation 5,Games,Sony,4055.9,1,0.05,Sudeste,SP,Cartão de Crédito,Online
1930,2025-05-22,Inspiron 15,Notebooks,Dell,3623.86,1,0.0,Sudeste,RJ,Cartão de Débito,Loja Física
1931,2025-05-22,iPhone 15,Smartphones,Apple,5690.7,1,0.1,Centro-Oeste,MT,Pix,Loja Física
1932,2025-05-22,Cabo USB-C 2m,Acessórios,Baseus,37.2,1,0.1,Sudeste,SP,Cartão de Crédito,Online
1933,2025-05-22,Mouse Sem Fio,Acessórios,Logitech,135.34,3,0.2,Nordeste,PI,Cartão de Débito,Loja Física
1934,2025-05-23,Carregador Turbo 65W,Acessórios,Anker,143.83,2,0.15,Sudeste,SP,Cartão de Crédito,Online
1935,2025-05-23,Mi Band 8,Wearables,Xiaomi,292.61,1,0.0,Nordeste,PI,Pix,Online
1936,2025-05-23,Redmi Note 13,Smartphones,Xiaomi,1622.66,1,0.15,Norte,PA,Pix,Loja Física
1937,2025-05-24,Moto G84,Smartphones,Motorola,1436.28,1,0.1,Sudeste,SP,Cartão de Débito,Online
1938,2025-05-24,iPhone 15,Smartphones,Apple,5693.8,2,0.0,Sudeste,SP,Pix,Online
1939,2025-05-24,Apple Watch SE,Wearables,Apple,2589.01,2,0.0,Nordeste,CE,Cartão de Crédito,Online
1940,2025-05-24,"Smart TV 55"" OLED",TVs,LG,6231.12,2,0.0,Sudeste,SP,Cartão de Crédito,Loja Física
1941,2025-05-24,Galaxy Watch 6,Wearables,Samsung,1772.05,1,0.05,Nordeste,PI,Cartão de Crédito,Online
1942,2025-05-24,iPhone 15,Smartphones,Apple,5754.79,1,0.2,Nordeste,BA,Cartão de Crédito,Online
1943,2025-05-25,"Smart TV 43"" Full HD",TVs,TCL,1749.83,1,0.0,Norte,AM,Cartão de Crédito,Loja Física
1944,2025-05-25,Cabo USB-C 2m,Acessórios,Baseus,37.09,4,0.1,Norte,AM,Boleto,Online
1945,2025-05-25,Carregador Turbo 65W,Acessórios,Anker,145.96,2,0.1,Sudeste,SP,Cartão de Crédito,Online
1946,2025-05-25,Cabo USB-C 2m,Acessórios,Baseus,39.29,1,0.2,Sudeste,SP,Pix,Loja Física
1947,2025-05-26,Redmi Note 13,Smartphones,Xiaomi,1637.09,2,0.1,Sudeste,SP,Cartão de Crédito,Online
1948,2025-05-27,iPhone 15,Smartphones,Apple,5589.62,1,0.0,Sudeste,SP,Pix,Online
1949,2025-05-27,Xbox Series S,Games,Microsoft,2530.47,1,0.1,Nordeste,PE,Cartão de Crédito,Loja Física
1950,2025-05-28,Mouse Sem Fio,Acessórios,Logitech,125.63,3,0.0,Nordeste,PE,Pix,Loja Física
1951,2025-05-28,Teclado Mecânico,Acessórios,Redragon,247.46,2,0.05,Nordeste,CE,Cartão de Crédito,Loja Física
1952,2025-05-28,Carregador Turbo 65W,Acessórios,Anker,146.34,1,0.0,Sudeste,MG,Boleto,Online
1953,2025-05-28,Teclado Mecânico,Acessórios,Redragon,255.53,5,0.0,Norte,PA,Cartão de Débito,Loja Física
1954,2025-05-28,Galaxy Watch 6,Wearables,Samsung,1753.94,1,0.1,Sudeste,RJ,Pix,Online
1955,2025-05-28,Carregador Turbo 65W,Acessórios,Anker,148.23,1,0.05,Sul,SC,Pix,Loja Física
1956,2025-05-29,Galaxy S24,Smartphones,Samsung,4548.49,1,0.05,Nordeste,PI,Pix,Loja Física
1957,2025-05-29,"Smart TV 43"" Full HD",TVs,TCL,1675.96,1,0.05,Sudeste,MG,Cartão de Débito,Online
1958,2025-05-29,Cabo USB-C 2m,Acessórios,Baseus,39.58,2,0.0,Sudeste,SP,Cartão de Crédito,Loja Física
1959,2025-05-29,Redmi Note 13,Smartphones,Xiaomi,1742.93,1,0.05,Sudeste,SP,Cartão de Crédito,Online
1960,2025-05-29,Redmi Note 13,Smartphones,Xiaomi,1618.46,2,0.15,Nordeste,PI,Cartão de Débito,Loja Física
1961,2025-05-30,Mouse Sem Fio,Acessórios,Logitech,125.07,1,0.05,Nordeste,PE,Pix,Loja Física
1962,2025-05-30,Carregador Turbo 65W,Acessórios,Anker,142.73,2,0.0,Sudeste,ES,Cartão de Débito,Online
1963,2025-05-30,Cabo USB-C 2m,Acessórios,Baseus,40.36,4,0.1,Sul,SC,Cartão de Débito,Online
1964,2025-05-30,Teclado Mecânico,Acessórios,Redragon,257.3,1,0.1,Sul,SC,Cartão de Débito,Online
1965,2025-05-30,"Smart TV 50"" 4K",TVs,Samsung,2784.81,1,0.0,Nordeste,PI,Cartão de Crédito,Loja Física
1966,2025-05-31,Cabo USB-C 2m,Acessórios,Baseus,37.77,2,0.0,Nordeste,PI,Cartão de Crédito,Online
1967,2025-05-31,iPhone 15,Smartphones,Apple,5620.96,1,0.05,Sudeste,RJ,Cartão de Crédito,Online
1968,2025-05-31,Mi Band 8,Wearables,Xiaomi,308.48,3,0.0,Nordeste,PI,Cartão de Crédito,Loja Física
1969,2025-05-31,Carregador Turbo 65W,Acessórios,Anker,142.02,1,0.05,Nordeste,CE,Pix,Loja Física
1970,2025-05-31,Ideapad 3,Notebooks,Lenovo,2944.1,1,0.1,Centro-Oeste,DF,Cartão de Crédito,Online
1971,2025-05-31,JBL Charge 5,Áudio,JBL,1014.87,1,0.0,Sudeste,SP,Pix,Loja Física
1972,2025-05-31,Mouse Sem Fio,Acessórios,Logitech,130.62,3,0.0,Sul,SC,Cartão de Crédito,Loja Física
1973,2025-05-31,Cabo USB-C 2m,Acessórios,Baseus,40.37,1,0.0,Sul,SC,Cartão de Crédito,Online
1974,2025-05-31,MacBook Air M2,Notebooks,Apple,9406.46,1,0.0,Sudeste,MG,Pix,Loja Física
1975,2025-05-31,Moto G84,Smartphones,Motorola,1513.32,1,0.05,Nordeste,BA,Cartão de Crédito,Online
1976,2025-05-31,Apple Watch SE,Wearables,Apple,2591.84,1,0.0,Centro-Oeste,GO,Pix,Online
1977,2025-06-01,"Smart TV 55"" OLED",TVs,LG,5852.99,1,0.0,Nordeste,PE,Pix,Online
1978,2025-06-01,Inspiron 15,Notebooks,Dell,3566.99,1,0.0,Sudeste,MG,Cartão de Crédito,Loja Física
1979,2025-06-01,Fone Bluetooth Redmi Buds,Áudio,Xiaomi,205.69,1,0.05,Nordeste,CE,Cartão de Crédito,Online
1980,2025-06-02,Mi Band 8,Wearables,Xiaomi,299.38,1,0.1,Sudeste,MG,Pix,Online
1981,2025-06-02,Mouse Sem Fio,Acessórios,Logitech,133.95,2,0.0,Nordeste,BA,Cartão de Crédito,Online
1982,2025-06-02,Mouse Sem Fio,Acessórios,Logitech,125.24,5,0.1,Sudeste,SP,Cartão de Crédito,Loja Física
1983,2025-06-02,Ideapad 3,Notebooks,Lenovo,2923.37,1,0.1,Sudeste,SP,Cartão de Crédito,Online
1984,2025-06-02,Redmi Note 13,Smartphones,Xiaomi,1628.54,1,0.0,Nordeste,BA,Cartão de Crédito,Online
1985,2025-06-02,Cabo USB-C 2m,Acessórios,Baseus,38.38,1,0.05,Centro-Oeste,DF,Cartão de Crédito,Loja Física
1986,2025-06-03,iPhone 15,Smartphones,Apple,5742.0,1,0.0,Sul,RS,Cartão de Crédito,Loja Física
1987,2025-06-03,"Smart TV 55"" OLED",TVs,LG,6220.49,3,0.05,Sul,PR,Pix,Online
1988,2025-06-04,Galaxy S24,Smartphones,Samsung,4491.89,1,0.0,Norte,AM,Boleto,Online
1989,2025-06-04,JBL Charge 5,Áudio,JBL,1025.88,1,0.05,Sudeste,SP,Pix,Loja Física
1990,2025-06-05,Cabo USB-C 2m,Acessórios,Baseus,37.44,1,0.15,Nordeste,BA,Cartão de Crédito,Online
1991,2025-06-05,Carregador Turbo 65W,Acessórios,Anker,154.73,1,0.0,Sul,PR,Cartão de Crédito,Online
1992,2025-06-05,Aspire 5,Notebooks,Acer,2871.13,1,0.0,Sudeste,SP,Cartão de Débito,Online
1993,2025-06-05,Galaxy S24,Smartphones,Samsung,4388.89,1,0.0,Sudeste,SP,Cartão de Crédito,Online
1994,2025-06-06,Fone Bluetooth Redmi Buds,Áudio,Xiaomi,206.6,1,0.05,Sudeste,SP,Pix,Loja Física
1995,2025-06-06,Galaxy Watch 6,Wearables,Samsung,1773.41,3,0.05,Sudeste,SP,Boleto,Loja Física
1996,2025-06-06,Moto G84,Smartphones,Motorola,1533.18,1,0.0,Sudeste,SP,Cartão de Crédito,Online
1997,2025-06-07,Fone Bluetooth Redmi Buds,Áudio,Xiaomi,193.08,1,0.15,Sul,PR,Cartão de Crédito,Loja Física
1998,2025-06-07,Cabo USB-C 2m,Acessórios,Baseus,37.14,3,0.0,Nordeste,CE,Pix,Online
1999,2025-06-07,Mouse Sem Fio,Acessórios,Logitech,125.54,2,0.0,Sudeste,SP,Boleto,Online
2000,2025-06-07,Carregador Turbo 65W,Acessórios,Anker,149.97,1,0.05,Nordeste,PE,Cartão de Débito,Online
2001,2025-06-08,Ideapad 3,Notebooks,Lenovo,2809.68,2,0.0,Sul,SC,Cartão de Crédito,Loja Física
2002,2025-06-08,AirPods Pro,Áudio,Apple,1891.46,2,0.0,Nordeste,CE,Cartão de Crédito,Loja Física
2003,2025-06-08,Galaxy S24,Smartphones,Samsung,4384.41,1,0.05,Sudeste,MG,Pix,Online
2004,2025-06-08,Mouse Sem Fio,Acessórios,Logitech,127.7,1,0.0,Sudeste,ES,Cartão de Crédito,Online
2005,2025-06-08,Inspiron 15,Notebooks,Dell,3603.48,1,0.0,Sul,RS,Cartão de Débito,Online
2006,2025-06-09,Mi Band 8,Wearables,Xiaomi,284.59,1,0.15,Nordeste,CE,Pix,Online
2007,2025-06-09,Mouse Sem Fio,Acessórios,Logitech,129.69,2,0.1,Sul,PR,Cartão de Crédito,Online
2008,2025-06-09,Cabo USB-C 2m,Acessórios,Baseus,37.93,3,0.05,Sudeste,MG,Pix,Online
2009,2025-06-09,AirPods Pro,Áudio,Apple,1853.48,1,0.05,Sul,PR,Cartão de Crédito,Online
2010,2025-06-10,Aspire 5,Notebooks,Acer,3091.83,2,0.0,Sudeste,ES,Pix,Loja Física
2011,2025-06-10,Moto G84,Smartphones,Motorola,1431.63,2,0.0,Nordeste,PI,Cartão de Crédito,Online
2012,2025-06-11,Mouse Sem Fio,Acessórios,Logitech,135.19,1,0.05,Sudeste,RJ,Cartão de Crédito,Loja Física
2013,2025-06-11,Apple Watch SE,Wearables,Apple,2532.76,1,0.0,Sudeste,SP,Pix,Online
2014,2025-06-11,Carregador Turbo 65W,Acessórios,Anker,144.49,2,0.0,Sudeste,SP,Pix,Loja Física
2015,2025-06-11,Ideapad 3,Notebooks,Lenovo,2892.93,1,0.0,Nordeste,BA,Cartão de Crédito,Loja Física
2016,2025-06-12,Mi Band 8,Wearables,Xiaomi,296.78,1,0.1,Sudeste,MG,Pix,Online
2017,2025-06-12,"Smart TV 43"" Full HD",TVs,TCL,1747.77,1,0.0,Nordeste,PI,Cartão de Crédito,Online
2018,2025-06-13,Cabo USB-C 2m,Acessórios,Baseus,39.74,2,0.1,Sudeste,RJ,Cartão de Crédito,Loja Física
2019,2025-06-13,Inspiron 15,Notebooks,Dell,3413.82,1,0.0,Norte,PA,Boleto,Loja Física
2020,2025-06-13,Mi Band 8,Wearables,Xiaomi,290.2,3,0.05,Nordeste,PE,Pix,Loja Física
2021,2025-06-14,Redmi Note 13,Smartphones,Xiaomi,1614.64,1,0.1,Sudeste,SP,Boleto,Online
2022,2025-06-14,iPhone 15,Smartphones,Apple,5499.85,1,0.1,Norte,AM,Pix,Loja Física
2023,2025-06-14,"Smart TV 43"" Full HD",TVs,TCL,1630.54,1,0.1,Sudeste,SP,Pix,Online
2024,2025-06-14,"Smart TV 50"" 4K",TVs,Samsung,2846.43,1,0.1,Sudeste,RJ,Pix,Online
2025,2025-06-14,Cabo USB-C 2m,Acessórios,Baseus,37.66,1,0.15,Nordeste,PI,Pix,Online
2026,2025-06-15,"Smart TV 50"" 4K",TVs,Samsung,2772.58,1,0.2,Sudeste,SP,Cartão de Débito,Online
2027,2025-06-15,Cabo USB-C 2m,Acessórios,Baseus,40.73,3,0.0,Nordeste,PI,Cartão de Crédito,Online
2028,2025-06-15,"Smart TV 50"" 4K",TVs,Samsung,2755.47,1,0.0,Centro-Oeste,MT,Pix,Loja Física
2029,2025-06-15,Ideapad 3,Notebooks,Lenovo,2867.85,1,0.0,Nordeste,BA,Pix,Online
2030,2025-06-16,Cabo USB-C 2m,Acessórios,Baseus,37.92,2,0.0,Sul,SC,Cartão de Crédito,Loja Física
2031,2025-06-16,Cabo USB-C 2m,Acessórios,Baseus,38.54,2,0.15,Norte,AM,Cartão de Crédito,Loja Física
2032,2025-06-16,Carregador Turbo 65W,Acessórios,Anker,154.31,1,0.0,Norte,PA,Cartão de Crédito,Loja Física
2033,2025-06-16,Cabo USB-C 2m,Acessórios,Baseus,37.53,2,0.05,Sudeste,RJ,Cartão de Crédito,Online
2034,2025-06-16,Mouse Sem Fio,Acessórios,Logitech,124.17,2,0.1,Norte,AM,Pix,Online
2035,2025-06-16,Galaxy Watch 6,Wearables,Samsung,1886.16,1,0.05,Sul,PR,Boleto,Online
2036,2025-06-17,Teclado Mecânico,Acessórios,Redragon,243.4,1,0.05,Sudeste,SP,Cartão de Débito,Loja Física
2037,2025-06-18,JBL Charge 5,Áudio,JBL,1046.33,1,0.05,Sudeste,SP,Pix,Online
2038,2025-06-18,Ideapad 3,Notebooks,Lenovo,3019.78,1,0.05,Sul,PR,Pix,Loja Física
2039,2025-06-18,Aspire 5,Notebooks,Acer,2963.47,1,0.0,Nordeste,BA,Cartão de Crédito,Loja Física
2040,2025-06-18,Teclado Mecânico,Acessórios,Redragon,249.31,4,0.0,Nordeste,PI,Pix,Online
2041,2025-06-18,Xbox Series S,Games,Microsoft,2435.86,1,0.1,Sudeste,MG,Cartão de Débito,Online
2042,2025-06-18,Galaxy S24,Smartphones,Samsung,4502.38,1,0.1,Nordeste,BA,Cartão de Crédito,Online
2043,2025-06-19,Cabo USB-C 2m,Acessórios,Baseus,38.51,1,0.0,Sul,SC,Cartão de Débito,Online
2044,2025-06-19,"Smart TV 43"" Full HD",TVs,TCL,1655.48,2,0.1,Sudeste,ES,Cartão de Crédito,Online
2045,2025-06-19,Mi Band 8,Wearables,Xiaomi,288.11,1,0.0,Sudeste,RJ,Pix,Online
2046,2025-06-19,Cabo USB-C 2m,Acessórios,Baseus,38.61,1,0.0,Nordeste,PE,Cartão de Crédito,Loja Física
2047,2025-06-19,Moto G84,Smartphones,Motorola,1522.31,1,0.0,Sul,SC,Boleto,Online
2048,2025-06-20,Galaxy Watch 6,Wearables,Samsung,1740.08,2,0.2,Sudeste,SP,Cartão de Crédito,Online
2049,2025-06-20,Nintendo Switch,Games,Nintendo,2584.81,1,0.0,Sul,RS,Cartão de Crédito,Loja Física
2050,2025-06-20,Carregador Turbo 65W,Acessórios,Anker,142.08,2,0.05,Sul,SC,Cartão de Crédito,Online
2051,2025-06-21,Aspire 5,Notebooks,Acer,3054.71,1,0.05,Sudeste,SP,Cartão de Débito,Loja Física
2052,2025-06-21,Teclado Mecânico,Acessórios,Redragon,258.66,2,0.0,Sudeste,MG,Boleto,Online
2053,2025-06-22,Carregador Turbo 65W,Acessórios,Anker,147.77,1,0.0,Sudeste,MG,Cartão de Crédito,Loja Física
2054,2025-06-22,Mouse Sem Fio,Acessórios,Logitech,125.98,5,0.05,Sudeste,SP,Cartão de Crédito,Online
2055,2025-06-22,PlayStation 5,Games,Sony,3868.56,1,0.05,Sudeste,MG,Boleto,Loja Física
2056,2025-06-22,AirPods Pro,Áudio,Apple,1887.29,2,0.0,Sudeste,SP,Cartão de Crédito,Loja Física
2057,2025-06-22,JBL Charge 5,Áudio,JBL,1026.74,2,0.15,Sul,RS,Cartão de Débito,Loja Física
2058,2025-06-22,Carregador Turbo 65W,Acessórios,Anker,151.77,2,0.15,Sudeste,SP,Cartão de Crédito,Loja Física
2059,2025-06-23,Aspire 5,Notebooks,Acer,3037.45,1,0.0,Sudeste,MG,Pix,Online
2060,2025-06-23,Fone Bluetooth Redmi Buds,Áudio,Xiaomi,196.81,1,0.05,Sudeste,SP,Cartão de Crédito,Loja Física
2061,2025-06-23,Cabo USB-C 2m,Acessórios,Baseus,39.97,1,0.0,Sul,PR,Cartão de Crédito,Online
2062,2025-06-24,Mouse Sem Fio,Acessórios,Logitech,135.21,4,0.0,Sudeste,SP,Cartão de Crédito,Online
2063,2025-06-24,Carregador Turbo 65W,Acessórios,Anker,154.16,1,0.0,Sudeste,ES,Cartão de Crédito,Online
2064,2025-06-24,Galaxy S24,Smartphones,Samsung,4430.38,1,0.05,Norte,PA,Cartão de Débito,Online
2065,2025-06-24,Moto G84,Smartphones,Motorola,1529.95,1,0.0,Sudeste,MG,Cartão de Crédito,Loja Física
2066,2025-06-24,Carregador Turbo 65W,Acessórios,Anker,155.67,5,0.1,Sudeste,SP,Cartão de Débito,Online
2067,2025-06-24,JBL Charge 5,Áudio,JBL,994.89,1,0.0,Sul,RS,Cartão de Débito,Online
2068,2025-06-25,Galaxy S24,Smartphones,Samsung,4495.09,1,0.15,Sul,SC,Cartão de Débito,Online
2069,2025-06-25,Xbox Series S,Games,Microsoft,2520.97,1,0.0,Nordeste,PI,Pix,Online
2070,2025-06-25,Mouse Sem Fio,Acessórios,Logitech,130.5,2,0.0,Sudeste,MG,Cartão de Crédito,Loja Física
2071,2025-06-26,Cabo USB-C 2m,Acessórios,Baseus,38.13,1,0.1,Sudeste,MG,Cartão de Crédito,Online
2072,2025-06-26,Teclado Mecânico,Acessórios,Redragon,246.82,5,0.05,Sudeste,MG,Cartão de Crédito,Loja Física
2073,2025-06-27,Cabo USB-C 2m,Acessórios,Baseus,39.72,1,0.1,Sudeste,ES,Boleto,Loja Física
2074,2025-06-27,JBL Charge 5,Áudio,JBL,976.64,1,0.0,Nordeste,CE,Cartão de Crédito,Loja Física
2075,2025-06-28,Fone Bluetooth Redmi Buds,Áudio,Xiaomi,192.97,1,0.0,Sudeste,SP,Cartão de Crédito,Loja Física
2076,2025-06-28,Aspire 5,Notebooks,Acer,3022.08,1,0.0,Nordeste,PE,Cartão de Crédito,Loja Física
2077,2025-06-29,Inspiron 15,Notebooks,Dell,3655.45,3,0.0,Centro-Oeste,GO,Cartão de Crédito,Online
2078,2025-06-29,Mi Band 8,Wearables,Xiaomi,299.79,3,0.1,Sul,SC,Pix,Online
2079,2025-06-29,Cabo USB-C 2m,Acessórios,Baseus,37.96,1,0.0,Sudeste,RJ,Cartão de Crédito,Online
2080,2025-06-29,Mouse Sem Fio,Acessórios,Logitech,124.43,1,0.0,Sul,RS,Cartão de Débito,Online
2081,2025-06-29,Carregador Turbo 65W,Acessórios,Anker,144.99,1,0.0,Nordeste,CE,Pix,Loja Física
2082,2025-06-30,AirPods Pro,Áudio,Apple,1895.85,1,0.05,Centro-Oeste,DF,Cartão de Crédito,Loja Física
2083,2025-06-30,Carregador Turbo 65W,Acessórios,Anker,150.29,4,0.0,Sudeste,RJ,Cartão de Crédito,Online
2084,2025-06-30,"Smart TV 43"" Full HD",TVs,TCL,1619.54,1,0.1,Sul,RS,Pix,Online
2085,2025-06-30,Cabo USB-C 2m,Acessórios,Baseus,38.7,1,0.0,Norte,TO,Cartão de Crédito,Online
2086,2025-07-01,iPhone 15,Smartphones,Apple,5504.06,1,0.0,Centro-Oeste,MT,Cartão de Crédito,Online
2087,2025-07-02,Teclado Mecânico,Acessórios,Redragon,237.11,1,0.1,Sudeste,RJ,Cartão de Crédito,Online
2088,2025-07-02,Mouse Sem Fio,Acessórios,Logitech,124.05,2,0.05,Centro-Oeste,DF,Pix,Online
2089,2025-07-03,Teclado Mecânico,Acessórios,Redragon,239.27,3,0.15,Sudeste,SP,Pix,Loja Física
2090,2025-07-03,Carregador Turbo 65W,Acessórios,Anker,152.92,2,0.0,Norte,PA,Pix,Online
2091,2025-07-03,Teclado Mecânico,Acessórios,Redragon,260.88,2,0.1,Sul,SC,Pix,Online
2092,2025-07-03,Carregador Turbo 65W,Acessórios,Anker,143.88,1,0.1,Sudeste,SP,Cartão de Crédito,Online
2093,2025-07-03,Galaxy S24,Smartphones,Samsung,4530.29,1,0.1,Norte,AM,Cartão de Crédito,Loja Física
2094,2025-07-04,Mi Band 8,Wearables,Xiaomi,295.01,2,0.05,Sul,SC,Pix,Online
2095,2025-07-04,JBL Charge 5,Áudio,JBL,965.64,3,0.1,Centro-Oeste,GO,Cartão de Crédito,Online
2096,2025-07-05,Inspiron 15,Notebooks,Dell,3393.25,1,0.0,Sudeste,SP,Pix,Loja Física
2097,2025-07-05,Cabo USB-C 2m,Acessórios,Baseus,40.09,1,0.0,Nordeste,PE,Cartão de Crédito,Online
2098,2025-07-05,Cabo USB-C 2m,Acessórios,Baseus,40.39,1,0.0,Sul,PR,Pix,Loja Física
2099,2025-07-06,"Smart TV 43"" Full HD",TVs,TCL,1687.97,1,0.0,Norte,AM,Cartão de Crédito,Loja Física
2100,2025-07-06,Apple Watch SE,Wearables,Apple,2439.28,1,0.05,Sul,RS,Cartão de Crédito,Online
2101,2025-07-06,Cabo USB-C 2m,Acessórios,Baseus,38.64,5,0.0,Sudeste,SP,Boleto,Online
2102,2025-07-07,Cabo USB-C 2m,Acessórios,Baseus,38.0,1,0.0,Nordeste,BA,Cartão de Crédito,Loja Física
2103,2025-07-08,Teclado Mecânico,Acessórios,Redragon,245.73,4,0.1,Sul,RS,Pix,Online
2104,2025-07-08,PlayStation 5,Games,Sony,4000.67,1,0.0,Nordeste,BA,Cartão de Crédito,Loja Física
2105,2025-07-09,"Smart TV 50"" 4K",TVs,Samsung,2688.61,1,0.2,Sudeste,RJ,Cartão de Crédito,Online
2106,2025-07-09,JBL Charge 5,Áudio,JBL,953.6,3,0.1,Nordeste,BA,Pix,Loja Física
2107,2025-07-09,Redmi Note 13,Smartphones,Xiaomi,1732.66,1,0.0,Norte,PA,Pix,Online
2108,2025-07-09,iPhone 15,Smartphones,Apple,5769.76,1,0.15,Sudeste,SP,Cartão de Débito,Online
2109,2025-07-09,"Smart TV 50"" 4K",TVs,Samsung,2812.83,1,0.0,Sul,RS,Pix,Online
2110,2025-07-09,Galaxy Watch 6,Wearables,Samsung,1714.03,3,0.1,Norte,AM,Pix,Loja Física
2111,2025-07-10,Mouse Sem Fio,Acessórios,Logitech,132.68,1,0.0,Norte,PA,Cartão de Débito,Loja Física
2112,2025-07-11,Carregador Turbo 65W,Acessórios,Anker,144.37,4,0.0,Sudeste,RJ,Boleto,Loja Física
2113,2025-07-11,Redmi Note 13,Smartphones,Xiaomi,1649.98,1,0.0,Norte,TO,Cartão de Crédito,Online
2114,2025-07-11,AirPods Pro,Áudio,Apple,1984.29,1,0.0,Sudeste,SP,Cartão de Crédito,Loja Física
2115,2025-07-11,"Smart TV 50"" 4K",TVs,Samsung,2703.3,1,0.15,Sudeste,SP,Boleto,Loja Física
2116,2025-07-12,"Smart TV 50"" 4K",TVs,Samsung,2868.24,1,0.0,Norte,AM,Pix,Online
2117,2025-07-12,Fone Bluetooth Redmi Buds,Áudio,Xiaomi,198.56,2,0.1,Nordeste,CE,Pix,Loja Física
2118,2025-07-12,iPhone 15,Smartphones,Apple,5493.96,1,0.1,Sudeste,RJ,Pix,Online
2119,2025-07-13,Inspiron 15,Notebooks,Dell,3577.21,1,0.0,Sudeste,SP,Pix,Loja Física
2120,2025-07-13,"Smart TV 43"" Full HD",TVs,TCL,1640.07,1,0.0,Sul,RS,Cartão de Débito,Online
2121,2025-07-13,AirPods Pro,Áudio,Apple,1809.01,1,0.0,Centro-Oeste,DF,Pix,Online
2122,2025-07-13,"Smart TV 43"" Full HD",TVs,TCL,1770.16,2,0.2,Nordeste,BA,Cartão de Crédito,Online
2123,2025-07-13,Galaxy Watch 6,Wearables,Samsung,1885.75,1,0.05,Sul,RS,Pix,Loja Física
2124,2025-07-13,Moto G84,Smartphones,Motorola,1541.99,1,0.0,Sudeste,SP,Pix,Loja Física
2125,2025-07-14,Teclado Mecânico,Acessórios,Redragon,237.64,4,0.0,Sudeste,SP,Cartão de Crédito,Online
2126,2025-07-14,Aspire 5,Notebooks,Acer,2866.08,1,0.0,Nordeste,CE,Cartão de Débito,Online
2127,2025-07-14,JBL Charge 5,Áudio,JBL,993.04,1,0.0,Sudeste,SP,Pix,Loja Física
2128,2025-07-14,Mi Band 8,Wearables,Xiaomi,302.67,1,0.05,Centro-Oeste,GO,Cartão de Crédito,Online
2129,2025-07-15,AirPods Pro,Áudio,Apple,1842.12,1,0.05,Nordeste,BA,Cartão de Crédito,Online
2130,2025-07-15,Ideapad 3,Notebooks,Lenovo,2957.69,1,0.0,Sudeste,RJ,Cartão de Crédito,Online
2131,2025-07-15,Redmi Note 13,Smartphones,Xiaomi,1658.22,2,0.1,Sudeste,SP,Cartão de Crédito,Loja Física
2132,2025-07-17,Redmi Note 13,Smartphones,Xiaomi,1735.85,3,0.1,Sul,PR,Cartão de Crédito,Online
2133,2025-07-17,Redmi Note 13,Smartphones,Xiaomi,1656.13,1,0.0,Sul,RS,Pix,Online
2134,2025-07-18,Xbox Series S,Games,Microsoft,2445.17,2,0.05,Nordeste,PE,Cartão de Crédito,Loja Física
2135,2025-07-18,Mi Band 8,Wearables,Xiaomi,312.96,4,0.05,Sul,RS,Cartão de Crédito,Loja Física
2136,2025-07-18,Mouse Sem Fio,Acessórios,Logitech,128.52,4,0.0,Sudeste,MG,Pix,Loja Física
2137,2025-07-19,AirPods Pro,Áudio,Apple,1808.83,1,0.0,Centro-Oeste,GO,Cartão de Crédito,Online
2138,2025-07-19,Galaxy S24,Smartphones,Samsung,4551.98,1,0.1,Sudeste,SP,Cartão de Crédito,Online
2139,2025-07-19,Nintendo Switch,Games,Nintendo,2757.2,1,0.1,Sudeste,SP,Pix,Loja Física
2140,2025-07-19,Fone Bluetooth Redmi Buds,Áudio,Xiaomi,194.54,4,0.0,Sudeste,SP,Cartão de Débito,Online
2141,2025-07-20,Mi Band 8,Wearables,Xiaomi,287.99,2,0.15,Nordeste,CE,Cartão de Crédito,Loja Física
2142,2025-07-20,Teclado Mecânico,Acessórios,Redragon,242.19,2,0.15,Norte,PA,Pix,Online
2143,2025-07-20,"Smart TV 43"" Full HD",TVs,TCL,1652.95,1,0.1,Sudeste,SP,Boleto,Online
2144,2025-07-21,Fone Bluetooth Redmi Buds,Áudio,Xiaomi,190.86,5,0.0,Centro-Oeste,DF,Pix,Loja Física
2145,2025-07-21,Redmi Note 13,Smartphones,Xiaomi,1633.41,1,0.0,Sul,PR,Boleto,Online
2146,2025-07-21,Ideapad 3,Notebooks,Lenovo,2800.39,1,0.0,Sul,PR,Cartão de Crédito,Online
2147,2025-07-22,Cabo USB-C 2m,Acessórios,Baseus,39.3,3,0.15,Nordeste,PI,Cartão de Crédito,Online
2148,2025-07-22,Teclado Mecânico,Acessórios,Redragon,256.0,2,0.0,Sudeste,RJ,Pix,Loja Física
2149,2025-07-22,Inspiron 15,Notebooks,Dell,3496.06,1,0.0,Sudeste,SP,Cartão de Crédito,Online
2150,2025-07-23,"Smart TV 50"" 4K",TVs,Samsung,2891.92,1,0.0,Sul,RS,Cartão de Crédito,Online
2151,2025-07-23,Mouse Sem Fio,Acessórios,Logitech,131.98,1,0.1,Centro-Oeste,GO,Cartão de Crédito,Loja Física
2152,2025-07-23,Fone Bluetooth Redmi Buds,Áudio,Xiaomi,207.12,2,0.0,Sudeste,RJ,Cartão de Crédito,Online
2153,2025-07-23,Mouse Sem Fio,Acessórios,Logitech,127.92,1,0.05,Sudeste,RJ,Cartão de Débito,Online
2154,2025-07-24,Mi Band 8,Wearables,Xiaomi,285.57,2,0.0,Sudeste,RJ,Cartão de Débito,Online
2155,2025-07-24,PlayStation 5,Games,Sony,3964.57,1,0.0,Nordeste,CE,Boleto,Online
2156,2025-07-24,Nintendo Switch,Games,Nintendo,2714.04,1,0.0,Sudeste,ES,Pix,Online
2157,2025-07-25,"Smart TV 50"" 4K",TVs,Samsung,2771.21,1,0.0,Sudeste,SP,Pix,Online
2158,2025-07-25,Mouse Sem Fio,Acessórios,Logitech,126.9,2,0.0,Sul,SC,Pix,Loja Física
2159,2025-07-25,Mi Band 8,Wearables,Xiaomi,300.54,2,0.15,Sul,SC,Cartão de Crédito,Loja Física
2160,2025-07-25,Redmi Note 13,Smartphones,Xiaomi,1614.27,1,0.0,Nordeste,PI,Cartão de Débito,Online
2161,2025-07-26,Mouse Sem Fio,Acessórios,Logitech,122.6,1,0.05,Sul,RS,Pix,Online
2162,2025-07-27,Cabo USB-C 2m,Acessórios,Baseus,39.67,1,0.0,Sudeste,RJ,Cartão de Crédito,Loja Física
2163,2025-07-27,Moto G84,Smartphones,Motorola,1463.83,1,0.1,Norte,PA,Cartão de Crédito,Loja Física
2164,2025-07-27,JBL Charge 5,Áudio,JBL,991.24,1,0.0,Sul,RS,Boleto,Online
2165,2025-07-27,Teclado Mecânico,Acessórios,Redragon,253.32,3,0.0,Centro-Oeste,GO,Pix,Loja Física
2166,2025-07-28,Ideapad 3,Notebooks,Lenovo,2862.17,1,0.0,Sul,RS,Pix,Loja Física
2167,2025-07-28,Teclado Mecânico,Acessórios,Redragon,248.07,1,0.1,Sudeste,MG,Boleto,Online
2168,2025-07-28,Moto G84,Smartphones,Motorola,1475.69,1,0.0,Sudeste,RJ,Cartão de Crédito,Loja Física
2169,2025-07-28,Fone Bluetooth Redmi Buds,Áudio,Xiaomi,202.68,2,0.0,Sudeste,MG,Cartão de Crédito,Online
2170,2025-07-28,PlayStation 5,Games,Sony,4003.11,1,0.0,Centro-Oeste,DF,Pix,Loja Física
2171,2025-07-29,Cabo USB-C 2m,Acessórios,Baseus,40.13,2,0.1,Sudeste,SP,Pix,Online
2172,2025-07-29,Galaxy S24,Smartphones,Samsung,4785.61,2,0.1,Sudeste,RJ,Cartão de Crédito,Online
2173,2025-07-30,Inspiron 15,Notebooks,Dell,3362.05,1,0.0,Sudeste,RJ,Cartão de Crédito,Loja Física
2174,2025-07-31,Cabo USB-C 2m,Acessórios,Baseus,37.96,2,0.1,Nordeste,PI,Pix,Online
2175,2025-07-31,Cabo USB-C 2m,Acessórios,Baseus,39.01,3,0.0,Centro-Oeste,GO,Pix,Online
2176,2025-07-31,Cabo USB-C 2m,Acessórios,Baseus,40.57,3,0.15,Norte,PA,Cartão de Crédito,Online
2177,2025-07-31,Carregador Turbo 65W,Acessórios,Anker,143.42,1,0.1,Sul,SC,Cartão de Crédito,Loja Física
2178,2025-07-31,"Smart TV 55"" OLED",TVs,LG,6013.97,1,0.1,Sudeste,RJ,Pix,Online
2179,2025-07-31,Redmi Note 13,Smartphones,Xiaomi,1669.64,1,0.1,Sudeste,SP,Cartão de Crédito,Loja Física
2180,2025-08-01,Mouse Sem Fio,Acessórios,Logitech,135.12,2,0.0,Sudeste,SP,Pix,Online
2181,2025-08-01,Moto G84,Smartphones,Motorola,1527.86,1,0.0,Sudeste,SP,Pix,Online
2182,2025-08-01,Mouse Sem Fio,Acessórios,Logitech,128.19,2,0.1,Sudeste,SP,Cartão de Crédito,Online
2183,2025-08-01,Galaxy S24,Smartphones,Samsung,4754.44,2,0.05,Sudeste,RJ,Cartão de Crédito,Online
2184,2025-08-02,Cabo USB-C 2m,Acessórios,Baseus,37.93,1,0.0,Centro-Oeste,GO,Cartão de Crédito,Online
2185,2025-08-02,Cabo USB-C 2m,Acessórios,Baseus,40.76,1,0.0,Nordeste,PI,Cartão de Crédito,Online
2186,2025-08-02,Nintendo Switch,Games,Nintendo,2824.36,1,0.0,Sul,SC,Cartão de Crédito,Online
2187,2025-08-03,Nintendo Switch,Games,Nintendo,2810.97,1,0.05,Nordeste,PI,Pix,Online
2188,2025-08-03,Carregador Turbo 65W,Acessórios,Anker,149.68,1,0.0,Sudeste,ES,Cartão de Crédito,Loja Física
2189,2025-08-03,Nintendo Switch,Games,Nintendo,2830.68,1,0.0,Sudeste,RJ,Pix,Online
2190,2025-08-04,iPhone 15,Smartphones,Apple,5448.0,2,0.05,Sudeste,SP,Pix,Online
2191,2025-08-04,Carregador Turbo 65W,Acessórios,Anker,143.87,3,0.0,Sudeste,SP,Pix,Loja Física
2192,2025-08-04,JBL Charge 5,Áudio,JBL,1010.2,1,0.05,Sudeste,RJ,Cartão de Crédito,Loja Física
2193,2025-08-05,Ideapad 3,Notebooks,Lenovo,2800.66,1,0.05,Nordeste,BA,Boleto,Loja Física
2194,2025-08-05,Redmi Note 13,Smartphones,Xiaomi,1762.86,1,0.1,Sudeste,ES,Pix,Online
2195,2025-08-05,"Smart TV 50"" 4K",TVs,Samsung,2665.68,1,0.0,Sudeste,SP,Cartão de Débito,Online
2196,2025-08-05,iPhone 15,Smartphones,Apple,5294.12,2,0.0,Sudeste,SP,Pix,Online
2197,2025-08-05,Redmi Note 13,Smartphones,Xiaomi,1670.25,2,0.0,Sul,SC,Cartão de Crédito,Online
2198,2025-08-06,Mouse Sem Fio,Acessórios,Logitech,134.49,1,0.05,Sudeste,SP,Cartão de Crédito,Online
2199,2025-08-07,"Smart TV 50"" 4K",TVs,Samsung,2755.03,2,0.2,Norte,TO,Cartão de Débito,Online
2200,2025-08-07,Fone Bluetooth Redmi Buds,Áudio,Xiaomi,194.51,5,0.05,Sul,PR,Pix,Loja Física
2201,2025-08-07,JBL Charge 5,Áudio,JBL,970.77,1,0.0,Nordeste,PE,Cartão de Crédito,Online
2202,2025-08-08,JBL Charge 5,Áudio,JBL,1019.12,1,0.1,Sul,SC,Pix,Online
2203,2025-08-08,MacBook Air M2,Notebooks,Apple,9135.1,1,0.05,Nordeste,PI,Pix,Online
2204,2025-08-08,PlayStation 5,Games,Sony,4071.37,2,0.0,Sudeste,SP,Cartão de Crédito,Online
2205,2025-08-08,Cabo USB-C 2m,Acessórios,Baseus,38.84,5,0.0,Norte,PA,Cartão de Crédito,Online
2206,2025-08-09,"Smart TV 43"" Full HD",TVs,TCL,1634.38,1,0.1,Sudeste,ES,Pix,Online
2207,2025-08-09,Cabo USB-C 2m,Acessórios,Baseus,38.49,1,0.1,Sul,RS,Cartão de Débito,Online
2208,2025-08-09,Mouse Sem Fio,Acessórios,Logitech,135.41,2,0.0,Sudeste,SP,Cartão de Débito,Online
2209,2025-08-09,AirPods Pro,Áudio,Apple,1906.87,2,0.0,Centro-Oeste,GO,Cartão de Crédito,Online
2210,2025-08-09,Mouse Sem Fio,Acessórios,Logitech,132.31,3,0.0,Nordeste,PI,Cartão de Crédito,Online
2211,2025-08-10,Carregador Turbo 65W,Acessórios,Anker,153.12,2,0.05,Sudeste,MG,Cartão de Crédito,Loja Física
2212,2025-08-10,iPhone 15,Smartphones,Apple,5693.85,1,0.15,Nordeste,PE,Pix,Loja Física
2213,2025-08-10,"Smart TV 55"" OLED",TVs,LG,6049.18,1,0.0,Sudeste,MG,Cartão de Crédito,Online
2214,2025-08-10,Carregador Turbo 65W,Acessórios,Anker,147.46,2,0.15,Centro-Oeste,DF,Pix,Online
2215,2025-08-10,Cabo USB-C 2m,Acessórios,Baseus,40.64,1,0.0,Sul,RS,Cartão de Débito,Loja Física
2216,2025-08-11,Moto G84,Smartphones,Motorola,1554.03,3,0.1,Sudeste,SP,Boleto,Loja Física
2217,2025-08-11,Redmi Note 13,Smartphones,Xiaomi,1719.88,1,0.0,Centro-Oeste,GO,Pix,Online
2218,2025-08-11,Mi Band 8,Wearables,Xiaomi,285.7,3,0.05,Sudeste,SP,Pix,Online
2219,2025-08-11,Fone Bluetooth Redmi Buds,Áudio,Xiaomi,193.01,4,0.0,Sudeste,SP,Cartão de Crédito,Loja Física
2220,2025-08-11,Moto G84,Smartphones,Motorola,1528.72,1,0.1,Sudeste,SP,Cartão de Crédito,Loja Física
2221,2025-08-12,Cabo USB-C 2m,Acessórios,Baseus,40.26,3,0.1,Sudeste,SP,Cartão de Crédito,Loja Física
2222,2025-08-12,AirPods Pro,Áudio,Apple,1885.59,1,0.05,Sul,RS,Cartão de Crédito,Online
2223,2025-08-12,Fone Bluetooth Redmi Buds,Áudio,Xiaomi,194.09,2,0.0,Norte,PA,Cartão de Crédito,Online
2224,2025-08-12,Carregador Turbo 65W,Acessórios,Anker,154.87,3,0.0,Sudeste,SP,Pix,Online
2225,2025-08-12,JBL Charge 5,Áudio,JBL,992.09,1,0.0,Nordeste,CE,Cartão de Crédito,Online
2226,2025-08-13,Carregador Turbo 65W,Acessórios,Anker,148.28,3,0.0,Sul,SC,Cartão de Crédito,Online
2227,2025-08-13,Inspiron 15,Notebooks,Dell,3666.87,2,0.05,Sul,PR,Pix,Loja Física
2228,2025-08-13,Galaxy S24,Smartphones,Samsung,4525.09,3,0.0,Sudeste,RJ,Boleto,Loja Física
2229,2025-08-13,"Smart TV 43"" Full HD",TVs,TCL,1670.86,1,0.05,Sudeste,MG,Cartão de Crédito,Online
2230,2025-08-13,"Smart TV 43"" Full HD",TVs,TCL,1734.42,1,0.0,Centro-Oeste,DF,Cartão de Crédito,Online
2231,2025-08-14,"Smart TV 43"" Full HD",TVs,TCL,1684.04,2,0.15,Sul,PR,Cartão de Débito,Online
2232,2025-08-14,Nintendo Switch,Games,Nintendo,2633.59,2,0.15,Nordeste,PI,Cartão de Crédito,Online
2233,2025-08-14,Fone Bluetooth Redmi Buds,Áudio,Xiaomi,189.16,3,0.05,Sul,RS,Cartão de Crédito,Online
2234,2025-08-14,JBL Charge 5,Áudio,JBL,1029.22,1,0.05,Sudeste,SP,Boleto,Loja Física
2235,2025-08-15,"Smart TV 55"" OLED",TVs,LG,6259.42,1,0.0,Centro-Oeste,GO,Pix,Online
2236,2025-08-15,Carregador Turbo 65W,Acessórios,Anker,145.41,4,0.15,Sul,SC,Pix,Online
2237,2025-08-15,Galaxy Watch 6,Wearables,Samsung,1809.43,1,0.0,Centro-Oeste,GO,Cartão de Crédito,Loja Física
2238,2025-08-15,"Smart TV 50"" 4K",TVs,Samsung,2840.84,1,0.0,Norte,TO,Cartão de Crédito,Online
2239,2025-08-15,Aspire 5,Notebooks,Acer,2865.44,1,0.0,Nordeste,PI,Cartão de Crédito,Loja Física
2240,2025-08-16,Mouse Sem Fio,Acessórios,Logitech,124.54,2,0.1,Sudeste,SP,Pix,Loja Física
2241,2025-08-16,Mouse Sem Fio,Acessórios,Logitech,135.29,5,0.0,Sudeste,RJ,Cartão de Crédito,Online
2242,2025-08-16,PlayStation 5,Games,Sony,4034.3,2,0.0,Nordeste,PE,Cartão de Débito,Loja Física
2243,2025-08-17,Ideapad 3,Notebooks,Lenovo,2852.36,1,0.0,Sudeste,MG,Pix,Loja Física
2244,2025-08-17,Inspiron 15,Notebooks,Dell,3334.87,1,0.0,Sul,PR,Cartão de Crédito,Online
2245,2025-08-17,Ideapad 3,Notebooks,Lenovo,2949.95,2,0.1,Sul,SC,Pix,Online
2246,2025-08-17,Galaxy S24,Smartphones,Samsung,4575.22,1,0.05,Sudeste,RJ,Pix,Online
2247,2025-08-17,Cabo USB-C 2m,Acessórios,Baseus,40.85,5,0.0,Sudeste,RJ,Boleto,Online
2248,2025-08-18,Teclado Mecânico,Acessórios,Redragon,258.44,2,0.0,Nordeste,PI,Cartão de Crédito,Loja Física
2249,2025-08-18,Moto G84,Smartphones,Motorola,1532.22,1,0.05,Nordeste,PI,Boleto,Online
2250,2025-08-19,MacBook Air M2,Notebooks,Apple,9361.51,2,0.0,Norte,PA,Cartão de Crédito,Loja Física
2251,2025-08-19,Galaxy Watch 6,Wearables,Samsung,1779.77,1,0.0,Sudeste,RJ,Cartão de Crédito,Online
2252,2025-08-19,Redmi Note 13,Smartphones,Xiaomi,1696.19,1,0.05,Nordeste,BA,Pix,Online
2253,2025-08-19,PlayStation 5,Games,Sony,3972.99,1,0.0,Centro-Oeste,MT,Pix,Online
2254,2025-08-19,Redmi Note 13,Smartphones,Xiaomi,1643.3,1,0.1,Sudeste,SP,Pix,Loja Física
2255,2025-08-20,Xbox Series S,Games,Microsoft,2618.7,1,0.1,Norte,TO,Pix,Online
2256,2025-08-20,Carregador Turbo 65W,Acessórios,Anker,142.38,1,0.0,Sudeste,ES,Pix,Online
2257,2025-08-20,Galaxy S24,Smartphones,Samsung,4620.66,3,0.05,Sudeste,RJ,Cartão de Crédito,Online
2258,2025-08-20,Carregador Turbo 65W,Acessórios,Anker,149.21,1,0.05,Sudeste,SP,Cartão de Débito,Online
2259,2025-08-20,Galaxy Watch 6,Wearables,Samsung,1815.62,1,0.0,Sul,SC,Cartão de Débito,Loja Física
2260,2025-08-21,Redmi Note 13,Smartphones,Xiaomi,1679.75,1,0.0,Sudeste,MG,Cartão de Crédito,Online
2261,2025-08-21,Cabo USB-C 2m,Acessórios,Baseus,39.79,2,0.0,Norte,AM,Boleto,Online
2262,2025-08-21,"Smart TV 50"" 4K",TVs,Samsung,2913.98,2,0.0,Sudeste,RJ,Cartão de Crédito,Loja Física
2263,2025-08-22,Cabo USB-C 2m,Acessórios,Baseus,37.7,2,0.0,Sul,PR,Pix,Loja Física
2264,2025-08-22,Cabo USB-C 2m,Acessórios,Baseus,40.91,1,0.15,Nordeste,PE,Cartão de Débito,Loja Física
2265,2025-08-22,Ideapad 3,Notebooks,Lenovo,2914.68,1,0.1,Sudeste,MG,Cartão de Crédito,Online
2266,2025-08-22,Galaxy S24,Smartphones,Samsung,4689.54,1,0.15,Centro-Oeste,GO,Pix,Online
2267,2025-08-22,Galaxy S24,Smartphones,Samsung,4799.22,1,0.0,Sudeste,SP,Cartão de Crédito,Online
2268,2025-08-23,Redmi Note 13,Smartphones,Xiaomi,1633.49,2,0.0,Sudeste,SP,Pix,Loja Física
2269,2025-08-23,Apple Watch SE,Wearables,Apple,2537.83,1,0.0,Sudeste,SP,Cartão de Crédito,Loja Física
2270,2025-08-24,Carregador Turbo 65W,Acessórios,Anker,155.25,4,0.0,Sul,SC,Boleto,Online
2271,2025-08-24,Cabo USB-C 2m,Acessórios,Baseus,38.55,1,0.0,Centro-Oeste,GO,Cartão de Crédito,Online
2272,2025-08-24,Cabo USB-C 2m,Acessórios,Baseus,39.29,1,0.05,Sul,RS,Cartão de Débito,Online
2273,2025-08-24,Galaxy Watch 6,Wearables,Samsung,1757.9,1,0.0,Norte,TO,Pix,Loja Física
2274,2025-08-24,Ideapad 3,Notebooks,Lenovo,3011.11,2,0.2,Nordeste,CE,Cartão de Crédito,Online
2275,2025-08-24,Mouse Sem Fio,Acessórios,Logitech,133.92,4,0.1,Sudeste,RJ,Pix,Online
2276,2025-08-25,Fone Bluetooth Redmi Buds,Áudio,Xiaomi,207.26,4,0.05,Sudeste,RJ,Pix,Loja Física
2277,2025-08-25,Mouse Sem Fio,Acessórios,Logitech,133.78,1,0.0,Sudeste,SP,Cartão de Crédito,Online
2278,2025-08-25,Cabo USB-C 2m,Acessórios,Baseus,40.31,3,0.05,Norte,AM,Boleto,Online
2279,2025-08-25,Fone Bluetooth Redmi Buds,Áudio,Xiaomi,195.58,5,0.0,Norte,AM,Cartão de Crédito,Loja Física
2280,2025-08-26,JBL Charge 5,Áudio,JBL,1023.68,1,0.15,Sul,RS,Pix,Online
2281,2025-08-26,Fone Bluetooth Redmi Buds,Áudio,Xiaomi,203.89,2,0.0,Sudeste,RJ,Cartão de Crédito,Loja Física
2282,2025-08-26,Mouse Sem Fio,Acessórios,Logitech,127.73,3,0.0,Sudeste,RJ,Cartão de Crédito,Online
2283,2025-08-26,JBL Charge 5,Áudio,JBL,1020.27,1,0.05,Centro-Oeste,DF,Pix,Online
2284,2025-08-26,Mouse Sem Fio,Acessórios,Logitech,131.9,2,0.1,Sul,PR,Cartão de Débito,Loja Física
2285,2025-08-26,Cabo USB-C 2m,Acessórios,Baseus,39.61,2,0.0,Sul,RS,Pix,Online
2286,2025-08-26,Ideapad 3,Notebooks,Lenovo,2977.21,1,0.05,Sul,PR,Pix,Loja Física
2287,2025-08-27,"Smart TV 55"" OLED",TVs,LG,5869.05,1,0.0,Sudeste,MG,Cartão de Crédito,Loja Física
2288,2025-08-28,Moto G84,Smartphones,Motorola,1543.57,1,0.0,Sudeste,RJ,Cartão de Crédito,Online
2289,2025-08-28,Nintendo Switch,Games,Nintendo,2705.63,2,0.05,Sul,RS,Cartão de Crédito,Loja Física
2290,2025-08-29,AirPods Pro,Áudio,Apple,1919.2,1,0.1,Sudeste,SP,Cartão de Crédito,Online
2291,2025-08-29,Redmi Note 13,Smartphones,Xiaomi,1740.01,1,0.0,Sudeste,SP,Cartão de Crédito,Online
2292,2025-08-29,"Smart TV 50"" 4K",TVs,Samsung,2919.78,3,0.0,Nordeste,CE,Boleto,Online
2293,2025-08-30,JBL Charge 5,Áudio,JBL,1006.41,2,0.05,Sudeste,SP,Pix,Loja Física
2294,2025-08-30,Mouse Sem Fio,Acessórios,Logitech,133.21,1,0.0,Nordeste,PI,Pix,Online
2295,2025-08-30,Inspiron 15,Notebooks,Dell,3339.9,1,0.0,Sudeste,SP,Cartão de Crédito,Online
2296,2025-08-30,Xbox Series S,Games,Microsoft,2476.22,1,0.1,Norte,TO,Pix,Loja Física
2297,2025-08-31,Nintendo Switch,Games,Nintendo,2694.17,1,0.0,Sudeste,SP,Cartão de Crédito,Loja Física
2298,2025-09-01,Galaxy S24,Smartphones,Samsung,4432.7,1,0.1,Sudeste,RJ,Pix,Online
2299,2025-09-01,Cabo USB-C 2m,Acessórios,Baseus,39.05,3,0.0,Sudeste,SP,Boleto,Loja Física
2300,2025-09-01,Mi Band 8,Wearables,Xiaomi,286.14,3,0.05,Sudeste,SP,Cartão de Crédito,Loja Física
2301,2025-09-01,Galaxy S24,Smartphones,Samsung,4460.3,1,0.2,Sudeste,MG,Cartão de Crédito,Online
2302,2025-09-01,Fone Bluetooth Redmi Buds,Áudio,Xiaomi,197.84,1,0.05,Sudeste,MG,Pix,Online
2303,2025-09-01,JBL Charge 5,Áudio,JBL,1013.38,3,0.0,Centro-Oeste,DF,Cartão de Débito,Online
2304,2025-09-01,Mi Band 8,Wearables,Xiaomi,304.02,4,0.0,Centro-Oeste,MT,Cartão de Crédito,Loja Física
2305,2025-09-01,Carregador Turbo 65W,Acessórios,Anker,146.84,2,0.05,Sul,PR,Pix,Loja Física
2306,2025-09-01,Mouse Sem Fio,Acessórios,Logitech,134.7,5,0.0,Nordeste,CE,Pix,Online
2307,2025-09-02,Cabo USB-C 2m,Acessórios,Baseus,38.83,4,0.0,Nordeste,PE,Cartão de Crédito,Online
2308,2025-09-02,Moto G84,Smartphones,Motorola,1430.76,1,0.0,Nordeste,BA,Cartão de Crédito,Loja Física
2309,2025-09-02,Galaxy S24,Smartphones,Samsung,4389.37,3,0.0,Sudeste,SP,Pix,Online
2310,2025-09-02,Carregador Turbo 65W,Acessórios,Anker,148.0,3,0.1,Sudeste,SP,Pix,Online
2311,2025-09-02,Cabo USB-C 2m,Acessórios,Baseus,40.15,2,0.0,Centro-Oeste,MT,Cartão de Crédito,Online
2312,2025-09-03,Xbox Series S,Games,Microsoft,2397.2,2,0.15,Nordeste,BA,Cartão de Crédito,Online
2313,2025-09-03,Moto G84,Smartphones,Motorola,1455.76,1,0.0,Centro-Oeste,GO,Cartão de Crédito,Loja Física
2314,2025-09-03,Inspiron 15,Notebooks,Dell,3381.94,1,0.15,Nordeste,PE,Cartão de Crédito,Online
2315,2025-09-04,Cabo USB-C 2m,Acessórios,Baseus,37.32,3,0.0,Sudeste,MG,Cartão de Crédito,Online
2316,2025-09-04,Cabo USB-C 2m,Acessórios,Baseus,37.84,3,0.1,Sudeste,SP,Cartão de Crédito,Online
2317,2025-09-04,"Smart TV 50"" 4K",TVs,Samsung,2866.8,1,0.0,Sul,RS,Pix,Online
2318,2025-09-04,AirPods Pro,Áudio,Apple,1899.22,2,0.1,Sudeste,SP,Cartão de Crédito,Loja Física
2319,2025-09-05,Teclado Mecânico,Acessórios,Redragon,243.73,3,0.05,Sudeste,SP,Pix,Online
2320,2025-09-05,Mi Band 8,Wearables,Xiaomi,308.22,1,0.1,Sudeste,SP,Cartão de Crédito,Online
2321,2025-09-05,Cabo USB-C 2m,Acessórios,Baseus,39.02,1,0.0,Centro-Oeste,GO,Pix,Online
2322,2025-09-05,Aspire 5,Notebooks,Acer,2946.75,1,0.0,Sudeste,RJ,Cartão de Crédito,Online
2323,2025-09-06,JBL Charge 5,Áudio,JBL,976.91,1,0.0,Sudeste,SP,Boleto,Loja Física
2324,2025-09-06,Mi Band 8,Wearables,Xiaomi,297.22,1,0.1,Sudeste,RJ,Pix,Online
2325,2025-09-06,Mouse Sem Fio,Acessórios,Logitech,125.19,3,0.0,Nordeste,BA,Cartão de Débito,Loja Física
2326,2025-09-06,"Smart TV 50"" 4K",TVs,Samsung,2893.78,1,0.1,Sudeste,RJ,Cartão de Crédito,Loja Física
2327,2025-09-06,Mi Band 8,Wearables,Xiaomi,296.9,3,0.0,Nordeste,PI,Boleto,Online
2328,2025-09-07,Mouse Sem Fio,Acessórios,Logitech,131.05,2,0.1,Sul,RS,Cartão de Débito,Online
2329,2025-09-07,"Smart TV 50"" 4K",TVs,Samsung,2786.53,1,0.0,Sul,SC,Cartão de Débito,Online
2330,2025-09-07,JBL Charge 5,Áudio,JBL,952.87,1,0.1,Sudeste,SP,Cartão de Crédito,Online
2331,2025-09-07,Ideapad 3,Notebooks,Lenovo,2927.81,1,0.0,Sudeste,MG,Boleto,Loja Física
2332,2025-09-08,iPhone 15,Smartphones,Apple,5282.12,1,0.0,Sudeste,SP,Pix,Online
2333,2025-09-08,Fone Bluetooth Redmi Buds,Áudio,Xiaomi,189.1,2,0.0,Sudeste,RJ,Cartão de Crédito,Online
2334,2025-09-08,"Smart TV 50"" 4K",TVs,Samsung,2690.23,2,0.05,Centro-Oeste,GO,Cartão de Débito,Loja Física
2335,2025-09-08,Mi Band 8,Wearables,Xiaomi,298.04,4,0.0,Sudeste,SP,Cartão de Crédito,Online
2336,2025-09-08,Moto G84,Smartphones,Motorola,1440.26,1,0.05,Sudeste,MG,Cartão de Crédito,Online
2337,2025-09-09,Mi Band 8,Wearables,Xiaomi,299.22,2,0.0,Sul,SC,Cartão de Débito,Loja Física
2338,2025-09-09,Moto G84,Smartphones,Motorola,1484.23,1,0.05,Sudeste,MG,Cartão de Crédito,Online
2339,2025-09-09,Inspiron 15,Notebooks,Dell,3627.1,2,0.1,Sudeste,SP,Cartão de Crédito,Online
2340,2025-09-09,Cabo USB-C 2m,Acessórios,Baseus,37.76,2,0.1,Sudeste,SP,Cartão de Crédito,Online
2341,2025-09-09,AirPods Pro,Áudio,Apple,1928.26,2,0.0,Nordeste,PI,Cartão de Crédito,Online
2342,2025-09-09,Mi Band 8,Wearables,Xiaomi,286.6,1,0.0,Nordeste,PE,Cartão de Crédito,Online
2343,2025-09-09,JBL Charge 5,Áudio,JBL,977.43,1,0.0,Sudeste,RJ,Boleto,Loja Física
2344,2025-09-10,Mi Band 8,Wearables,Xiaomi,299.94,4,0.2,Sudeste,RJ,Pix,Online
2345,2025-09-10,Aspire 5,Notebooks,Acer,3105.81,1,0.0,Sul,RS,Cartão de Crédito,Online
2346,2025-09-10,iPhone 15,Smartphones,Apple,5504.74,1,0.0,Nordeste,PE,Cartão de Crédito,Online
2347,2025-09-11,Mi Band 8,Wearables,Xiaomi,291.66,1,0.05,Sul,SC,Cartão de Crédito,Online
2348,2025-09-11,Mi Band 8,Wearables,Xiaomi,313.66,2,0.0,Sul,PR,Cartão de Crédito,Loja Física
2349,2025-09-11,"Smart TV 50"" 4K",TVs,Samsung,2846.22,1,0.05,Centro-Oeste,GO,Cartão de Débito,Online
2350,2025-09-12,Moto G84,Smartphones,Motorola,1552.09,2,0.15,Centro-Oeste,GO,Pix,Online
2351,2025-09-12,JBL Charge 5,Áudio,JBL,952.22,1,0.0,Sul,SC,Cartão de Crédito,Loja Física
2352,2025-09-12,Mi Band 8,Wearables,Xiaomi,309.44,4,0.0,Sul,RS,Pix,Online
2353,2025-09-12,Galaxy S24,Smartphones,Samsung,4796.87,4,0.05,Sudeste,SP,Cartão de Débito,Loja Física
2354,2025-09-12,PlayStation 5,Games,Sony,3870.65,1,0.0,Sudeste,SP,Pix,Online
2355,2025-09-13,Cabo USB-C 2m,Acessórios,Baseus,39.49,1,0.05,Nordeste,PE,Cartão de Crédito,Online
2356,2025-09-13,Cabo USB-C 2m,Acessórios,Baseus,38.75,3,0.0,Norte,PA,Cartão de Crédito,Loja Física
2357,2025-09-13,Redmi Note 13,Smartphones,Xiaomi,1758.1,1,0.0,Nordeste,BA,Cartão de Crédito,Online
2358,2025-09-13,Fone Bluetooth Redmi Buds,Áudio,Xiaomi,203.24,3,0.0,Sudeste,RJ,Cartão de Crédito,Online
2359,2025-09-13,Redmi Note 13,Smartphones,Xiaomi,1683.81,1,0.1,Sudeste,SP,Boleto,Online
2360,2025-09-15,Moto G84,Smartphones,Motorola,1556.27,2,0.0,Sudeste,SP,Cartão de Crédito,Online
2361,2025-09-15,MacBook Air M2,Notebooks,Apple,9425.64,1,0.0,Sudeste,SP,Pix,Loja Física
2362,2025-09-15,Cabo USB-C 2m,Acessórios,Baseus,39.74,2,0.2,Sul,RS,Cartão de Crédito,Online
2363,2025-09-16,Inspiron 15,Notebooks,Dell,3383.34,1,0.1,Centro-Oeste,GO,Pix,Online
2364,2025-09-16,"Smart TV 43"" Full HD",TVs,TCL,1642.39,1,0.05,Sudeste,SP,Cartão de Crédito,Online
2365,2025-09-16,Redmi Note 13,Smartphones,Xiaomi,1664.3,1,0.2,Sudeste,MG,Pix,Online
2366,2025-09-17,Cabo USB-C 2m,Acessórios,Baseus,40.57,3,0.0,Nordeste,BA,Pix,Online
2367,2025-09-18,Teclado Mecânico,Acessórios,Redragon,237.99,1,0.0,Sudeste,SP,Pix,Online
2368,2025-09-18,MacBook Air M2,Notebooks,Apple,8582.22,1,0.0,Sudeste,SP,Boleto,Loja Física
2369,2025-09-18,Moto G84,Smartphones,Motorola,1560.0,1,0.0,Sudeste,RJ,Cartão de Crédito,Online
2370,2025-09-18,Nintendo Switch,Games,Nintendo,2631.39,1,0.0,Sudeste,SP,Pix,Online
2371,2025-09-18,Mouse Sem Fio,Acessórios,Logitech,130.83,1,0.0,Sul,PR,Cartão de Crédito,Loja Física
2372,2025-09-19,Ideapad 3,Notebooks,Lenovo,2865.66,1,0.0,Sudeste,MG,Boleto,Online
2373,2025-09-19,Cabo USB-C 2m,Acessórios,Baseus,40.31,5,0.05,Nordeste,BA,Cartão de Crédito,Loja Física
2374,2025-09-19,JBL Charge 5,Áudio,JBL,1031.99,1,0.0,Nordeste,CE,Pix,Loja Física
2375,2025-09-19,Mouse Sem Fio,Acessórios,Logitech,132.82,2,0.2,Sudeste,SP,Cartão de Débito,Online
2376,2025-09-19,Mi Band 8,Wearables,Xiaomi,313.67,1,0.05,Sudeste,SP,Cartão de Crédito,Online
2377,2025-09-19,Mi Band 8,Wearables,Xiaomi,303.12,2,0.15,Sudeste,SP,Cartão de Crédito,Online
2378,2025-09-20,Fone Bluetooth Redmi Buds,Áudio,Xiaomi,192.58,2,0.1,Sudeste,SP,Cartão de Crédito,Online
2379,2025-09-20,iPhone 15,Smartphones,Apple,5358.1,1,0.0,Sul,RS,Cartão de Crédito,Online
2380,2025-09-20,Teclado Mecânico,Acessórios,Redragon,243.89,3,0.1,Sudeste,SP,Pix,Loja Física
2381,2025-09-21,Mi Band 8,Wearables,Xiaomi,305.68,1,0.0,Sul,RS,Pix,Online
2382,2025-09-21,Fone Bluetooth Redmi Buds,Áudio,Xiaomi,191.51,2,0.0,Sudeste,SP,Cartão de Crédito,Online
2383,2025-09-21,Galaxy Watch 6,Wearables,Samsung,1751.87,1,0.1,Nordeste,BA,Boleto,Loja Física
2384,2025-09-21,Aspire 5,Notebooks,Acer,2862.07,1,0.0,Sudeste,SP,Cartão de Crédito,Loja Física
2385,2025-09-21,Fone Bluetooth Redmi Buds,Áudio,Xiaomi,200.43,4,0.0,Sudeste,SP,Cartão de Crédito,Loja Física
2386,2025-09-22,Moto G84,Smartphones,Motorola,1461.19,1,0.0,Nordeste,BA,Cartão de Débito,Online
2387,2025-09-22,"Smart TV 43"" Full HD",TVs,TCL,1742.88,1,0.0,Sudeste,MG,Cartão de Débito,Online
2388,2025-09-22,Ideapad 3,Notebooks,Lenovo,3010.8,1,0.0,Nordeste,BA,Cartão de Crédito,Online
2389,2025-09-22,JBL Charge 5,Áudio,JBL,1043.23,1,0.0,Sul,RS,Cartão de Crédito,Loja Física
2390,2025-09-22,Fone Bluetooth Redmi Buds,Áudio,Xiaomi,189.86,3,0.1,Centro-Oeste,DF,Cartão de Crédito,Online
2391,2025-09-22,Cabo USB-C 2m,Acessórios,Baseus,40.83,2,0.0,Sudeste,MG,Cartão de Crédito,Online
2392,2025-09-23,Redmi Note 13,Smartphones,Xiaomi,1763.7,1,0.0,Centro-Oeste,DF,Cartão de Crédito,Online
2393,2025-09-23,Galaxy S24,Smartphones,Samsung,4745.37,1,0.0,Centro-Oeste,GO,Cartão de Crédito,Online
2394,2025-09-23,Cabo USB-C 2m,Acessórios,Baseus,37.58,1,0.15,Norte,PA,Pix,Online
2395,2025-09-23,Cabo USB-C 2m,Acessórios,Baseus,37.99,2,0.1,Sudeste,SP,Pix,Online
2396,2025-09-23,Cabo USB-C 2m,Acessórios,Baseus,37.58,4,0.1,Nordeste,CE,Cartão de Crédito,Online
2397,2025-09-24,JBL Charge 5,Áudio,JBL,1013.42,1,0.0,Nordeste,BA,,Online
2398,2025-09-24,Inspiron 15,Notebooks,Dell,3568.96,1,0.0,Sudeste,SP,Pix,Online
2399,2025-09-24,Fone Bluetooth Redmi Buds,Áudio,Xiaomi,189.5,3,0.0,Nordeste,BA,Cartão de Crédito,Loja Física
2400,2025-09-24,Carregador Turbo 65W,Acessórios,Anker,152.93,1,0.0,Sul,PR,Cartão de Crédito,Loja Física
2401,2025-09-25,Redmi Note 13,Smartphones,Xiaomi,1624.83,1,0.0,Nordeste,BA,Cartão de Débito,Loja Física
2402,2025-09-25,AirPods Pro,Áudio,Apple,1937.03,2,0.15,Sudeste,SP,Pix,Online
2403,2025-09-25,Carregador Turbo 65W,Acessórios,Anker,149.13,3,0.0,Sudeste,MG,Cartão de Crédito,Online
2404,2025-09-26,Xbox Series S,Games,Microsoft,2585.6,1,0.0,Sudeste,RJ,Pix,Online
2405,2025-09-26,Apple Watch SE,Wearables,Apple,2523.66,3,0.05,Sudeste,MG,Pix,Online
2406,2025-09-26,Redmi Note 13,Smartphones,Xiaomi,1626.81,2,0.15,Sudeste,RJ,Cartão de Crédito,Online
2407,2025-09-26,Teclado Mecânico,Acessórios,Redragon,246.22,1,0.1,Sudeste,MG,Cartão de Débito,Loja Física
2408,2025-09-27,Fone Bluetooth Redmi Buds,Áudio,Xiaomi,190.14,1,0.0,Nordeste,PE,Pix,Loja Física
2409,2025-09-27,Fone Bluetooth Redmi Buds,Áudio,Xiaomi,207.61,2,0.0,Centro-Oeste,GO,Cartão de Crédito,Loja Física
2410,2025-09-27,Carregador Turbo 65W,Acessórios,Anker,151.33,2,0.0,Sudeste,SP,Boleto,Loja Física
2411,2025-09-28,Mouse Sem Fio,Acessórios,Logitech,126.91,1,0.0,Sul,PR,Pix,Online
2412,2025-09-28,Inspiron 15,Notebooks,Dell,3606.15,1,0.05,Sudeste,SP,Cartão de Crédito,Online
2413,2025-09-28,iPhone 15,Smartphones,Apple,5635.77,2,0.1,Sudeste,MG,Pix,Online
2414,2025-09-28,Galaxy S24,Smartphones,Samsung,4595.76,1,0.0,Sudeste,SP,Cartão de Crédito,Online
2415,2025-09-29,Inspiron 15,Notebooks,Dell,3485.08,3,0.05,Nordeste,PE,Cartão de Crédito,Online
2416,2025-09-30,Mi Band 8,Wearables,Xiaomi,287.23,4,0.05,Sudeste,MG,Cartão de Crédito,Online
2417,2025-09-30,Redmi Note 13,Smartphones,Xiaomi,1753.84,1,0.05,Sudeste,SP,Cartão de Crédito,Loja Física
2418,2025-10-01,AirPods Pro,Áudio,Apple,1877.54,2,0.15,Sul,RS,Cartão de Crédito,Loja Física
2419,2025-10-01,Redmi Note 13,Smartphones,Xiaomi,1662.48,1,0.05,Sudeste,RJ,Pix,Online
2420,2025-10-01,Aspire 5,Notebooks,Acer,2900.23,1,0.0,Sul,PR,Pix,Loja Física
2421,2025-10-02,"Smart TV 43"" Full HD",TVs,TCL,1682.77,1,0.1,Nordeste,PE,Cartão de Crédito,Online
2422,2025-10-02,Fone Bluetooth Redmi Buds,Áudio,Xiaomi,192.6,1,0.0,Sudeste,ES,Cartão de Crédito,Online
2423,2025-10-02,Carregador Turbo 65W,Acessórios,Anker,146.67,2,0.0,Sudeste,SP,Pix,Online
2424,2025-10-02,JBL Charge 5,Áudio,JBL,1033.84,1,0.05,Sudeste,SP,Pix,Online
2425,2025-10-02,Redmi Note 13,Smartphones,Xiaomi,1704.53,1,0.0,Sudeste,ES,Cartão de Crédito,Loja Física
2426,2025-10-03,Apple Watch SE,Wearables,Apple,2618.87,1,0.0,Norte,PA,Cartão de Crédito,Online
2427,2025-10-03,Teclado Mecânico,Acessórios,Redragon,247.83,2,0.2,Sudeste,RJ,Cartão de Crédito,Online
2428,2025-10-03,Mi Band 8,Wearables,Xiaomi,301.17,1,0.0,Sul,RS,Pix,Loja Física
2429,2025-10-04,Mi Band 8,Wearables,Xiaomi,301.21,3,0.0,Nordeste,PE,Cartão de Crédito,Online
2430,2025-10-04,Redmi Note 13,Smartphones,Xiaomi,1625.77,1,0.0,Sudeste,SP,Cartão de Crédito,Loja Física
2431,2025-10-04,iPhone 15,Smartphones,Apple,5298.5,1,0.0,Sudeste,SP,Pix,Loja Física
2432,2025-10-04,Redmi Note 13,Smartphones,Xiaomi,1636.01,1,0.0,Sul,SC,Cartão de Crédito,Online
2433,2025-10-04,Teclado Mecânico,Acessórios,Redragon,244.3,4,0.0,Sudeste,RJ,Pix,Online
2434,2025-10-05,Moto G84,Smartphones,Motorola,1521.62,2,0.05,Sudeste,MG,Cartão de Débito,Loja Física
2435,2025-10-05,Mouse Sem Fio,Acessórios,Logitech,132.53,1,0.15,Sudeste,SP,Cartão de Crédito,Loja Física
2436,2025-10-05,Mi Band 8,Wearables,Xiaomi,294.08,5,0.0,Sudeste,MG,Boleto,Loja Física
2437,2025-10-05,Teclado Mecânico,Acessórios,Redragon,249.48,3,0.1,Sudeste,MG,Cartão de Crédito,Loja Física
2438,2025-10-06,AirPods Pro,Áudio,Apple,1987.41,1,0.0,Sul,SC,Pix,Online
2439,2025-10-06,Fone Bluetooth Redmi Buds,Áudio,Xiaomi,202.43,4,0.05,Nordeste,PI,Cartão de Crédito,Loja Física
2440,2025-10-06,iPhone 15,Smartphones,Apple,5429.65,1,0.0,Sul,PR,Pix,Online
2441,2025-10-07,Carregador Turbo 65W,Acessórios,Anker,152.42,2,0.0,Nordeste,BA,Pix,Loja Física
2442,2025-10-07,Redmi Note 13,Smartphones,Xiaomi,1639.49,1,0.0,Sudeste,SP,Boleto,Online
2443,2025-10-07,Ideapad 3,Notebooks,Lenovo,2776.71,2,0.1,Nordeste,BA,Cartão de Crédito,Online
2444,2025-10-07,iPhone 15,Smartphones,Apple,5530.16,1,0.0,Nordeste,PE,Boleto,Online
2445,2025-10-07,Fone Bluetooth Redmi Buds,Áudio,Xiaomi,199.69,4,0.0,Sudeste,RJ,Boleto,Online
2446,2025-10-08,JBL Charge 5,Áudio,JBL,1039.76,1,0.0,Sudeste,SP,Pix,Online
2447,2025-10-08,Galaxy S24,Smartphones,Samsung,4677.09,1,0.05,Sudeste,SP,Cartão de Crédito,Online
2448,2025-10-08,Galaxy S24,Smartphones,Samsung,4804.37,2,0.2,Sudeste,MG,Pix,Online
2449,2025-10-09,PlayStation 5,Games,Sony,3836.99,2,0.2,Sul,SC,Cartão de Crédito,Online
2450,2025-10-09,Cabo USB-C 2m,Acessórios,Baseus,40.95,2,0.0,Nordeste,PI,Boleto,Online
2451,2025-10-09,Carregador Turbo 65W,Acessórios,Anker,144.24,1,0.0,Sudeste,SP,Cartão de Crédito,Online
2452,2025-10-10,Teclado Mecânico,Acessórios,Redragon,238.06,5,0.0,Centro-Oeste,GO,Cartão de Débito,Online
2453,2025-10-10,Cabo USB-C 2m,Acessórios,Baseus,39.28,1,0.05,Centro-Oeste,DF,Cartão de Débito,Online
2454,2025-10-10,iPhone 15,Smartphones,Apple,5618.84,1,0.05,Nordeste,PI,Cartão de Crédito,Loja Física
2455,2025-10-10,Carregador Turbo 65W,Acessórios,Anker,150.88,1,0.1,Sudeste,SP,Cartão de Crédito,Online
2456,2025-10-10,Galaxy S24,Smartphones,Samsung,4616.05,1,0.15,Nordeste,PI,Cartão de Crédito,Online
2457,2025-10-10,Cabo USB-C 2m,Acessórios,Baseus,38.62,1,0.0,Nordeste,BA,Pix,Loja Física
2458,2025-10-10,Galaxy Watch 6,Wearables,Samsung,1741.08,1,0.15,Nordeste,PI,Pix,Online
2459,2025-10-11,iPhone 15,Smartphones,Apple,5538.41,1,0.05,Sudeste,SP,Cartão de Crédito,Loja Física
2460,2025-10-11,Carregador Turbo 65W,Acessórios,Anker,143.61,1,0.15,Centro-Oeste,DF,Cartão de Crédito,Loja Física
2461,2025-10-11,Fone Bluetooth Redmi Buds,Áudio,Xiaomi,200.94,4,0.15,Nordeste,PI,Cartão de Crédito,Loja Física
2462,2025-10-12,Moto G84,Smartphones,Motorola,1542.95,2,0.1,Sudeste,SP,Cartão de Crédito,Loja Física
2463,2025-10-12,iPhone 15,Smartphones,Apple,5666.56,1,0.0,Sudeste,SP,Cartão de Crédito,Online
2464,2025-10-12,Mi Band 8,Wearables,Xiaomi,301.03,1,0.0,Sudeste,SP,Pix,Loja Física
2465,2025-10-13,iPhone 15,Smartphones,Apple,5516.22,1,0.1,Sudeste,SP,Cartão de Débito,Loja Física
2466,2025-10-13,Cabo USB-C 2m,Acessórios,Baseus,38.57,1,0.0,Nordeste,PI,Pix,Loja Física
2467,2025-10-13,"Smart TV 55"" OLED",TVs,LG,6145.29,1,0.0,Sudeste,RJ,Pix,Online
2468,2025-10-13,Cabo USB-C 2m,Acessórios,Baseus,38.61,4,0.1,Sudeste,MG,Cartão de Débito,Online
2469,2025-10-13,Cabo USB-C 2m,Acessórios,Baseus,38.24,1,0.1,Centro-Oeste,MT,Pix,Loja Física
2470,2025-10-13,Carregador Turbo 65W,Acessórios,Anker,151.85,3,0.0,Sudeste,SP,Cartão de Crédito,Loja Física
2471,2025-10-13,Ideapad 3,Notebooks,Lenovo,2777.32,1,0.0,Sul,RS,Pix,Online
2472,2025-10-13,"Smart TV 43"" Full HD",TVs,TCL,1747.77,1,0.0,Norte,TO,Pix,Online
2473,2025-10-14,"Smart TV 43"" Full HD",TVs,TCL,1615.39,1,0.0,Sul,RS,Pix,Online
2474,2025-10-14,Moto G84,Smartphones,Motorola,1424.9,1,0.0,Nordeste,BA,Cartão de Débito,Online
2475,2025-10-14,Teclado Mecânico,Acessórios,Redragon,255.2,3,0.0,Nordeste,PE,Cartão de Crédito,Loja Física
2476,2025-10-15,AirPods Pro,Áudio,Apple,1909.27,1,0.15,Sul,SC,Pix,Loja Física
2477,2025-10-15,PlayStation 5,Games,Sony,4104.97,1,0.0,Sudeste,MG,,Online
2478,2025-10-15,Mi Band 8,Wearables,Xiaomi,301.95,2,0.05,Sudeste,RJ,Pix,Loja Física
2479,2025-10-15,Moto G84,Smartphones,Motorola,1514.36,1,0.0,Norte,AM,Cartão de Crédito,Online
2480,2025-10-15,Redmi Note 13,Smartphones,Xiaomi,1688.43,1,0.0,Nordeste,PI,Pix,Online
2481,2025-10-15,Mouse Sem Fio,Acessórios,Logitech,130.81,2,0.05,Centro-Oeste,GO,Cartão de Crédito,Loja Física
2482,2025-10-16,Mi Band 8,Wearables,Xiaomi,289.19,3,0.15,Sudeste,MG,Cartão de Débito,Online
2483,2025-10-16,Carregador Turbo 65W,Acessórios,Anker,148.79,1,0.0,Centro-Oeste,DF,Boleto,Online
2484,2025-10-17,Carregador Turbo 65W,Acessórios,Anker,149.43,1,0.05,Norte,AM,Cartão de Crédito,Online
2485,2025-10-17,Galaxy S24,Smartphones,Samsung,4721.09,1,0.0,Nordeste,CE,Cartão de Crédito,Online
2486,2025-10-17,Mouse Sem Fio,Acessórios,Logitech,122.62,1,0.1,Sudeste,MG,Pix,Online
2487,2025-10-17,Mouse Sem Fio,Acessórios,Logitech,134.88,1,0.0,Centro-Oeste,GO,Cartão de Crédito,Online
2488,2025-10-17,Mi Band 8,Wearables,Xiaomi,304.81,5,0.05,Sul,PR,Pix,Online
2489,2025-10-18,"Smart TV 43"" Full HD",TVs,TCL,1736.32,1,0.05,Sul,RS,Cartão de Crédito,Online
2490,2025-10-18,Ideapad 3,Notebooks,Lenovo,2932.69,1,0.0,Sudeste,SP,Cartão de Crédito,Online
2491,2025-10-19,"Smart TV 43"" Full HD",TVs,TCL,1759.39,1,0.0,Sudeste,SP,Pix,Loja Física
2492,2025-10-19,"Smart TV 55"" OLED",TVs,LG,5940.95,2,0.0,Norte,PA,Cartão de Crédito,Online
2493,2025-10-19,Carregador Turbo 65W,Acessórios,Anker,143.65,1,0.0,Sudeste,SP,Pix,Loja Física
2494,2025-10-20,"Smart TV 50"" 4K",TVs,Samsung,2866.98,2,0.15,Nordeste,BA,Cartão de Débito,Online
2495,2025-10-20,Cabo USB-C 2m,Acessórios,Baseus,40.5,3,0.1,Sul,SC,Cartão de Crédito,Loja Física
2496,2025-10-20,Teclado Mecânico,Acessórios,Redragon,250.55,1,0.0,Sudeste,SP,Cartão de Crédito,Online
2497,2025-10-20,Aspire 5,Notebooks,Acer,2911.66,1,0.0,Sudeste,MG,Boleto,Online
2498,2025-10-20,Carregador Turbo 65W,Acessórios,Anker,150.11,1,0.0,Centro-Oeste,MT,Cartão de Crédito,Online
2499,2025-10-20,PlayStation 5,Games,Sony,3943.65,2,0.2,Sul,RS,Pix,Loja Física
2500,2025-10-20,"Smart TV 43"" Full HD",TVs,TCL,1675.09,1,0.0,Centro-Oeste,DF,Pix,Online
2501,2025-10-21,iPhone 15,Smartphones,Apple,5504.26,1,0.1,Nordeste,CE,Pix,Loja Física
2502,2025-10-21,Carregador Turbo 65W,Acessórios,Anker,141.76,4,0.15,Nordeste,CE,Pix,Online
2503,2025-10-21,Cabo USB-C 2m,Acessórios,Baseus,37.23,1,0.05,Sudeste,SP,Cartão de Crédito,Online
2504,2025-10-21,Carregador Turbo 65W,Acessórios,Anker,153.31,2,0.15,Sul,RS,Cartão de Crédito,Loja Física
2505,2025-10-21,Moto G84,Smartphones,Motorola,1447.68,2,0.0,Sudeste,RJ,Pix,Loja Física
2506,2025-10-21,Ideapad 3,Notebooks,Lenovo,3019.79,3,0.1,Sudeste,SP,Cartão de Crédito,Online
2507,2025-10-22,Mouse Sem Fio,Acessórios,Logitech,134.46,1,0.0,Sudeste,SP,Pix,Online
2508,2025-10-22,"Smart TV 50"" 4K",TVs,Samsung,2676.49,1,0.0,Sudeste,SP,Cartão de Crédito,Online
2509,2025-10-23,Nintendo Switch,Games,Nintendo,2637.61,1,0.0,Sudeste,SP,Pix,Online
2510,2025-10-23,Inspiron 15,Notebooks,Dell,3566.15,1,0.0,Sudeste,ES,Cartão de Crédito,Loja Física
2511,2025-10-23,"Smart TV 43"" Full HD",TVs,TCL,1710.06,1,0.0,Sudeste,RJ,Cartão de Débito,Online
2512,2025-10-24,Cabo USB-C 2m,Acessórios,Baseus,39.88,1,0.05,Centro-Oeste,GO,Cartão de Débito,Online
2513,2025-10-24,Cabo USB-C 2m,Acessórios,Baseus,40.81,4,0.05,Sul,PR,Cartão de Crédito,Loja Física
2514,2025-10-24,Carregador Turbo 65W,Acessórios,Anker,143.76,1,0.05,Nordeste,BA,Cartão de Crédito,Online
2515,2025-10-24,Carregador Turbo 65W,Acessórios,Anker,142.97,1,0.05,Centro-Oeste,DF,Cartão de Crédito,Loja Física
2516,2025-10-25,Ideapad 3,Notebooks,Lenovo,2916.2,1,0.05,Sudeste,SP,Cartão de Crédito,Online
2517,2025-10-25,"Smart TV 50"" 4K",TVs,Samsung,2717.32,1,0.1,Nordeste,PI,Cartão de Crédito,Online
2518,2025-10-25,Moto G84,Smartphones,Motorola,1529.44,1,0.0,Sudeste,SP,Cartão de Débito,Online
2519,2025-10-25,JBL Charge 5,Áudio,JBL,962.2,1,0.15,Sul,RS,Cartão de Débito,Loja Física
2520,2025-10-25,Mouse Sem Fio,Acessórios,Logitech,124.07,1,0.05,Sul,PR,Pix,Loja Física
2521,2025-10-26,Cabo USB-C 2m,Acessórios,Baseus,38.31,1,0.0,Nordeste,BA,Cartão de Crédito,Loja Física
2522,2025-10-26,Redmi Note 13,Smartphones,Xiaomi,1704.52,2,0.15,Sudeste,MG,Boleto,Loja Física
2523,2025-10-26,Mi Band 8,Wearables,Xiaomi,303.79,1,0.05,Nordeste,PI,Cartão de Débito,Online
2524,2025-10-27,Cabo USB-C 2m,Acessórios,Baseus,40.13,2,0.05,Sudeste,SP,Cartão de Crédito,Loja Física
2525,2025-10-27,Cabo USB-C 2m,Acessórios,Baseus,39.23,2,0.05,Sudeste,SP,Pix,Loja Física
2526,2025-10-27,"Smart TV 43"" Full HD",TVs,TCL,1653.51,1,0.0,Sul,RS,Cartão de Crédito,Online
2527,2025-10-27,AirPods Pro,Áudio,Apple,1809.23,1,0.05,Sudeste,RJ,Cartão de Crédito,Online
2528,2025-10-27,MacBook Air M2,Notebooks,Apple,9129.36,1,0.1,Sudeste,SP,Cartão de Crédito,Loja Física
2529,2025-10-27,Inspiron 15,Notebooks,Dell,3496.93,1,0.05,Sul,PR,Cartão de Crédito,Online
2530,2025-10-28,Moto G84,Smartphones,Motorola,1540.43,1,0.0,Sudeste,RJ,Boleto,Loja Física
2531,2025-10-28,Ideapad 3,Notebooks,Lenovo,2898.04,1,0.15,Sul,RS,Cartão de Crédito,Online
2532,2025-10-28,Moto G84,Smartphones,Motorola,1428.26,3,0.0,Nordeste,PI,Cartão de Crédito,Online
2533,2025-10-29,MacBook Air M2,Notebooks,Apple,9399.6,1,0.0,Nordeste,CE,Pix,Online
2534,2025-10-29,Cabo USB-C 2m,Acessórios,Baseus,40.06,1,0.05,Nordeste,PE,Cartão de Crédito,Online
2535,2025-10-29,"Smart TV 55"" OLED",TVs,LG,6208.04,1,0.0,Sul,PR,Pix,Online
2536,2025-10-29,Galaxy Watch 6,Wearables,Samsung,1816.55,1,0.15,Sudeste,SP,Cartão de Crédito,Online
2537,2025-10-30,Cabo USB-C 2m,Acessórios,Baseus,40.86,2,0.0,Sudeste,SP,Pix,Online
2538,2025-10-30,Mouse Sem Fio,Acessórios,Logitech,127.65,1,0.05,Sudeste,SP,Pix,Loja Física
2539,2025-10-30,Xbox Series S,Games,Microsoft,2550.51,1,0.0,Sudeste,SP,Pix,Loja Física
2540,2025-10-30,Aspire 5,Notebooks,Acer,2909.52,1,0.0,Sudeste,SP,Cartão de Crédito,Loja Física
2541,2025-10-30,Carregador Turbo 65W,Acessórios,Anker,155.99,1,0.05,Sudeste,SP,Cartão de Crédito,Online
2542,2025-10-30,Moto G84,Smartphones,Motorola,1463.21,1,0.1,Sul,RS,Cartão de Crédito,Loja Física
2543,2025-10-30,"Smart TV 43"" Full HD",TVs,TCL,1631.86,1,0.1,Sudeste,RJ,Cartão de Crédito,Online
2544,2025-10-31,Moto G84,Smartphones,Motorola,1531.12,1,0.0,Sul,RS,Cartão de Crédito,Online
2545,2025-10-31,Aspire 5,Notebooks,Acer,2997.47,1,0.0,Sudeste,MG,Pix,Online
2546,2025-10-31,Cabo USB-C 2m,Acessórios,Baseus,40.61,1,0.05,Sul,RS,Pix,Online
2547,2025-10-31,Moto G84,Smartphones,Motorola,1432.94,1,0.2,Sudeste,SP,Cartão de Crédito,Online
2548,2025-10-31,"Smart TV 55"" OLED",TVs,LG,5958.88,1,0.0,Sudeste,SP,Cartão de Crédito,Online
2549,2025-10-31,Nintendo Switch,Games,Nintendo,2685.74,1,0.0,Sul,PR,Cartão de Crédito,Online
2550,2025-10-31,"Smart TV 50"" 4K",TVs,Samsung,2918.5,1,0.0,Centro-Oeste,GO,Pix,Loja Física
2551,2025-11-01,Galaxy S24,Smartphones,Samsung,4735.43,1,0.05,Sudeste,SP,Cartão de Crédito,Loja Física
2552,2025-11-01,Carregador Turbo 65W,Acessórios,Anker,154.7,2,0.1,Sudeste,SP,Cartão de Crédito,Online
2553,2025-11-01,Cabo USB-C 2m,Acessórios,Baseus,37.1,2,0.1,Sudeste,ES,Cartão de Crédito,Loja Física
2554,2025-11-01,JBL Charge 5,Áudio,JBL,987.53,2,0.1,Sudeste,RJ,Pix,Online
2555,2025-11-01,PlayStation 5,Games,Sony,4042.28,2,0.15,Sudeste,SP,Cartão de Débito,Online
2556,2025-11-01,"Smart TV 55"" OLED",TVs,LG,6011.55,2,0.2,Centro-Oeste,DF,Pix,Online
2557,2025-11-01,Redmi Note 13,Smartphones,Xiaomi,1715.95,2,0.2,Centro-Oeste,MT,Boleto,Online
2558,2025-11-01,Cabo USB-C 2m,Acessórios,Baseus,37.91,2,0.0,Sudeste,SP,Cartão de Crédito,Loja Física
2559,2025-11-01,Carregador Turbo 65W,Acessórios,Anker,142.52,1,0.15,Centro-Oeste,DF,Pix,Online
2560,2025-11-01,Xbox Series S,Games,Microsoft,2455.77,1,0.1,Sudeste,SP,Cartão de Crédito,Online
2561,2025-11-01,Moto G84,Smartphones,Motorola,1431.37,1,0.0,Sudeste,ES,Cartão de Crédito,Online
2562,2025-11-02,Teclado Mecânico,Acessórios,Redragon,254.55,3,0.1,Sudeste,MG,Cartão de Crédito,Loja Física
2563,2025-11-02,Mi Band 8,Wearables,Xiaomi,306.85,3,0.0,Nordeste,PE,Cartão de Crédito,Online
2564,2025-11-02,JBL Charge 5,Áudio,JBL,982.24,1,0.0,Sudeste,MG,Cartão de Crédito,Online
2565,2025-11-02,Moto G84,Smartphones,Motorola,1559.22,1,0.05,Nordeste,CE,Cartão de Crédito,Loja Física
2566,2025-11-02,JBL Charge 5,Áudio,JBL,993.92,1,0.1,Sul,SC,Cartão de Crédito,Online
2567,2025-11-02,Fone Bluetooth Redmi Buds,Áudio,Xiaomi,208.33,4,0.1,Sudeste,RJ,Cartão de Crédito,Online
2568,2025-11-02,Redmi Note 13,Smartphones,Xiaomi,1705.9,1,0.15,Nordeste,PI,Pix,Online
2569,2025-11-02,iPhone 15,Smartphones,Apple,5759.45,1,0.2,Sul,RS,Pix,Loja Física
2570,2025-11-03,PlayStation 5,Games,Sony,4082.67,2,0.15,Sudeste,RJ,Boleto,Online
2571,2025-11-03,Ideapad 3,Notebooks,Lenovo,2919.05,1,0.2,Sudeste,SP,Cartão de Débito,Loja Física
2572,2025-11-03,"Smart TV 50"" 4K",TVs,Samsung,2777.81,1,0.05,Centro-Oeste,GO,Cartão de Crédito,Loja Física
2573,2025-11-03,Carregador Turbo 65W,Acessórios,Anker,143.04,2,0.1,Norte,PA,Cartão de Débito,Loja Física
2574,2025-11-03,Carregador Turbo 65W,Acessórios,Anker,145.42,2,0.15,Nordeste,CE,Cartão de Crédito,Online
2575,2025-11-03,Mouse Sem Fio,Acessórios,Logitech,127.69,1,0.05,Nordeste,PI,Pix,Online
2576,2025-11-03,Carregador Turbo 65W,Acessórios,Anker,152.32,1,0.15,Sudeste,SP,Cartão de Crédito,Online
2577,2025-11-04,PlayStation 5,Games,Sony,4003.0,3,0.1,Centro-Oeste,GO,Boleto,Online
2578,2025-11-04,Ideapad 3,Notebooks,Lenovo,2890.16,1,0.2,Sudeste,SP,Pix,Loja Física
2579,2025-11-04,Moto G84,Smartphones,Motorola,1424.64,1,0.15,Sul,PR,Pix,Online
2580,2025-11-04,Cabo USB-C 2m,Acessórios,Baseus,39.73,1,0.2,Norte,PA,Cartão de Crédito,Online
2581,2025-11-04,Moto G84,Smartphones,Motorola,1493.62,1,0.1,Centro-Oeste,DF,Cartão de Crédito,Online
2582,2025-11-04,Aspire 5,Notebooks,Acer,2974.23,1,0.1,Sul,RS,Boleto,Online
2583,2025-11-04,MacBook Air M2,Notebooks,Apple,9382.08,1,0.05,Nordeste,PI,Boleto,Online
2584,2025-11-04,Cabo USB-C 2m,Acessórios,Baseus,39.27,1,0.15,Centro-Oeste,GO,Cartão de Débito,Loja Física
2585,2025-11-04,Carregador Turbo 65W,Acessórios,Anker,145.05,1,0.0,Sudeste,RJ,Cartão de Crédito,Online
2586,2025-11-04,AirPods Pro,Áudio,Apple,1937.35,2,0.2,Centro-Oeste,GO,Cartão de Crédito,Online
2587,2025-11-05,Carregador Turbo 65W,Acessórios,Anker,150.89,4,0.15,Sudeste,SP,Cartão de Crédito,Loja Física
2588,2025-11-05,Cabo USB-C 2m,Acessórios,Baseus,37.29,3,0.1,Nordeste,PI,Pix,Online
2589,2025-11-05,Galaxy S24,Smartphones,Samsung,4737.83,2,0.2,Norte,PA,Cartão de Crédito,Online
2590,2025-11-05,Mi Band 8,Wearables,Xiaomi,296.56,4,0.15,Sul,PR,Pix,Online
2591,2025-11-05,PlayStation 5,Games,Sony,3926.78,2,0.15,Sudeste,SP,Cartão de Crédito,Online
2592,2025-11-06,Mouse Sem Fio,Acessórios,Logitech,133.17,1,0.15,Sudeste,RJ,Cartão de Crédito,Loja Física
2593,2025-11-06,Carregador Turbo 65W,Acessórios,Anker,154.86,3,0.0,Sudeste,SP,Cartão de Crédito,Loja Física
2594,2025-11-06,Redmi Note 13,Smartphones,Xiaomi,1761.18,1,0.15,Nordeste,CE,Pix,Loja Física
2595,2025-11-06,Aspire 5,Notebooks,Acer,2928.81,1,0.1,Sul,PR,Pix,Online
2596,2025-11-06,"Smart TV 50"" 4K",TVs,Samsung,2830.39,2,0.15,Centro-Oeste,GO,Pix,Online
2597,2025-11-06,Fone Bluetooth Redmi Buds,Áudio,Xiaomi,199.35,1,0.05,Sudeste,SP,Cartão de Crédito,Online
2598,2025-11-06,Cabo USB-C 2m,Acessórios,Baseus,39.35,2,0.15,Nordeste,CE,Pix,Loja Física
2599,2025-11-06,Fone Bluetooth Redmi Buds,Áudio,Xiaomi,196.73,1,0.2,Sudeste,SP,Cartão de Débito,Online
2600,2025-11-07,JBL Charge 5,Áudio,JBL,983.95,1,0.1,Sudeste,MG,Cartão de Crédito,Online
2601,2025-11-07,Carregador Turbo 65W,Acessórios,Anker,153.89,1,0.15,Nordeste,CE,Pix,Loja Física
2602,2025-11-07,PlayStation 5,Games,Sony,3905.79,1,0.15,Centro-Oeste,DF,Pix,Online
2603,2025-11-07,"Smart TV 50"" 4K",TVs,Samsung,2802.28,1,0.0,Sul,PR,Cartão de Débito,Online
2604,2025-11-07,Fone Bluetooth Redmi Buds,Áudio,Xiaomi,193.12,1,0.05,Nordeste,PE,Cartão de Crédito,Online
2605,2025-11-07,Redmi Note 13,Smartphones,Xiaomi,1659.92,1,0.2,Sudeste,SP,Pix,Loja Física
2606,2025-11-07,Fone Bluetooth Redmi Buds,Áudio,Xiaomi,190.86,2,0.15,Nordeste,PI,Cartão de Crédito,Loja Física
2607,2025-11-08,Aspire 5,Notebooks,Acer,3065.93,1,0.2,Sudeste,MG,Pix,Loja Física
2608,2025-11-08,Galaxy S24,Smartphones,Samsung,4420.96,1,0.15,Nordeste,PI,Cartão de Crédito,Online
2609,2025-11-08,Inspiron 15,Notebooks,Dell,3658.98,1,0.2,Norte,PA,Pix,Online
2610,2025-11-08,Teclado Mecânico,Acessórios,Redragon,253.18,1,0.0,Nordeste,PI,Pix,Online
2611,2025-11-09,Carregador Turbo 65W,Acessórios,Anker,155.25,2,0.15,Sul,PR,Boleto,Online
2612,2025-11-09,Xbox Series S,Games,Microsoft,2540.32,1,0.1,Sudeste,RJ,Cartão de Débito,Online
2613,2025-11-09,"Smart TV 55"" OLED",TVs,LG,6148.93,1,0.05,Norte,PA,Pix,Loja Física
2614,2025-11-09,Mouse Sem Fio,Acessórios,Logitech,130.55,2,0.15,Sudeste,ES,Cartão de Crédito,Loja Física
2615,2025-11-09,Cabo USB-C 2m,Acessórios,Baseus,39.84,2,0.15,Norte,PA,Cartão de Débito,Online
2616,2025-11-09,Carregador Turbo 65W,Acessórios,Anker,143.37,1,0.1,Centro-Oeste,MT,Cartão de Crédito,Loja Física
2617,2025-11-09,Carregador Turbo 65W,Acessórios,Anker,153.36,1,0.15,Nordeste,PI,Pix,Online
2618,2025-11-09,Moto G84,Smartphones,Motorola,1446.34,1,0.0,Centro-Oeste,DF,Pix,Loja Física
2619,2025-11-09,Fone Bluetooth Redmi Buds,Áudio,Xiaomi,200.07,2,0.1,Sudeste,SP,Cartão de Crédito,Online
2620,2025-11-09,Mi Band 8,Wearables,Xiaomi,302.74,4,0.15,Sul,SC,Cartão de Crédito,Loja Física
2621,2025-11-09,"Smart TV 50"" 4K",TVs,Samsung,2881.84,2,0.2,Nordeste,CE,Cartão de Crédito,Online
2622,2025-11-09,Mouse Sem Fio,Acessórios,Logitech,128.86,2,0.2,Sul,PR,Cartão de Débito,Loja Física
2623,2025-11-09,Moto G84,Smartphones,Motorola,1479.06,1,0.1,Centro-Oeste,MT,Cartão de Crédito,Loja Física
2624,2025-11-09,Moto G84,Smartphones,Motorola,1572.78,1,0.2,Sul,RS,Cartão de Crédito,Loja Física
2625,2025-11-10,JBL Charge 5,Áudio,JBL,1009.27,1,0.1,Sudeste,SP,Cartão de Crédito,Online
2626,2025-11-10,Fone Bluetooth Redmi Buds,Áudio,Xiaomi,189.28,1,0.1,Nordeste,PE,Cartão de Crédito,Online
2627,2025-11-10,Redmi Note 13,Smartphones,Xiaomi,1677.43,3,0.1,Sudeste,SP,Cartão de Crédito,Online
2628,2025-11-10,Moto G84,Smartphones,Motorola,1560.68,1,0.15,Sul,PR,Cartão de Crédito,Online
2629,2025-11-10,Mi Band 8,Wearables,Xiaomi,287.35,3,0.15,Sudeste,SP,Pix,Online
2630,2025-11-10,Mi Band 8,Wearables,Xiaomi,288.77,1,0.0,Sul,SC,Cartão de Débito,Online
2631,2025-11-10,AirPods Pro,Áudio,Apple,1981.81,1,0.1,Sudeste,SP,Cartão de Crédito,Online
2632,2025-11-11,Mi Band 8,Wearables,Xiaomi,295.45,3,0.15,Nordeste,CE,Pix,Loja Física
2633,2025-11-11,Cabo USB-C 2m,Acessórios,Baseus,39.87,3,0.15,Sudeste,SP,Cartão de Crédito,Loja Física
2634,2025-11-11,Fone Bluetooth Redmi Buds,Áudio,Xiaomi,196.0,1,0.0,Nordeste,PI,Boleto,Loja Física
2635,2025-11-11,JBL Charge 5,Áudio,JBL,962.25,2,0.2,Centro-Oeste,GO,Pix,Online
2636,2025-11-11,AirPods Pro,Áudio,Apple,1866.35,2,0.2,Sudeste,SP,Pix,Online
2637,2025-11-11,Fone Bluetooth Redmi Buds,Áudio,Xiaomi,203.67,4,0.2,Sudeste,SP,Cartão de Crédito,Online
2638,2025-11-12,Ideapad 3,Notebooks,Lenovo,2864.03,2,0.0,Nordeste,CE,Cartão de Débito,Online
2639,2025-11-12,Mi Band 8,Wearables,Xiaomi,287.75,3,0.1,Sul,PR,Cartão de Crédito,Loja Física
2640,2025-11-12,Moto G84,Smartphones,Motorola,1444.63,2,0.15,Sudeste,SP,Cartão de Crédito,Loja Física
2641,2025-11-12,AirPods Pro,Áudio,Apple,1924.48,3,0.15,Sul,RS,Pix,Loja Física
2642,2025-11-12,AirPods Pro,Áudio,Apple,1984.95,2,0.15,Sudeste,SP,Pix,Loja Física
2643,2025-11-12,Aspire 5,Notebooks,Acer,3137.42,1,0.2,Sudeste,MG,Cartão de Débito,Online
2644,2025-11-13,Cabo USB-C 2m,Acessórios,Baseus,38.85,1,0.0,Sul,RS,Cartão de Débito,Online
2645,2025-11-13,Cabo USB-C 2m,Acessórios,Baseus,39.41,3,0.1,Norte,PA,Cartão de Crédito,Online
2646,2025-11-13,Fone Bluetooth Redmi Buds,Áudio,Xiaomi,194.71,2,0.2,Centro-Oeste,GO,Cartão de Crédito,Online
2647,2025-11-13,AirPods Pro,Áudio,Apple,1937.43,1,0.1,Sudeste,SP,Cartão de Crédito,Loja Física
2648,2025-11-13,JBL Charge 5,Áudio,JBL,1014.17,1,0.1,Sudeste,SP,Pix,Online
2649,2025-11-13,Mouse Sem Fio,Acessórios,Logitech,125.59,1,0.05,Nordeste,CE,Cartão de Crédito,Loja Física
2650,2025-11-14,Fone Bluetooth Redmi Buds,Áudio,Xiaomi,195.56,2,0.15,Sul,PR,Cartão de Crédito,Online
2651,2025-11-14,Ideapad 3,Notebooks,Lenovo,2950.96,1,0.2,Sudeste,SP,Pix,Online
2652,2025-11-14,Mouse Sem Fio,Acessórios,Logitech,133.95,3,0.0,Nordeste,PE,Cartão de Crédito,Online
2653,2025-11-14,Carregador Turbo 65W,Acessórios,Anker,152.55,1,0.15,Sul,RS,Cartão de Crédito,Loja Física
2654,2025-11-14,Nintendo Switch,Games,Nintendo,2565.46,1,0.1,Centro-Oeste,MT,Cartão de Crédito,Online
2655,2025-11-14,Galaxy S24,Smartphones,Samsung,4440.11,1,0.15,Sudeste,RJ,Pix,Online
2656,2025-11-14,Nintendo Switch,Games,Nintendo,2699.02,1,0.15,Centro-Oeste,DF,Pix,Loja Física
2657,2025-11-14,Mouse Sem Fio,Acessórios,Logitech,127.36,1,0.05,Sudeste,MG,Cartão de Débito,Online
2658,2025-11-15,Cabo USB-C 2m,Acessórios,Baseus,37.46,3,0.15,Norte,AM,Cartão de Crédito,Online
2659,2025-11-15,Inspiron 15,Notebooks,Dell,3599.34,2,0.15,Sudeste,RJ,Pix,Online
2660,2025-11-15,"Smart TV 43"" Full HD",TVs,TCL,1767.44,2,0.05,Sul,SC,Cartão de Crédito,Online
2661,2025-11-15,"Smart TV 50"" 4K",TVs,Samsung,2797.06,1,0.05,Nordeste,BA,Cartão de Crédito,Online
2662,2025-11-15,Cabo USB-C 2m,Acessórios,Baseus,38.61,5,0.2,Sul,PR,Cartão de Crédito,Online
2663,2025-11-15,"Smart TV 50"" 4K",TVs,Samsung,2692.73,1,0.0,Sudeste,ES,Pix,Loja Física
2664,2025-11-15,JBL Charge 5,Áudio,JBL,957.02,1,0.1,Sul,PR,Cartão de Crédito,Online
2665,2025-11-15,Carregador Turbo 65W,Acessórios,Anker,145.4,4,0.05,Nordeste,BA,Cartão de Crédito,Online
2666,2025-11-15,Apple Watch SE,Wearables,Apple,2493.31,1,0.15,Sul,RS,Cartão de Crédito,Loja Física
2667,2025-11-16,Ideapad 3,Notebooks,Lenovo,3040.1,3,0.2,Centro-Oeste,MT,Pix,Online
2668,2025-11-16,Mouse Sem Fio,Acessórios,Logitech,124.21,3,0.15,Sul,SC,Cartão de Crédito,Loja Física
2669,2025-11-16,Nintendo Switch,Games,Nintendo,2726.23,1,0.05,Sudeste,SP,Cartão de Crédito,Loja Física
2670,2025-11-16,iPhone 15,Smartphones,Apple,5428.34,2,0.2,Norte,PA,Cartão de Crédito,Online
2671,2025-11-16,Mouse Sem Fio,Acessórios,Logitech,123.02,1,0.1,Norte,PA,Cartão de Crédito,Online
2672,2025-11-16,Redmi Note 13,Smartphones,Xiaomi,1755.8,1,0.05,Sul,PR,Cartão de Crédito,Online
2673,2025-11-16,"Smart TV 50"" 4K",TVs,Samsung,2760.72,2,0.1,Sudeste,ES,Cartão de Débito,Loja Física
2674,2025-11-17,Aspire 5,Notebooks,Acer,2986.07,1,0.2,Sudeste,SP,Pix,Online
2675,2025-11-17,MacBook Air M2,Notebooks,Apple,8782.26,3,0.2,Nordeste,PI,Cartão de Crédito,Loja Física
2676,2025-11-17,Fone Bluetooth Redmi Buds,Áudio,Xiaomi,206.53,2,0.15,Sudeste,SP,Cartão de Débito,Loja Física
2677,2025-11-17,Cabo USB-C 2m,Acessórios,Baseus,37.22,1,0.1,Sudeste,SP,Pix,Online
2678,2025-11-17,Moto G84,Smartphones,Motorola,1531.43,1,0.05,Sudeste,SP,,Online
2679,2025-11-17,PlayStation 5,Games,Sony,4074.23,1,0.0,Norte,PA,Cartão de Crédito,Loja Física
2680,2025-11-17,Aspire 5,Notebooks,Acer,3007.34,2,0.1,Sul,PR,Cartão de Crédito,Online
2681,2025-11-17,Mi Band 8,Wearables,Xiaomi,292.5,1,0.1,Sudeste,SP,Cartão de Crédito,Online
2682,2025-11-17,"Smart TV 43"" Full HD",TVs,TCL,1703.04,2,0.1,Sudeste,SP,Pix,Online
2683,2025-11-17,Ideapad 3,Notebooks,Lenovo,2859.04,1,0.1,Norte,PA,Cartão de Crédito,Online
2684,2025-11-18,Inspiron 15,Notebooks,Dell,3670.18,1,0.15,Nordeste,BA,Pix,Loja Física
2685,2025-11-18,"Smart TV 50"" 4K",TVs,Samsung,2704.04,1,0.05,Sudeste,SP,Pix,Online
2686,2025-11-18,Galaxy S24,Smartphones,Samsung,4804.48,2,0.0,Nordeste,PI,Cartão de Crédito,Online
2687,2025-11-18,Apple Watch SE,Wearables,Apple,2554.22,2,0.05,Sudeste,SP,Cartão de Crédito,Loja Física
2688,2025-11-18,JBL Charge 5,Áudio,JBL,955.83,2,0.1,Nordeste,PI,Pix,Online
2689,2025-11-18,Xbox Series S,Games,Microsoft,2422.1,1,0.2,Sudeste,SP,Boleto,Loja Física
2690,2025-11-18,Apple Watch SE,Wearables,Apple,2388.74,1,0.1,Sudeste,MG,Boleto,Online
2691,2025-11-18,"Smart TV 50"" 4K",TVs,Samsung,2930.65,1,0.05,Nordeste,PE,Pix,Loja Física
2692,2025-11-19,JBL Charge 5,Áudio,JBL,975.82,2,0.2,Nordeste,BA,Cartão de Crédito,Online
2693,2025-11-19,Teclado Mecânico,Acessórios,Redragon,237.66,1,0.05,Nordeste,CE,Cartão de Crédito,Online
2694,2025-11-19,Mouse Sem Fio,Acessórios,Logitech,126.97,1,0.2,Sul,PR,Cartão de Crédito,Online
2695,2025-11-19,iPhone 15,Smartphones,Apple,5477.82,2,0.1,Sudeste,RJ,Pix,Online
2696,2025-11-19,AirPods Pro,Áudio,Apple,1937.37,1,0.1,Nordeste,PE,Pix,Online
2697,2025-11-20,Teclado Mecânico,Acessórios,Redragon,256.37,1,0.2,Sul,RS,Cartão de Crédito,Loja Física
2698,2025-11-20,Moto G84,Smartphones,Motorola,1532.97,1,0.1,Sul,PR,Pix,Online
2699,2025-11-20,Mouse Sem Fio,Acessórios,Logitech,130.29,2,0.2,Sudeste,SP,Cartão de Débito,Online
2700,2025-11-20,Galaxy S24,Smartphones,Samsung,4529.03,1,0.15,Sudeste,SP,Pix,Online
2701,2025-11-20,Cabo USB-C 2m,Acessórios,Baseus,39.65,4,0.2,Sudeste,SP,Pix,Loja Física
2702,2025-11-20,Inspiron 15,Notebooks,Dell,3567.18,2,0.0,Nordeste,PI,Cartão de Crédito,Online
2703,2025-11-20,Carregador Turbo 65W,Acessórios,Anker,142.06,2,0.1,Nordeste,PI,Cartão de Crédito,Loja Física
2704,2025-11-20,Carregador Turbo 65W,Acessórios,Anker,150.94,3,0.15,Centro-Oeste,MT,Cartão de Crédito,Online
2705,2025-11-21,PlayStation 5,Games,Sony,3963.38,2,0.05,Nordeste,BA,Pix,Online
2706,2025-11-21,Carregador Turbo 65W,Acessórios,Anker,154.06,1,0.2,Sudeste,SP,Cartão de Crédito,Online
2707,2025-11-21,"Smart TV 55"" OLED",TVs,LG,5911.72,2,0.05,Nordeste,PE,Cartão de Crédito,Online
2708,2025-11-21,JBL Charge 5,Áudio,JBL,976.19,2,0.05,Sul,PR,Boleto,Online
2709,2025-11-22,Fone Bluetooth Redmi Buds,Áudio,Xiaomi,199.83,5,0.05,Sudeste,RJ,Cartão de Crédito,Online
2710,2025-11-22,"Smart TV 50"" 4K",TVs,Samsung,2747.81,1,0.1,Sul,PR,Pix,Loja Física
2711,2025-11-22,Fone Bluetooth Redmi Buds,Áudio,Xiaomi,191.52,1,0.2,Sul,SC,Cartão de Débito,Online
2712,2025-11-22,Fone Bluetooth Redmi Buds,Áudio,Xiaomi,190.61,2,0.15,Sudeste,ES,Cartão de Crédito,Online
2713,2025-11-22,Ideapad 3,Notebooks,Lenovo,2996.89,3,0.15,Sudeste,SP,Cartão de Débito,Online
2714,2025-11-23,Galaxy Watch 6,Wearables,Samsung,1847.01,1,0.15,Nordeste,PE,Cartão de Crédito,Online
2715,2025-11-23,Cabo USB-C 2m,Acessórios,Baseus,38.78,1,0.15,Sudeste,RJ,Pix,Online
2716,2025-11-23,Teclado Mecânico,Acessórios,Redragon,250.32,2,0.1,Sudeste,MG,Pix,Online
2717,2025-11-23,Carregador Turbo 65W,Acessórios,Anker,148.35,2,0.1,Nordeste,CE,Cartão de Crédito,Online
2718,2025-11-23,Cabo USB-C 2m,Acessórios,Baseus,38.77,2,0.1,Sudeste,SP,Cartão de Crédito,Online
2719,2025-11-23,Cabo USB-C 2m,Acessórios,Baseus,39.74,5,0.05,Nordeste,BA,Cartão de Crédito,Online
2720,2025-11-23,"Smart TV 50"" 4K",TVs,Samsung,2898.85,1,0.15,Sudeste,MG,Cartão de Crédito,Online
2721,2025-11-23,"Smart TV 55"" OLED",TVs,LG,6079.89,2,0.2,Centro-Oeste,MT,Pix,Online
2722,2025-11-24,Galaxy S24,Smartphones,Samsung,4815.04,1,0.0,Sudeste,SP,Boleto,Loja Física
2723,2025-11-24,"Smart TV 50"" 4K",TVs,Samsung,2888.81,2,0.2,Sudeste,SP,Cartão de Crédito,Loja Física
2724,2025-11-24,Mi Band 8,Wearables,Xiaomi,307.16,2,0.15,Sul,PR,Boleto,Online
2725,2025-11-24,Mi Band 8,Wearables,Xiaomi,313.89,3,0.1,Centro-Oeste,MT,Cartão de Crédito,Online
2726,2025-11-24,"Smart TV 50"" 4K",TVs,Samsung,2697.17,3,0.1,Sudeste,SP,Cartão de Crédito,Loja Física
2727,2025-11-24,Xbox Series S,Games,Microsoft,2475.95,1,0.15,Sudeste,ES,Cartão de Crédito,Online
2728,2025-11-24,"Smart TV 50"" 4K",TVs,Samsung,2893.86,1,0.05,Sudeste,MG,Pix,Loja Física
2729,2025-11-24,PlayStation 5,Games,Sony,4055.89,2,0.1,Centro-Oeste,GO,Pix,Loja Física
2730,2025-11-24,Ideapad 3,Notebooks,Lenovo,2876.91,1,0.2,Sudeste,SP,Cartão de Débito,Loja Física
2731,2025-11-25,Carregador Turbo 65W,Acessórios,Anker,146.31,1,0.0,Sul,RS,Cartão de Crédito,Online
2732,2025-11-25,"Smart TV 55"" OLED",TVs,LG,5960.42,1,0.15,Sudeste,MG,Boleto,Loja Física
2733,2025-11-25,"Smart TV 50"" 4K",TVs,Samsung,2832.16,2,0.2,Nordeste,CE,Cartão de Débito,Loja Física
2734,2025-11-25,Teclado Mecânico,Acessórios,Redragon,250.54,4,0.15,Sudeste,MG,Cartão de Débito,Online
2735,2025-11-26,Cabo USB-C 2m,Acessórios,Baseus,37.86,2,0.1,Sudeste,SP,Boleto,Loja Física
2736,2025-11-26,iPhone 15,Smartphones,Apple,5351.02,1,0.2,Sudeste,SP,Pix,Loja Física
2737,2025-11-26,Fone Bluetooth Redmi Buds,Áudio,Xiaomi,191.94,2,0.05,Norte,PA,Cartão de Crédito,Online
2738,2025-11-26,Inspiron 15,Notebooks,Dell,3656.88,1,0.05,Sudeste,MG,Pix,Loja Física
2739,2025-11-26,Mouse Sem Fio,Acessórios,Logitech,128.73,4,0.1,Sul,PR,Cartão de Débito,Online
2740,2025-11-26,Teclado Mecânico,Acessórios,Redragon,240.54,3,0.05,Nordeste,CE,Cartão de Crédito,Loja Física
2741,2025-11-27,Mouse Sem Fio,Acessórios,Logitech,123.86,2,0.2,Centro-Oeste,DF,Cartão de Crédito,Loja Física
2742,2025-11-27,Moto G84,Smartphones,Motorola,1518.37,1,0.1,Sul,RS,Cartão de Crédito,Online
2743,2025-11-27,iPhone 15,Smartphones,Apple,5542.59,1,0.15,Nordeste,PE,Pix,Online
2744,2025-11-27,"Smart TV 43"" Full HD",TVs,TCL,1691.06,1,0.1,Norte,PA,Pix,Online
2745,2025-11-27,"Smart TV 55"" OLED",TVs,LG,5956.17,1,0.05,Sudeste,MG,Cartão de Crédito,Online
2746,2025-11-27,Galaxy S24,Smartphones,Samsung,4514.95,1,0.1,Sudeste,SP,Pix,Loja Física
2747,2025-11-27,Cabo USB-C 2m,Acessórios,Baseus,38.55,2,0.2,Sudeste,MG,Cartão de Crédito,Online
2748,2025-11-28,Mouse Sem Fio,Acessórios,Logitech,129.84,4,0.15,Norte,PA,Cartão de Débito,Online
2749,2025-11-28,Nintendo Switch,Games,Nintendo,2805.96,1,0.2,Sul,RS,,Online
2750,2025-11-28,Carregador Turbo 65W,Acessórios,Anker,155.69,4,0.2,Sul,PR,Cartão de Débito,Online
2751,2025-11-28,"Smart TV 50"" 4K",TVs,Samsung,2783.01,1,0.05,Centro-Oeste,GO,Cartão de Crédito,Loja Física
2752,2025-11-28,Cabo USB-C 2m,Acessórios,Baseus,40.19,2,0.1,Centro-Oeste,DF,Cartão de Débito,Online
2753,2025-11-28,Xbox Series S,Games,Microsoft,2433.3,1,0.15,Sul,RS,Pix,Online
2754,2025-11-28,Ideapad 3,Notebooks,Lenovo,2985.07,1,0.1,Sudeste,SP,Cartão de Crédito,Online
2755,2025-11-28,"Smart TV 55"" OLED",TVs,LG,6231.53,2,0.2,Nordeste,CE,Cartão de Crédito,Loja Física
2756,2025-11-28,JBL Charge 5,Áudio,JBL,1030.13,1,0.2,Sudeste,SP,Boleto,Online
2757,2025-11-29,Carregador Turbo 65W,Acessórios,Anker,143.89,2,0.1,Nordeste,PI,Pix,Loja Física
2758,2025-11-29,Mouse Sem Fio,Acessórios,Logitech,130.82,3,0.0,Sudeste,ES,Cartão de Crédito,Loja Física
2759,2025-11-29,Carregador Turbo 65W,Acessórios,Anker,153.39,1,0.15,Sul,SC,Pix,Online
2760,2025-11-29,Cabo USB-C 2m,Acessórios,Baseus,37.49,4,0.15,Sul,RS,Pix,Online
2761,2025-11-29,Fone Bluetooth Redmi Buds,Áudio,Xiaomi,207.12,4,0.2,Sudeste,ES,Pix,Online
2762,2025-11-29,Cabo USB-C 2m,Acessórios,Baseus,38.03,5,0.15,Sudeste,SP,Cartão de Crédito,Loja Física
2763,2025-11-29,Cabo USB-C 2m,Acessórios,Baseus,38.14,2,0.2,Nordeste,PE,Boleto,Online
2764,2025-11-29,Moto G84,Smartphones,Motorola,1525.57,1,0.05,Nordeste,CE,Pix,Loja Física
2765,2025-11-29,Carregador Turbo 65W,Acessórios,Anker,155.02,1,0.2,Sudeste,SP,Cartão de Débito,Loja Física
2766,2025-11-30,Mouse Sem Fio,Acessórios,Logitech,131.62,2,0.2,Sudeste,SP,Cartão de Crédito,Online
2767,2025-11-30,Inspiron 15,Notebooks,Dell,3396.82,2,0.1,Sul,SC,Cartão de Crédito,Loja Física
2768,2025-11-30,Cabo USB-C 2m,Acessórios,Baseus,38.04,3,0.1,Sul,PR,Cartão de Débito,Online
2769,2025-11-30,Redmi Note 13,Smartphones,Xiaomi,1690.92,1,0.1,Nordeste,BA,Pix,Loja Física
2770,2025-11-30,"Smart TV 50"" 4K",TVs,Samsung,2713.77,3,0.1,Sudeste,RJ,Cartão de Crédito,Loja Física
2771,2025-11-30,Mouse Sem Fio,Acessórios,Logitech,134.58,1,0.05,Sudeste,SP,Cartão de Débito,Online
2772,2025-11-30,"Smart TV 43"" Full HD",TVs,TCL,1648.37,1,0.1,Centro-Oeste,GO,Cartão de Crédito,Loja Física
2773,2025-11-30,Carregador Turbo 65W,Acessórios,Anker,151.21,5,0.2,Nordeste,CE,Pix,Online
2774,2025-11-30,Fone Bluetooth Redmi Buds,Áudio,Xiaomi,197.23,2,0.15,Sul,SC,Pix,Online
2775,2025-11-30,JBL Charge 5,Áudio,JBL,1031.39,1,0.1,Nordeste,PI,Cartão de Crédito,Online
2776,2025-11-30,Mouse Sem Fio,Acessórios,Logitech,134.65,2,0.1,Sudeste,SP,Cartão de Débito,Loja Física
2777,2025-12-01,Teclado Mecânico,Acessórios,Redragon,237.96,1,0.1,Nordeste,PE,Pix,Online
2778,2025-12-01,Redmi Note 13,Smartphones,Xiaomi,1682.61,1,0.05,Sudeste,SP,Cartão de Crédito,Online
2779,2025-12-01,"Smart TV 50"" 4K",TVs,Samsung,2906.81,1,0.0,Sudeste,MG,Cartão de Crédito,Online
2780,2025-12-01,Galaxy S24,Smartphones,Samsung,4633.02,1,0.1,Nordeste,BA,Cartão de Crédito,Online
2781,2025-12-01,Xbox Series S,Games,Microsoft,2488.45,2,0.0,Centro-Oeste,DF,Cartão de Débito,Online
2782,2025-12-01,Cabo USB-C 2m,Acessórios,Baseus,39.39,4,0.1,Norte,AM,Cartão de Crédito,Online
2783,2025-12-01,Cabo USB-C 2m,Acessórios,Baseus,39.33,3,0.15,Sudeste,ES,Cartão de Crédito,Loja Física
2784,2025-12-01,Cabo USB-C 2m,Acessórios,Baseus,38.22,1,0.0,Nordeste,CE,Pix,Loja Física
2785,2025-12-01,Cabo USB-C 2m,Acessórios,Baseus,38.66,3,0.0,Sul,RS,Cartão de Crédito,Online
2786,2025-12-01,Fone Bluetooth Redmi Buds,Áudio,Xiaomi,192.17,1,0.0,Sudeste,SP,Cartão de Crédito,Loja Física
2787,2025-12-01,Fone Bluetooth Redmi Buds,Áudio,Xiaomi,205.0,1,0.0,Centro-Oeste,DF,Cartão de Crédito,Online
2788,2025-12-01,"Smart TV 50"" 4K",TVs,Samsung,2892.07,3,0.1,Sudeste,RJ,Cartão de Crédito,Loja Física
2789,2025-12-02,Galaxy Watch 6,Wearables,Samsung,1831.3,1,0.05,Nordeste,PI,Cartão de Crédito,Loja Física
2790,2025-12-02,iPhone 15,Smartphones,Apple,5719.77,1,0.0,Sul,PR,Pix,Loja Física
2791,2025-12-02,"Smart TV 50"" 4K",TVs,Samsung,2663.89,1,0.0,Sul,RS,Cartão de Crédito,Loja Física
2792,2025-12-02,Redmi Note 13,Smartphones,Xiaomi,1769.26,1,0.05,Sul,PR,Pix,Loja Física
2793,2025-12-02,"Smart TV 55"" OLED",TVs,LG,5907.93,1,0.1,Nordeste,PE,Cartão de Crédito,Online
2794,2025-12-02,Cabo USB-C 2m,Acessórios,Baseus,39.71,1,0.05,Nordeste,BA,Cartão de Crédito,Loja Física
2795,2025-12-02,Redmi Note 13,Smartphones,Xiaomi,1673.87,2,0.0,Sudeste,RJ,Cartão de Débito,Online
2796,2025-12-02,JBL Charge 5,Áudio,JBL,1002.13,1,0.15,Nordeste,BA,Pix,Loja Física
2797,2025-12-02,"Smart TV 43"" Full HD",TVs,TCL,1629.94,1,0.0,Sudeste,MG,Cartão de Débito,Loja Física
2798,2025-12-03,Cabo USB-C 2m,Acessórios,Baseus,38.33,4,0.1,Sudeste,SP,Pix,Online
2799,2025-12-03,Carregador Turbo 65W,Acessórios,Anker,147.48,2,0.0,Nordeste,PE,Cartão de Crédito,Online
2800,2025-12-03,Fone Bluetooth Redmi Buds,Áudio,Xiaomi,192.87,1,0.0,Centro-Oeste,DF,Cartão de Crédito,Online
2801,2025-12-04,iPhone 15,Smartphones,Apple,5386.87,1,0.15,Sudeste,MG,Pix,Online
2802,2025-12-04,Teclado Mecânico,Acessórios,Redragon,247.21,1,0.1,Sudeste,SP,Cartão de Crédito,Loja Física
2803,2025-12-04,"Smart TV 50"" 4K",TVs,Samsung,2721.68,1,0.0,Sudeste,MG,Pix,Online
2804,2025-12-04,Cabo USB-C 2m,Acessórios,Baseus,40.45,1,0.0,Sudeste,RJ,Boleto,Loja Física
2805,2025-12-04,MacBook Air M2,Notebooks,Apple,9025.84,1,0.0,Sul,SC,Cartão de Crédito,Loja Física
2806,2025-12-04,Inspiron 15,Notebooks,Dell,3415.31,1,0.1,Nordeste,PI,Pix,Online
2807,2025-12-04,Mouse Sem Fio,Acessórios,Logitech,124.84,1,0.0,Centro-Oeste,GO,Cartão de Crédito,Online
2808,2025-12-04,Teclado Mecânico,Acessórios,Redragon,238.94,1,0.0,Centro-Oeste,GO,Cartão de Crédito,Online
2809,2025-12-04,MacBook Air M2,Notebooks,Apple,9431.76,2,0.0,Sudeste,SP,Cartão de Débito,Loja Física
2810,2025-12-04,Fone Bluetooth Redmi Buds,Áudio,Xiaomi,203.25,1,0.05,Sul,SC,Pix,Loja Física
2811,2025-12-04,Xbox Series S,Games,Microsoft,2434.09,1,0.0,Sudeste,RJ,Pix,Online
2812,2025-12-04,Inspiron 15,Notebooks,Dell,3617.89,1,0.0,Nordeste,CE,Pix,Online
2813,2025-12-04,Galaxy Watch 6,Wearables,Samsung,1839.61,3,0.2,Sudeste,SP,Pix,Loja Física
2814,2025-12-05,Moto G84,Smartphones,Motorola,1531.52,2,0.0,Sul,RS,Cartão de Crédito,Online
2815,2025-12-05,Redmi Note 13,Smartphones,Xiaomi,1710.78,1,0.05,Nordeste,PE,Cartão de Débito,Online
2816,2025-12-05,Cabo USB-C 2m,Acessórios,Baseus,38.52,2,0.0,Centro-Oeste,DF,Cartão de Crédito,Loja Física
2817,2025-12-05,Cabo USB-C 2m,Acessórios,Baseus,37.77,1,0.0,Sudeste,MG,Cartão de Débito,Online
2818,2025-12-05,Redmi Note 13,Smartphones,Xiaomi,1703.86,3,0.15,Sul,RS,Pix,Loja Física
2819,2025-12-06,AirPods Pro,Áudio,Apple,1917.96,1,0.05,Sudeste,MG,Pix,Online
2820,2025-12-06,Fone Bluetooth Redmi Buds,Áudio,Xiaomi,197.55,3,0.0,Norte,AM,Cartão de Crédito,Loja Física
2821,2025-12-06,Redmi Note 13,Smartphones,Xiaomi,1715.74,1,0.05,Nordeste,BA,Cartão de Crédito,Online
2822,2025-12-06,"Smart TV 50"" 4K",TVs,Samsung,2865.05,1,0.0,Centro-Oeste,DF,Boleto,Online
2823,2025-12-06,Mouse Sem Fio,Acessórios,Logitech,128.09,2,0.15,Sudeste,SP,Cartão de Crédito,Online
2824,2025-12-06,Inspiron 15,Notebooks,Dell,3659.38,2,0.05,Sul,PR,Cartão de Débito,Online
2825,2025-12-06,"Smart TV 43"" Full HD",TVs,TCL,1767.9,2,0.15,Nordeste,PE,Cartão de Crédito,Loja Física
2826,2025-12-07,Teclado Mecânico,Acessórios,Redragon,256.74,3,0.05,Centro-Oeste,DF,Cartão de Crédito,Online
2827,2025-12-07,Nintendo Switch,Games,Nintendo,2677.8,1,0.0,Nordeste,PE,Pix,Online
2828,2025-12-07,Redmi Note 13,Smartphones,Xiaomi,1715.14,1,0.15,Nordeste,PE,Cartão de Crédito,Loja Física
2829,2025-12-07,Nintendo Switch,Games,Nintendo,2621.88,1,0.0,Nordeste,BA,Boleto,Online
2830,2025-12-08,Cabo USB-C 2m,Acessórios,Baseus,40.77,1,0.0,Sul,SC,Pix,Online
2831,2025-12-08,"Smart TV 55"" OLED",TVs,LG,6091.95,1,0.0,Sudeste,MG,Pix,Online
2832,2025-12-08,iPhone 15,Smartphones,Apple,5617.3,1,0.1,Sul,RS,Cartão de Crédito,Online
2833,2025-12-08,Mi Band 8,Wearables,Xiaomi,295.85,1,0.15,Norte,PA,Cartão de Débito,Online
2834,2025-12-08,Redmi Note 13,Smartphones,Xiaomi,1723.86,1,0.2,Sul,PR,Pix,Loja Física
2835,2025-12-08,Galaxy S24,Smartphones,Samsung,4421.25,2,0.1,Sul,PR,Cartão de Crédito,Online
2836,2025-12-09,Carregador Turbo 65W,Acessórios,Anker,153.79,2,0.0,Sudeste,SP,Cartão de Crédito,Online
2837,2025-12-09,Mi Band 8,Wearables,Xiaomi,301.98,4,0.1,Centro-Oeste,GO,Cartão de Débito,Online
2838,2025-12-09,Moto G84,Smartphones,Motorola,1550.02,1,0.05,Sudeste,SP,Pix,Online
2839,2025-12-09,Cabo USB-C 2m,Acessórios,Baseus,37.14,1,0.0,Norte,TO,Cartão de Crédito,Loja Física
2840,2025-12-09,Mi Band 8,Wearables,Xiaomi,302.09,1,0.0,Sudeste,RJ,Cartão de Débito,Online
2841,2025-12-09,"Smart TV 50"" 4K",TVs,Samsung,2775.04,1,0.0,Centro-Oeste,DF,Pix,Online
2842,2025-12-09,Fone Bluetooth Redmi Buds,Áudio,Xiaomi,199.12,1,0.0,Sudeste,SP,Cartão de Crédito,Online
2843,2025-12-09,Fone Bluetooth Redmi Buds,Áudio,Xiaomi,203.08,2,0.0,Sul,RS,Cartão de Crédito,Loja Física
2844,2025-12-09,"Smart TV 50"" 4K",TVs,Samsung,2827.08,2,0.0,Sudeste,SP,Pix,Online
2845,2025-12-10,JBL Charge 5,Áudio,JBL,990.06,1,0.0,Nordeste,PI,Cartão de Débito,Loja Física
2846,2025-12-10,Galaxy S24,Smartphones,Samsung,4699.33,1,0.0,Sudeste,SP,Cartão de Crédito,Online
2847,2025-12-10,Mouse Sem Fio,Acessórios,Logitech,124.21,3,0.0,Nordeste,PE,Pix,Loja Física
2848,2025-12-10,MacBook Air M2,Notebooks,Apple,9188.15,1,0.0,Sudeste,SP,Cartão de Crédito,Online
2849,2025-12-10,Xbox Series S,Games,Microsoft,2525.95,1,0.05,Norte,PA,Cartão de Crédito,Online
2850,2025-12-10,Moto G84,Smartphones,Motorola,1448.32,1,0.0,Sudeste,SP,Boleto,Online
2851,2025-12-11,"Smart TV 43"" Full HD",TVs,TCL,1630.34,1,0.0,Nordeste,PI,Boleto,Online
2852,2025-12-11,Xbox Series S,Games,Microsoft,2481.05,2,0.0,Sudeste,SP,Boleto,Online
2853,2025-12-11,Galaxy Watch 6,Wearables,Samsung,1834.72,1,0.05,Sul,RS,Pix,Loja Física
2854,2025-12-11,Ideapad 3,Notebooks,Lenovo,2944.02,2,0.1,Sudeste,SP,Cartão de Crédito,Loja Física
2855,2025-12-11,JBL Charge 5,Áudio,JBL,1002.78,1,0.05,Sudeste,RJ,Cartão de Crédito,Online
2856,2025-12-11,"Smart TV 50"" 4K",TVs,Samsung,2906.97,2,0.0,Sul,RS,Boleto,Loja Física
2857,2025-12-11,Teclado Mecânico,Acessórios,Redragon,240.8,4,0.0,Centro-Oeste,GO,Pix,Loja Física
2858,2025-12-11,Cabo USB-C 2m,Acessórios,Baseus,38.13,4,0.0,Sudeste,SP,Cartão de Crédito,Online
2859,2025-12-12,Carregador Turbo 65W,Acessórios,Anker,143.72,2,0.0,Centro-Oeste,DF,Pix,Loja Física
2860,2025-12-12,"Smart TV 50"" 4K",TVs,Samsung,2847.27,1,0.0,Norte,AM,Cartão de Crédito,Loja Física
2861,2025-12-12,JBL Charge 5,Áudio,JBL,993.95,1,0.05,Sudeste,SP,Pix,Online
2862,2025-12-12,Mi Band 8,Wearables,Xiaomi,293.67,2,0.05,Nordeste,PI,Cartão de Crédito,Online
2863,2025-12-12,MacBook Air M2,Notebooks,Apple,9213.0,3,0.1,Nordeste,BA,Cartão de Crédito,Online
2864,2025-12-13,Cabo USB-C 2m,Acessórios,Baseus,40.78,2,0.0,Sudeste,MG,Pix,Online
2865,2025-12-13,Cabo USB-C 2m,Acessórios,Baseus,39.93,1,0.0,Nordeste,PI,Cartão de Crédito,Online
2866,2025-12-13,Cabo USB-C 2m,Acessórios,Baseus,37.51,3,0.0,Nordeste,PE,Cartão de Crédito,Online
2867,2025-12-13,Moto G84,Smartphones,Motorola,1469.42,1,0.0,Sudeste,SP,Pix,Online
2868,2025-12-13,"Smart TV 50"" 4K",TVs,Samsung,2914.0,1,0.05,Sul,RS,Pix,Online
2869,2025-12-13,PlayStation 5,Games,Sony,3978.46,1,0.0,Sudeste,RJ,Boleto,Online
2870,2025-12-13,Moto G84,Smartphones,Motorola,1541.57,2,0.1,Sudeste,SP,Cartão de Débito,Loja Física
2871,2025-12-14,"Smart TV 50"" 4K",TVs,Samsung,2717.0,1,0.05,Sudeste,MG,Boleto,Online
2872,2025-12-14,AirPods Pro,Áudio,Apple,1828.61,3,0.1,Sul,PR,Pix,Online
2873,2025-12-14,"Smart TV 50"" 4K",TVs,Samsung,2827.28,1,0.0,Norte,AM,Cartão de Crédito,Loja Física
2874,2025-12-14,AirPods Pro,Áudio,Apple,1943.13,1,0.0,Centro-Oeste,DF,Boleto,Loja Física
2875,2025-12-14,Cabo USB-C 2m,Acessórios,Baseus,40.58,2,0.2,Sudeste,MG,Pix,Online
2876,2025-12-14,PlayStation 5,Games,Sony,3990.06,1,0.1,Sudeste,SP,Pix,Online
2877,2025-12-14,Mouse Sem Fio,Acessórios,Logitech,133.98,4,0.0,Sudeste,SP,Pix,Loja Física
2878,2025-12-14,Fone Bluetooth Redmi Buds,Áudio,Xiaomi,191.27,4,0.1,Nordeste,PE,Cartão de Crédito,Loja Física
2879,2025-12-15,"Smart TV 50"" 4K",TVs,Samsung,2851.06,1,0.05,Nordeste,BA,Cartão de Débito,Online
2880,2025-12-15,"Smart TV 50"" 4K",TVs,Samsung,2925.93,1,0.15,Sudeste,SP,Pix,Online
2881,2025-12-15,Mouse Sem Fio,Acessórios,Logitech,131.99,1,0.05,Sudeste,SP,Cartão de Débito,Loja Física
2882,2025-12-15,MacBook Air M2,Notebooks,Apple,8674.68,1,0.0,Centro-Oeste,GO,Pix,Online
2883,2025-12-16,JBL Charge 5,Áudio,JBL,1014.78,1,0.1,Sudeste,SP,Pix,Online
2884,2025-12-16,Cabo USB-C 2m,Acessórios,Baseus,38.57,1,0.05,Centro-Oeste,GO,Pix,Online
2885,2025-12-16,Cabo USB-C 2m,Acessórios,Baseus,40.09,2,0.15,Nordeste,BA,Cartão de Crédito,Online
2886,2025-12-16,Mouse Sem Fio,Acessórios,Logitech,134.93,3,0.0,Nordeste,CE,Cartão de Crédito,Loja Física
2887,2025-12-17,Carregador Turbo 65W,Acessórios,Anker,151.8,2,0.05,Nordeste,CE,Pix,Online
2888,2025-12-17,PlayStation 5,Games,Sony,4101.1,1,0.0,Sudeste,SP,Cartão de Crédito,Loja Física
2889,2025-12-17,Fone Bluetooth Redmi Buds,Áudio,Xiaomi,205.34,2,0.0,Sul,PR,Cartão de Crédito,Loja Física
2890,2025-12-17,Galaxy S24,Smartphones,Samsung,4578.76,1,0.0,Sudeste,MG,Pix,Online
2891,2025-12-18,Cabo USB-C 2m,Acessórios,Baseus,40.31,3,0.0,Sudeste,MG,Boleto,Online
2892,2025-12-18,Teclado Mecânico,Acessórios,Redragon,255.12,2,0.0,Sudeste,SP,Cartão de Crédito,Loja Física
2893,2025-12-18,Mi Band 8,Wearables,Xiaomi,296.21,2,0.05,Nordeste,PE,Cartão de Crédito,Online
2894,2025-12-18,Moto G84,Smartphones,Motorola,1446.54,1,0.15,Sudeste,SP,Pix,Loja Física
2895,2025-12-18,Fone Bluetooth Redmi Buds,Áudio,Xiaomi,196.85,2,0.0,Nordeste,BA,Cartão de Débito,Online
2896,2025-12-18,iPhone 15,Smartphones,Apple,5400.74,1,0.1,Sudeste,SP,Cartão de Crédito,Online
2897,2025-12-18,Galaxy Watch 6,Wearables,Samsung,1800.71,1,0.0,Sudeste,SP,Cartão de Débito,Loja Física
2898,2025-12-18,Redmi Note 13,Smartphones,Xiaomi,1677.8,1,0.15,Sudeste,SP,Cartão de Crédito,Online
2899,2025-12-19,"Smart TV 43"" Full HD",TVs,TCL,1740.26,2,0.05,Sudeste,SP,Cartão de Crédito,Loja Física
2900,2025-12-19,JBL Charge 5,Áudio,JBL,958.69,1,0.0,Nordeste,PE,Cartão de Crédito,Loja Física
2901,2025-12-19,JBL Charge 5,Áudio,JBL,962.33,2,0.1,Sul,PR,Cartão de Crédito,Online
2902,2025-12-19,Cabo USB-C 2m,Acessórios,Baseus,39.85,2,0.15,Sudeste,RJ,Cartão de Crédito,Loja Física
2903,2025-12-19,Ideapad 3,Notebooks,Lenovo,2950.56,1,0.0,Norte,AM,Cartão de Crédito,Online
2904,2025-12-19,Mouse Sem Fio,Acessórios,Logitech,128.98,5,0.0,Sul,RS,Cartão de Crédito,Online
2905,2025-12-19,"Smart TV 43"" Full HD",TVs,TCL,1684.21,1,0.0,Nordeste,PE,Pix,Online
2906,2025-12-19,Teclado Mecânico,Acessórios,Redragon,238.01,3,0.1,Sudeste,SP,Cartão de Crédito,Online
2907,2025-12-19,Teclado Mecânico,Acessórios,Redragon,237.25,2,0.0,Norte,AM,Cartão de Crédito,Online
2908,2025-12-19,Teclado Mecânico,Acessórios,Redragon,257.96,3,0.2,Norte,AM,Pix,Online
2909,2025-12-20,Moto G84,Smartphones,Motorola,1459.86,1,0.15,Nordeste,BA,Cartão de Crédito,Online
2910,2025-12-20,Cabo USB-C 2m,Acessórios,Baseus,39.0,1,0.15,Sudeste,SP,Cartão de Crédito,Online
2911,2025-12-20,Apple Watch SE,Wearables,Apple,2511.09,2,0.05,Sudeste,RJ,Cartão de Crédito,Online
2912,2025-12-21,Fone Bluetooth Redmi Buds,Áudio,Xiaomi,197.69,5,0.05,Norte,AM,Pix,Online
2913,2025-12-21,Galaxy S24,Smartphones,Samsung,4708.12,1,0.1,Centro-Oeste,DF,Cartão de Crédito,Online
2914,2025-12-21,Cabo USB-C 2m,Acessórios,Baseus,38.99,3,0.0,Sudeste,SP,Cartão de Crédito,Online
2915,2025-12-21,JBL Charge 5,Áudio,JBL,949.93,1,0.0,Sudeste,RJ,Pix,Online
2916,2025-12-21,Cabo USB-C 2m,Acessórios,Baseus,38.97,3,0.1,Nordeste,BA,Cartão de Débito,Loja Física
2917,2025-12-21,Cabo USB-C 2m,Acessórios,Baseus,40.21,4,0.15,Sul,RS,Cartão de Crédito,Online
2918,2025-12-21,JBL Charge 5,Áudio,JBL,979.96,1,0.0,Centro-Oeste,GO,Pix,Online
2919,2025-12-22,Moto G84,Smartphones,Motorola,1489.69,1,0.0,Nordeste,CE,Pix,Online
2920,2025-12-22,Fone Bluetooth Redmi Buds,Áudio,Xiaomi,200.54,1,0.1,Nordeste,BA,Cartão de Crédito,Loja Física
2921,2025-12-22,Cabo USB-C 2m,Acessórios,Baseus,39.5,1,0.0,Nordeste,BA,Cartão de Débito,Loja Física
2922,2025-12-22,Mi Band 8,Wearables,Xiaomi,284.42,3,0.0,Sudeste,SP,Cartão de Débito,Online
2923,2025-12-22,Fone Bluetooth Redmi Buds,Áudio,Xiaomi,201.64,2,0.1,Nordeste,PI,Cartão de Crédito,Online
2924,2025-12-22,"Smart TV 50"" 4K",TVs,Samsung,2915.54,1,0.0,Sul,RS,Cartão de Débito,Online
2925,2025-12-22,Cabo USB-C 2m,Acessórios,Baseus,40.84,3,0.1,Sudeste,SP,Cartão de Crédito,Loja Física
2926,2025-12-23,Carregador Turbo 65W,Acessórios,Anker,151.83,2,0.0,Nordeste,BA,Cartão de Crédito,Online
2927,2025-12-23,Carregador Turbo 65W,Acessórios,Anker,153.54,1,0.0,Nordeste,BA,Pix,Online
2928,2025-12-23,Cabo USB-C 2m,Acessórios,Baseus,40.2,1,0.0,Sudeste,MG,Cartão de Débito,Loja Física
2929,2025-12-23,PlayStation 5,Games,Sony,4150.86,1,0.0,Sul,SC,Cartão de Crédito,Online
2930,2025-12-23,Ideapad 3,Notebooks,Lenovo,3023.99,1,0.05,Sul,PR,Boleto,Online
2931,2025-12-23,Mouse Sem Fio,Acessórios,Logitech,128.64,1,0.1,Nordeste,BA,Boleto,Online
2932,2025-12-23,Apple Watch SE,Wearables,Apple,2550.58,1,0.0,Sudeste,RJ,Cartão de Débito,Loja Física
2933,2025-12-23,Galaxy Watch 6,Wearables,Samsung,1785.69,3,0.0,Sudeste,SP,Boleto,Online
2934,2025-12-23,Cabo USB-C 2m,Acessórios,Baseus,38.08,1,0.05,Nordeste,PI,Cartão de Crédito,Online
2935,2025-12-24,Mouse Sem Fio,Acessórios,Logitech,123.75,3,0.05,Sul,PR,Pix,Loja Física
2936,2025-12-24,Xbox Series S,Games,Microsoft,2561.41,2,0.15,Sudeste,SP,Cartão de Débito,Online
2937,2025-12-24,Galaxy S24,Smartphones,Samsung,4661.63,1,0.1,Centro-Oeste,MT,Cartão de Crédito,Online
2938,2025-12-24,Mi Band 8,Wearables,Xiaomi,287.53,2,0.05,Nordeste,BA,Cartão de Crédito,Online
2939,2025-12-24,Carregador Turbo 65W,Acessórios,Anker,146.23,1,0.05,Sul,SC,Cartão de Crédito,Online
2940,2025-12-25,PlayStation 5,Games,Sony,4094.93,2,0.05,Sul,PR,Cartão de Crédito,Loja Física
2941,2025-12-25,AirPods Pro,Áudio,Apple,1904.36,1,0.0,Sudeste,RJ,Pix,Loja Física
2942,2025-12-25,Fone Bluetooth Redmi Buds,Áudio,Xiaomi,202.09,2,0.0,Sul,PR,Cartão de Crédito,Online
2943,2025-12-25,Redmi Note 13,Smartphones,Xiaomi,1650.44,1,0.0,Sudeste,RJ,Cartão de Débito,Online
2944,2025-12-25,Apple Watch SE,Wearables,Apple,2394.92,2,0.15,Centro-Oeste,DF,Cartão de Crédito,Online
2945,2025-12-25,Mouse Sem Fio,Acessórios,Logitech,123.99,1,0.0,Sudeste,SP,Cartão de Crédito,Loja Física
2946,2025-12-25,Carregador Turbo 65W,Acessórios,Anker,145.44,3,0.0,Sudeste,SP,Cartão de Crédito,Online
2947,2025-12-25,AirPods Pro,Áudio,Apple,1804.6,1,0.0,Sudeste,MG,Cartão de Crédito,Loja Física
2948,2025-12-26,Ideapad 3,Notebooks,Lenovo,2868.05,1,0.0,Sudeste,SP,Cartão de Débito,Online
2949,2025-12-26,"Smart TV 50"" 4K",TVs,Samsung,2801.65,1,0.0,Norte,PA,Cartão de Crédito,Online
2950,2025-12-26,Carregador Turbo 65W,Acessórios,Anker,154.62,2,0.05,Sudeste,RJ,Cartão de Débito,Online
2951,2025-12-26,Moto G84,Smartphones,Motorola,1535.63,1,0.0,Sudeste,SP,Cartão de Crédito,Online
2952,2025-12-26,iPhone 15,Smartphones,Apple,5440.49,1,0.0,Centro-Oeste,GO,Pix,Loja Física
2953,2025-12-26,Apple Watch SE,Wearables,Apple,2394.91,1,0.0,Nordeste,PI,Pix,Loja Física
2954,2025-12-26,Mouse Sem Fio,Acessórios,Logitech,131.14,1,0.05,Sudeste,MG,Pix,Online
2955,2025-12-26,Carregador Turbo 65W,Acessórios,Anker,143.61,2,0.0,Sudeste,SP,Cartão de Débito,Loja Física
2956,2025-12-26,Moto G84,Smartphones,Motorola,1569.96,1,0.05,Nordeste,PE,Cartão de Crédito,Online
2957,2025-12-26,Cabo USB-C 2m,Acessórios,Baseus,37.19,1,0.05,Nordeste,PE,Pix,Online
2958,2025-12-27,Mouse Sem Fio,Acessórios,Logitech,134.06,5,0.0,Sudeste,SP,Pix,Loja Física
2959,2025-12-27,Aspire 5,Notebooks,Acer,2887.21,1,0.0,Sul,RS,Cartão de Crédito,Online
2960,2025-12-27,Ideapad 3,Notebooks,Lenovo,2904.22,1,0.0,Sul,PR,Pix,Loja Física
2961,2025-12-27,Ideapad 3,Notebooks,Lenovo,2986.05,1,0.15,Nordeste,BA,Cartão de Crédito,Online
2962,2025-12-27,Moto G84,Smartphones,Motorola,1569.28,1,0.0,Sudeste,MG,Cartão de Crédito,Online
2963,2025-12-27,"Smart TV 43"" Full HD",TVs,TCL,1766.2,1,0.05,Nordeste,PI,Cartão de Crédito,Online
2964,2025-12-27,Mi Band 8,Wearables,Xiaomi,305.8,1,0.0,Nordeste,PI,Pix,Online
2965,2025-12-27,Redmi Note 13,Smartphones,Xiaomi,1669.26,1,0.1,Nordeste,BA,Pix,Online
2966,2025-12-28,Mouse Sem Fio,Acessórios,Logitech,126.48,1,0.0,Nordeste,PE,Pix,Loja Física
2967,2025-12-28,"Smart TV 55"" OLED",TVs,LG,5901.38,1,0.15,Nordeste,PI,Pix,Loja Física
2968,2025-12-28,Mouse Sem Fio,Acessórios,Logitech,126.71,1,0.0,Sudeste,SP,Pix,Loja Física
2969,2025-12-28,Fone Bluetooth Redmi Buds,Áudio,Xiaomi,195.78,2,0.0,Norte,PA,Pix,Loja Física
2970,2025-12-28,Cabo USB-C 2m,Acessórios,Baseus,40.12,3,0.0,Sudeste,RJ,Pix,Online
2971,2025-12-28,Carregador Turbo 65W,Acessórios,Anker,142.73,1,0.05,Centro-Oeste,GO,Cartão de Crédito,Online
2972,2025-12-28,Nintendo Switch,Games,Nintendo,2709.82,1,0.15,Sul,PR,Pix,Online
2973,2025-12-28,"Smart TV 50"" 4K",TVs,Samsung,2894.14,1,0.0,Sudeste,SP,Pix,Online
2974,2025-12-28,Teclado Mecânico,Acessórios,Redragon,237.95,3,0.05,Sudeste,SP,Boleto,Loja Física
2975,2025-12-28,"Smart TV 43"" Full HD",TVs,TCL,1675.08,2,0.0,Nordeste,BA,Cartão de Crédito,Online
2976,2025-12-29,"Smart TV 43"" Full HD",TVs,TCL,1760.82,1,0.05,Sudeste,SP,Pix,Loja Física
2977,2025-12-29,Mouse Sem Fio,Acessórios,Logitech,123.05,3,0.1,Nordeste,BA,Pix,Loja Física
2978,2025-12-29,Nintendo Switch,Games,Nintendo,2805.53,1,0.05,Sudeste,RJ,Pix,Online
2979,2025-12-29,JBL Charge 5,Áudio,JBL,955.31,1,0.0,Sudeste,SP,Pix,Online
2980,2025-12-29,Cabo USB-C 2m,Acessórios,Baseus,37.65,3,0.2,Centro-Oeste,MT,Cartão de Crédito,Online
2981,2025-12-29,JBL Charge 5,Áudio,JBL,969.67,2,0.0,Sudeste,RJ,Cartão de Crédito,Loja Física
2982,2025-12-29,AirPods Pro,Áudio,Apple,1941.96,2,0.05,Nordeste,CE,Cartão de Crédito,Online
2983,2025-12-29,Ideapad 3,Notebooks,Lenovo,2833.65,1,0.0,Sudeste,SP,Pix,Loja Física
2984,2025-12-29,JBL Charge 5,Áudio,JBL,950.86,2,0.0,Norte,AM,Cartão de Débito,Online
2985,2025-12-30,Mouse Sem Fio,Acessórios,Logitech,132.79,2,0.05,Sudeste,SP,Pix,Loja Física
2986,2025-12-30,Redmi Note 13,Smartphones,Xiaomi,1743.88,1,0.0,Sudeste,SP,Cartão de Débito,Loja Física
2987,2025-12-30,Mouse Sem Fio,Acessórios,Logitech,125.06,4,0.05,Sudeste,ES,Pix,Online
2988,2025-12-30,"Smart TV 50"" 4K",TVs,Samsung,2673.31,3,0.1,Sudeste,SP,Cartão de Crédito,Online
2989,2025-12-30,Redmi Note 13,Smartphones,Xiaomi,1618.53,1,0.1,Sul,PR,Boleto,Online
2990,2025-12-30,Cabo USB-C 2m,Acessórios,Baseus,38.39,1,0.0,Sudeste,SP,Cartão de Crédito,Loja Física
2991,2025-12-30,"Smart TV 50"" 4K",TVs,Samsung,2801.8,1,0.05,Nordeste,CE,Pix,Online
2992,2025-12-31,Carregador Turbo 65W,Acessórios,Anker,148.26,4,0.0,Sudeste,MG,Cartão de Crédito,Online
2993,2025-12-31,AirPods Pro,Áudio,Apple,1885.45,1,0.1,Nordeste,BA,Cartão de Débito,Loja Física
2994,2025-12-31,JBL Charge 5,Áudio,JBL,990.04,1,0.0,Sudeste,MG,Pix,Loja Física
2995,2025-12-31,Nintendo Switch,Games,Nintendo,2612.0,1,0.05,Centro-Oeste,MT,Pix,Online
2996,2025-12-31,Moto G84,Smartphones,Motorola,1455.8,1,0.0,Centro-Oeste,GO,Cartão de Crédito,Loja Física
2997,2025-12-31,Redmi Note 13,Smartphones,Xiaomi,1695.09,1,0.2,Sul,PR,Cartão de Crédito,Loja Física
2998,2025-12-31,Mouse Sem Fio,Acessórios,Logitech,132.77,1,0.0,Sudeste,MG,Cartão de Crédito,Loja Física
2999,2025-12-31,Teclado Mecânico,Acessórios,Redragon,259.31,1,0.1,Sudeste,MG,Cartão de Crédito,Loja Física
3000,2025-12-31,Mouse Sem Fio,Acessórios,Logitech,126.9,4,0.1,Sudeste,RJ,Cartão de Crédito,Online
1802,2025-04-20,Cabo USB-C 2m,Acessórios,Baseus,39.71,1,0.0,Sudeste,RJ,Cartão de Crédito,Online
1191,2024-11-26,Cabo USB-C 2m,Acessórios,Baseus,37.13,2,0.15,Nordeste,PI,Cartão de Débito,Loja Física
1818,2025-04-25,Carregador Turbo 65W,Acessórios,Anker,154.16,4,0.1,Nordeste,CE,Pix,Loja Física
252,2024-04-01,"Smart TV 43"" Full HD",TVs,TCL,1705.54,1,0.05,Nordeste,PE,Cartão de Débito,Online
2506,2025-10-21,Ideapad 3,Notebooks,Lenovo,3019.79,3,0.1,Sudeste,SP,Cartão de Crédito,Online
1118,2024-11-16,"Smart TV 50"" 4K",TVs,Samsung,2800.2,1,0.1,Sudeste,RJ,Boleto,Online
1412,2024-12-29,Teclado Mecânico,Acessórios,Redragon,247.03,1,0.05,Sul,RS,Cartão de Débito,Online
2114,2025-07-11,AirPods Pro,Áudio,Apple,1984.29,1,0.0,Sudeste,SP,Cartão de Crédito,Loja Física
409,2024-05-10,Galaxy S24,Smartphones,Samsung,4531.93,1,0.0,Centro-Oeste,DF,Boleto,Loja Física
2580,2025-11-04,Cabo USB-C 2m,Acessórios,Baseus,39.73,1,0.2,Norte,PA,Cartão de Crédito,Online
